customer_id,month,sessions,support_tickets,active_flag
C00001,2026-03-01,9,0,1
C00001,2026-04-01,0,1,0
C00001,2026-05-01,10,1,1
C00001,2026-06-01,12,0,1
C00002,2025-03-01,8,0,1
C00002,2025-04-01,2,1,0
C00002,2025-05-01,1,0,0
C00002,2025-06-01,8,0,1
C00002,2025-07-01,7,0,1
C00002,2025-08-01,15,0,1
C00002,2025-09-01,4,0,1
C00002,2025-10-01,1,1,0
C00002,2025-11-01,6,0,1
C00002,2025-12-01,4,0,1
C00002,2026-01-01,2,0,0
C00002,2026-02-01,8,0,1
C00002,2026-03-01,2,0,0
C00002,2026-04-01,6,0,1
C00002,2026-05-01,2,1,0
C00002,2026-06-01,7,0,1
C00003,2026-04-01,1,0,0
C00003,2026-05-01,4,1,1
C00003,2026-06-01,5,0,1
C00004,2026-05-01,6,0,1
C00004,2026-06-01,6,0,1
C00005,2025-11-01,4,0,1
C00005,2025-12-01,10,1,1
C00005,2026-01-01,4,1,1
C00005,2026-02-01,9,1,1
C00005,2026-03-01,9,1,1
C00005,2026-04-01,0,1,0
C00005,2026-05-01,8,0,1
C00005,2026-06-01,8,1,1
C00006,2025-05-01,6,0,1
C00006,2025-06-01,0,0,0
C00006,2025-07-01,4,2,0
C00006,2025-08-01,8,0,1
C00006,2025-09-01,10,1,1
C00006,2025-10-01,6,0,1
C00006,2025-11-01,7,1,1
C00006,2025-12-01,7,0,1
C00006,2026-01-01,0,0,0
C00006,2026-02-01,1,0,0
C00006,2026-03-01,10,0,1
C00006,2026-04-01,0,0,0
C00006,2026-05-01,2,0,0
C00006,2026-06-01,4,0,1
C00007,2026-02-01,3,0,1
C00007,2026-03-01,1,1,0
C00007,2026-04-01,0,0,0
C00007,2026-05-01,5,0,1
C00007,2026-06-01,0,0,0
C00008,2026-02-01,1,1,0
C00008,2026-03-01,3,0,0
C00008,2026-04-01,7,0,1
C00008,2026-05-01,3,1,0
C00008,2026-06-01,7,1,1
C00009,2025-12-01,8,0,1
C00009,2026-01-01,6,0,1
C00009,2026-02-01,1,0,0
C00009,2026-03-01,0,0,0
C00009,2026-04-01,2,0,0
C00009,2026-05-01,3,0,1
C00009,2026-06-01,8,0,1
C00010,2026-01-01,7,0,1
C00010,2026-02-01,0,0,0
C00010,2026-03-01,7,1,1
C00010,2026-04-01,3,0,1
C00010,2026-05-01,1,0,0
C00010,2026-06-01,0,0,0
C00011,2026-05-01,7,0,1
C00011,2026-06-01,2,0,0
C00012,2025-08-01,4,1,1
C00012,2025-09-01,6,1,1
C00012,2025-10-01,7,1,1
C00012,2025-11-01,11,0,1
C00012,2025-12-01,0,0,0
C00012,2026-01-01,11,0,1
C00012,2026-02-01,5,1,1
C00012,2026-03-01,0,0,0
C00012,2026-04-01,0,1,0
C00012,2026-05-01,0,0,0
C00012,2026-06-01,3,1,1
C00013,2026-03-01,5,0,1
C00013,2026-04-01,2,0,0
C00013,2026-05-01,4,0,1
C00013,2026-06-01,9,1,1
C00014,2025-12-01,6,0,1
C00014,2026-01-01,6,1,1
C00014,2026-02-01,3,0,1
C00014,2026-03-01,1,0,0
C00014,2026-04-01,11,1,1
C00014,2026-05-01,9,0,1
C00014,2026-06-01,2,0,0
C00015,2025-07-01,6,0,1
C00015,2025-08-01,4,0,1
C00015,2025-09-01,4,1,1
C00015,2025-10-01,9,0,1
C00015,2025-11-01,4,0,1
C00015,2025-12-01,0,0,0
C00015,2026-01-01,0,0,0
C00015,2026-02-01,9,0,1
C00015,2026-03-01,4,0,1
C00015,2026-04-01,5,0,1
C00015,2026-05-01,1,0,0
C00015,2026-06-01,7,1,1
C00016,2026-02-01,0,0,0
C00016,2026-03-01,8,0,1
C00016,2026-04-01,1,3,0
C00016,2026-05-01,4,2,1
C00016,2026-06-01,13,1,1
C00017,2025-09-01,7,0,1
C00017,2025-10-01,1,1,0
C00017,2025-11-01,1,0,0
C00017,2025-12-01,2,0,0
C00017,2026-01-01,7,0,1
C00017,2026-02-01,11,0,1
C00017,2026-03-01,7,0,1
C00017,2026-04-01,5,0,1
C00017,2026-05-01,5,0,1
C00017,2026-06-01,10,1,1
C00018,2025-11-01,9,1,1
C00018,2025-12-01,7,2,1
C00018,2026-01-01,0,0,0
C00018,2026-02-01,1,0,0
C00018,2026-03-01,6,1,1
C00018,2026-04-01,0,0,0
C00018,2026-05-01,10,0,1
C00018,2026-06-01,0,0,0
C00019,2026-04-01,9,1,1
C00019,2026-05-01,12,0,1
C00019,2026-06-01,0,0,0
C00020,2025-02-01,8,0,1
C00020,2025-03-01,11,0,1
C00020,2025-04-01,3,2,0
C00020,2025-05-01,7,1,1
C00020,2025-06-01,1,0,0
C00020,2025-07-01,13,1,1
C00020,2025-08-01,10,0,1
C00020,2025-09-01,4,0,1
C00020,2025-10-01,1,0,0
C00020,2025-11-01,0,1,0
C00020,2025-12-01,8,0,1
C00020,2026-01-01,0,0,0
C00020,2026-02-01,7,0,1
C00020,2026-03-01,0,0,0
C00020,2026-04-01,10,0,1
C00020,2026-05-01,4,0,1
C00020,2026-06-01,1,0,0
C00021,2026-02-01,6,0,1
C00021,2026-03-01,1,0,0
C00021,2026-04-01,0,0,0
C00021,2026-05-01,1,0,0
C00021,2026-06-01,5,0,1
C00022,2025-04-01,3,0,0
C00022,2025-05-01,5,0,1
C00022,2025-06-01,9,0,1
C00022,2025-07-01,3,0,1
C00022,2025-08-01,7,0,1
C00022,2025-09-01,4,1,1
C00022,2025-10-01,5,2,1
C00022,2025-11-01,6,0,1
C00022,2025-12-01,9,0,1
C00022,2026-01-01,2,0,0
C00022,2026-02-01,4,0,1
C00022,2026-03-01,8,1,1
C00022,2026-04-01,1,1,0
C00022,2026-05-01,6,0,1
C00022,2026-06-01,9,0,1
C00023,2025-03-01,7,0,1
C00023,2025-04-01,7,1,1
C00023,2025-05-01,6,0,1
C00023,2025-06-01,6,1,1
C00023,2025-07-01,7,0,1
C00023,2025-08-01,7,0,1
C00023,2025-09-01,2,2,1
C00023,2025-10-01,7,1,1
C00023,2025-11-01,7,0,1
C00023,2025-12-01,9,0,1
C00023,2026-01-01,7,1,1
C00023,2026-02-01,3,0,0
C00023,2026-03-01,7,0,1
C00023,2026-04-01,3,0,0
C00023,2026-05-01,8,0,1
C00023,2026-06-01,1,0,0
C00024,2025-07-01,2,0,0
C00024,2025-08-01,6,0,1
C00024,2025-09-01,4,0,1
C00024,2025-10-01,5,0,1
C00024,2025-11-01,5,1,1
C00024,2025-12-01,0,0,0
C00024,2026-01-01,1,0,0
C00024,2026-02-01,4,1,1
C00024,2026-03-01,4,1,1
C00024,2026-04-01,8,0,1
C00024,2026-05-01,7,0,1
C00024,2026-06-01,8,0,1
C00025,2025-02-01,0,0,0
C00025,2025-03-01,2,0,0
C00025,2025-04-01,6,0,1
C00025,2025-05-01,4,0,1
C00025,2025-06-01,0,2,0
C00025,2025-07-01,9,0,1
C00025,2025-08-01,6,0,1
C00025,2025-09-01,3,0,1
C00025,2025-10-01,8,0,1
C00025,2025-11-01,6,0,1
C00025,2025-12-01,6,0,1
C00025,2026-01-01,1,0,0
C00025,2026-02-01,5,1,0
C00025,2026-03-01,3,0,1
C00025,2026-04-01,9,0,1
C00025,2026-05-01,0,1,0
C00025,2026-06-01,0,1,0
C00026,2026-01-01,6,0,1
C00026,2026-02-01,3,0,1
C00026,2026-03-01,7,0,1
C00026,2026-04-01,12,0,1
C00026,2026-05-01,9,1,1
C00026,2026-06-01,0,1,0
C00027,2026-05-01,7,1,1
C00027,2026-06-01,6,0,1
C00028,2025-04-01,7,0,1
C00028,2025-05-01,1,0,0
C00028,2025-06-01,1,0,0
C00028,2025-07-01,13,0,1
C00028,2025-08-01,0,1,0
C00028,2025-09-01,9,0,1
C00028,2025-10-01,4,0,1
C00028,2025-11-01,2,0,0
C00028,2025-12-01,1,1,0
C00028,2026-01-01,10,1,1
C00028,2026-02-01,4,1,1
C00028,2026-03-01,2,0,0
C00028,2026-04-01,4,0,0
C00028,2026-05-01,0,1,0
C00028,2026-06-01,4,1,0
C00029,2025-05-01,0,1,0
C00029,2025-06-01,5,0,1
C00029,2025-07-01,9,0,1
C00029,2025-08-01,2,0,0
C00029,2025-09-01,2,0,1
C00029,2025-10-01,8,2,1
C00029,2025-11-01,6,1,1
C00029,2025-12-01,7,0,1
C00029,2026-01-01,8,1,1
C00029,2026-02-01,2,0,0
C00029,2026-03-01,13,0,1
C00029,2026-04-01,5,0,1
C00029,2026-05-01,0,1,0
C00029,2026-06-01,1,1,0
C00030,2025-04-01,7,0,1
C00030,2025-05-01,5,0,1
C00030,2025-06-01,6,0,1
C00030,2025-07-01,0,0,0
C00030,2025-08-01,2,0,0
C00030,2025-09-01,1,1,0
C00030,2025-10-01,0,0,0
C00030,2025-11-01,9,1,1
C00030,2025-12-01,9,2,1
C00030,2026-01-01,13,0,1
C00030,2026-02-01,0,0,0
C00030,2026-03-01,5,0,1
C00030,2026-04-01,1,0,0
C00030,2026-05-01,7,2,1
C00030,2026-06-01,2,0,1
C00031,2025-08-01,9,0,1
C00031,2025-09-01,10,0,1
C00031,2025-10-01,12,1,1
C00031,2025-11-01,5,1,1
C00031,2025-12-01,5,0,0
C00031,2026-01-01,6,1,1
C00031,2026-02-01,3,1,1
C00031,2026-03-01,10,0,1
C00031,2026-04-01,10,0,1
C00031,2026-05-01,1,1,0
C00031,2026-06-01,0,0,0
C00032,2025-07-01,6,0,1
C00032,2025-08-01,10,1,1
C00032,2025-09-01,1,0,0
C00032,2025-10-01,6,0,1
C00032,2025-11-01,5,0,1
C00032,2025-12-01,0,0,0
C00032,2026-01-01,14,0,1
C00032,2026-02-01,15,1,1
C00032,2026-03-01,8,0,1
C00032,2026-04-01,8,1,1
C00032,2026-05-01,9,0,1
C00032,2026-06-01,5,0,1
C00033,2025-10-01,5,0,1
C00033,2025-11-01,7,1,1
C00033,2025-12-01,9,0,1
C00033,2026-01-01,13,1,1
C00033,2026-02-01,0,0,0
C00033,2026-03-01,9,0,1
C00033,2026-04-01,0,2,0
C00033,2026-05-01,7,1,1
C00033,2026-06-01,9,0,1
C00034,2026-02-01,6,0,1
C00034,2026-03-01,8,0,1
C00034,2026-04-01,9,0,1
C00034,2026-05-01,4,1,1
C00034,2026-06-01,8,0,1
C00035,2025-08-01,0,1,0
C00035,2025-09-01,9,0,1
C00035,2025-10-01,11,1,1
C00035,2025-11-01,11,0,1
C00035,2025-12-01,4,0,1
C00035,2026-01-01,4,0,1
C00035,2026-02-01,1,0,0
C00035,2026-03-01,9,0,1
C00035,2026-04-01,1,0,0
C00035,2026-05-01,1,0,0
C00035,2026-06-01,0,0,0
C00036,2025-02-01,6,0,1
C00036,2025-03-01,4,0,1
C00036,2025-04-01,7,0,1
C00036,2025-05-01,3,0,1
C00036,2025-06-01,10,0,1
C00036,2025-07-01,3,1,1
C00036,2025-08-01,8,0,1
C00036,2025-09-01,4,0,1
C00036,2025-10-01,1,0,0
C00036,2025-11-01,0,0,0
C00036,2025-12-01,6,2,1
C00036,2026-01-01,7,1,1
C00036,2026-02-01,0,1,0
C00036,2026-03-01,0,0,0
C00036,2026-04-01,9,0,1
C00036,2026-05-01,0,0,0
C00036,2026-06-01,2,0,0
C00037,2026-02-01,3,0,1
C00037,2026-03-01,5,0,1
C00037,2026-04-01,6,0,1
C00037,2026-05-01,5,0,1
C00037,2026-06-01,6,0,1
C00038,2026-04-01,0,2,0
C00038,2026-05-01,10,1,1
C00038,2026-06-01,8,0,1
C00039,2025-07-01,3,0,1
C00039,2025-08-01,11,0,1
C00039,2025-09-01,3,0,0
C00039,2025-10-01,5,1,1
C00039,2025-11-01,4,1,1
C00039,2025-12-01,8,1,1
C00039,2026-01-01,8,0,1
C00039,2026-02-01,7,0,1
C00039,2026-03-01,9,2,1
C00039,2026-04-01,10,1,1
C00039,2026-05-01,6,0,1
C00039,2026-06-01,7,0,1
C00040,2025-12-01,7,1,1
C00040,2026-01-01,3,1,0
C00040,2026-02-01,8,0,1
C00040,2026-03-01,6,0,1
C00040,2026-04-01,7,0,1
C00040,2026-05-01,1,0,0
C00040,2026-06-01,7,0,1
C00041,2025-05-01,0,1,0
C00041,2025-06-01,9,0,1
C00041,2025-07-01,3,0,1
C00041,2025-08-01,1,1,0
C00041,2025-09-01,5,0,1
C00041,2025-10-01,6,0,1
C00041,2025-11-01,9,2,1
C00041,2025-12-01,9,1,1
C00041,2026-01-01,0,1,0
C00041,2026-02-01,1,0,0
C00041,2026-03-01,0,1,0
C00041,2026-04-01,9,0,1
C00041,2026-05-01,3,0,1
C00041,2026-06-01,4,1,1
C00042,2025-12-01,3,1,0
C00042,2026-01-01,9,0,1
C00042,2026-02-01,8,0,1
C00042,2026-03-01,2,0,0
C00042,2026-04-01,0,0,0
C00042,2026-05-01,1,0,0
C00042,2026-06-01,1,0,0
C00043,2025-07-01,10,0,1
C00043,2025-08-01,7,0,1
C00043,2025-09-01,4,1,1
C00043,2025-10-01,1,1,0
C00043,2025-11-01,13,0,1
C00043,2025-12-01,6,0,1
C00043,2026-01-01,4,0,1
C00043,2026-02-01,8,0,1
C00043,2026-03-01,5,1,1
C00043,2026-04-01,1,0,0
C00043,2026-05-01,1,1,1
C00043,2026-06-01,2,0,1
C00044,2025-11-01,5,1,1
C00044,2025-12-01,3,0,0
C00044,2026-01-01,3,0,1
C00044,2026-02-01,7,0,1
C00044,2026-03-01,13,0,1
C00044,2026-04-01,6,0,1
C00044,2026-05-01,10,0,1
C00044,2026-06-01,0,1,0
C00045,2026-04-01,11,0,1
C00045,2026-05-01,14,1,1
C00045,2026-06-01,1,0,0
C00046,2025-08-01,8,1,1
C00046,2025-09-01,6,0,1
C00046,2025-10-01,7,0,1
C00046,2025-11-01,1,0,0
C00046,2025-12-01,5,1,1
C00046,2026-01-01,2,0,0
C00046,2026-02-01,2,0,1
C00046,2026-03-01,9,0,1
C00046,2026-04-01,0,0,0
C00046,2026-05-01,6,0,1
C00046,2026-06-01,6,0,1
C00047,2025-04-01,3,1,1
C00047,2025-05-01,11,0,1
C00047,2025-06-01,8,0,1
C00047,2025-07-01,6,0,1
C00047,2025-08-01,0,1,0
C00047,2025-09-01,5,0,1
C00047,2025-10-01,13,0,1
C00047,2025-11-01,9,0,1
C00047,2025-12-01,1,0,0
C00047,2026-01-01,8,0,1
C00047,2026-02-01,7,1,1
C00047,2026-03-01,1,0,0
C00047,2026-04-01,0,0,0
C00047,2026-05-01,8,0,1
C00047,2026-06-01,7,1,1
C00048,2025-02-01,6,0,1
C00048,2025-03-01,0,0,0
C00048,2025-04-01,6,0,1
C00048,2025-05-01,1,0,0
C00048,2025-06-01,1,1,0
C00048,2025-07-01,1,0,0
C00048,2025-08-01,0,0,0
C00048,2025-09-01,9,0,1
C00048,2025-10-01,8,0,1
C00048,2025-11-01,1,0,0
C00048,2025-12-01,14,0,1
C00048,2026-01-01,0,0,0
C00048,2026-02-01,1,0,0
C00048,2026-03-01,3,0,0
C00048,2026-04-01,2,0,1
C00048,2026-05-01,8,1,1
C00048,2026-06-01,1,0,0
C00049,2025-12-01,5,0,1
C00049,2026-01-01,7,0,1
C00049,2026-02-01,7,1,1
C00049,2026-03-01,2,0,0
C00049,2026-04-01,4,1,1
C00049,2026-05-01,6,1,1
C00049,2026-06-01,10,0,1
C00050,2025-05-01,7,0,1
C00050,2025-06-01,6,0,1
C00050,2025-07-01,1,0,0
C00050,2025-08-01,9,1,1
C00050,2025-09-01,6,0,1
C00050,2025-10-01,1,1,0
C00050,2025-11-01,10,0,1
C00050,2025-12-01,0,0,0
C00050,2026-01-01,2,0,0
C00050,2026-02-01,4,0,0
C00050,2026-03-01,4,0,1
C00050,2026-04-01,1,1,0
C00050,2026-05-01,1,1,0
C00050,2026-06-01,1,0,0
C00051,2025-06-01,7,0,1
C00051,2025-07-01,11,1,1
C00051,2025-08-01,8,0,1
C00051,2025-09-01,3,0,0
C00051,2025-10-01,6,2,1
C00051,2025-11-01,5,1,1
C00051,2025-12-01,0,0,0
C00051,2026-01-01,4,0,1
C00051,2026-02-01,5,1,1
C00051,2026-03-01,1,2,0
C00051,2026-04-01,1,0,0
C00051,2026-05-01,0,1,0
C00051,2026-06-01,7,1,1
C00052,2025-02-01,1,0,0
C00052,2025-03-01,5,0,1
C00052,2025-04-01,4,1,1
C00052,2025-05-01,1,0,0
C00052,2025-06-01,8,1,1
C00052,2025-07-01,5,0,1
C00052,2025-08-01,0,0,0
C00052,2025-09-01,0,0,0
C00052,2025-10-01,4,0,1
C00052,2025-11-01,0,1,0
C00052,2025-12-01,2,1,0
C00052,2026-01-01,2,1,1
C00052,2026-02-01,6,0,1
C00052,2026-03-01,1,0,0
C00052,2026-04-01,0,3,0
C00052,2026-05-01,1,0,0
C00052,2026-06-01,0,1,0
C00053,2025-02-01,7,0,1
C00053,2025-03-01,4,0,1
C00053,2025-04-01,8,0,1
C00053,2025-05-01,6,0,1
C00053,2025-06-01,6,0,1
C00053,2025-07-01,10,0,1
C00053,2025-08-01,8,0,1
C00053,2025-09-01,9,0,1
C00053,2025-10-01,7,0,1
C00053,2025-11-01,2,0,0
C00053,2025-12-01,6,0,1
C00053,2026-01-01,9,2,1
C00053,2026-02-01,0,1,0
C00053,2026-03-01,4,0,1
C00053,2026-04-01,5,1,1
C00053,2026-05-01,2,0,0
C00053,2026-06-01,1,0,0
C00054,2026-04-01,12,0,1
C00054,2026-05-01,10,0,1
C00054,2026-06-01,1,0,0
C00055,2025-06-01,11,0,1
C00055,2025-07-01,3,1,1
C00055,2025-08-01,3,0,1
C00055,2025-09-01,3,0,1
C00055,2025-10-01,3,0,1
C00055,2025-11-01,3,1,1
C00055,2025-12-01,11,1,1
C00055,2026-01-01,0,0,0
C00055,2026-02-01,5,0,1
C00055,2026-03-01,6,0,1
C00055,2026-04-01,0,0,0
C00055,2026-05-01,5,0,1
C00055,2026-06-01,11,1,1
C00056,2025-04-01,0,0,0
C00056,2025-05-01,6,0,1
C00056,2025-06-01,13,1,1
C00056,2025-07-01,7,0,1
C00056,2025-08-01,0,0,0
C00056,2025-09-01,5,0,1
C00056,2025-10-01,2,0,0
C00056,2025-11-01,1,0,0
C00056,2025-12-01,2,0,0
C00056,2026-01-01,11,0,1
C00056,2026-02-01,0,1,0
C00056,2026-03-01,9,0,1
C00056,2026-04-01,4,1,0
C00056,2026-05-01,1,0,0
C00056,2026-06-01,10,1,1
C00057,2026-05-01,8,0,1
C00057,2026-06-01,8,1,1
C00058,2025-06-01,10,0,1
C00058,2025-07-01,6,1,1
C00058,2025-08-01,2,0,0
C00058,2025-09-01,0,0,0
C00058,2025-10-01,6,0,1
C00058,2025-11-01,2,0,0
C00058,2025-12-01,8,0,1
C00058,2026-01-01,2,1,0
C00058,2026-02-01,0,0,0
C00058,2026-03-01,9,0,1
C00058,2026-04-01,0,0,0
C00058,2026-05-01,6,0,1
C00058,2026-06-01,3,0,0
C00059,2025-12-01,7,1,1
C00059,2026-01-01,8,0,1
C00059,2026-02-01,2,0,1
C00059,2026-03-01,0,1,0
C00059,2026-04-01,6,0,1
C00059,2026-05-01,7,1,1
C00059,2026-06-01,4,0,1
C00060,2025-06-01,9,0,1
C00060,2025-07-01,11,1,1
C00060,2025-08-01,4,1,1
C00060,2025-09-01,1,0,0
C00060,2025-10-01,7,0,1
C00060,2025-11-01,9,1,1
C00060,2025-12-01,8,0,1
C00060,2026-01-01,5,1,1
C00060,2026-02-01,2,0,0
C00060,2026-03-01,5,0,1
C00060,2026-04-01,0,0,0
C00060,2026-05-01,2,0,0
C00060,2026-06-01,10,1,1
C00061,2025-11-01,2,1,1
C00061,2025-12-01,5,0,1
C00061,2026-01-01,6,1,1
C00061,2026-02-01,0,0,0
C00061,2026-03-01,2,0,0
C00061,2026-04-01,8,0,1
C00061,2026-05-01,6,0,1
C00061,2026-06-01,0,1,0
C00062,2026-01-01,6,0,1
C00062,2026-02-01,1,0,0
C00062,2026-03-01,2,1,1
C00062,2026-04-01,11,0,1
C00062,2026-05-01,4,0,1
C00062,2026-06-01,9,1,1
C00063,2026-01-01,2,0,0
C00063,2026-02-01,8,2,1
C00063,2026-03-01,6,0,1
C00063,2026-04-01,0,0,0
C00063,2026-05-01,6,0,1
C00063,2026-06-01,6,0,1
C00064,2025-06-01,3,1,0
C00064,2025-07-01,1,1,0
C00064,2025-08-01,7,0,1
C00064,2025-09-01,5,1,1
C00064,2025-10-01,10,0,1
C00064,2025-11-01,0,2,0
C00064,2025-12-01,7,0,1
C00064,2026-01-01,1,0,0
C00064,2026-02-01,3,1,0
C00064,2026-03-01,3,0,0
C00064,2026-04-01,6,0,1
C00064,2026-05-01,0,1,0
C00064,2026-06-01,9,0,1
C00065,2026-04-01,7,0,1
C00065,2026-05-01,3,1,1
C00065,2026-06-01,0,1,0
C00066,2025-09-01,9,1,1
C00066,2025-10-01,8,0,1
C00066,2025-11-01,8,0,1
C00066,2025-12-01,4,0,1
C00066,2026-01-01,2,3,0
C00066,2026-02-01,9,0,1
C00066,2026-03-01,1,0,0
C00066,2026-04-01,1,0,0
C00066,2026-05-01,1,0,0
C00066,2026-06-01,6,0,1
C00067,2025-03-01,5,0,1
C00067,2025-04-01,8,0,1
C00067,2025-05-01,5,0,1
C00067,2025-06-01,2,1,0
C00067,2025-07-01,12,0,1
C00067,2025-08-01,3,1,0
C00067,2025-09-01,9,1,1
C00067,2025-10-01,1,0,0
C00067,2025-11-01,1,0,0
C00067,2025-12-01,0,0,0
C00067,2026-01-01,1,1,0
C00067,2026-02-01,0,0,0
C00067,2026-03-01,7,0,1
C00067,2026-04-01,6,0,1
C00067,2026-05-01,9,0,1
C00067,2026-06-01,3,0,0
C00068,2025-08-01,12,2,1
C00068,2025-09-01,1,0,0
C00068,2025-10-01,6,0,1
C00068,2025-11-01,7,0,1
C00068,2025-12-01,1,0,0
C00068,2026-01-01,1,0,0
C00068,2026-02-01,0,1,0
C00068,2026-03-01,5,0,1
C00068,2026-04-01,14,1,1
C00068,2026-05-01,2,0,0
C00068,2026-06-01,3,0,0
C00069,2025-08-01,4,0,1
C00069,2025-09-01,14,1,1
C00069,2025-10-01,10,0,1
C00069,2025-11-01,1,0,0
C00069,2025-12-01,5,0,1
C00069,2026-01-01,7,0,1
C00069,2026-02-01,1,0,0
C00069,2026-03-01,7,1,1
C00069,2026-04-01,7,0,1
C00069,2026-05-01,5,0,1
C00069,2026-06-01,1,0,0
C00070,2026-03-01,5,0,1
C00070,2026-04-01,5,0,1
C00070,2026-05-01,7,0,1
C00070,2026-06-01,4,0,1
C00071,2026-02-01,1,0,0
C00071,2026-03-01,4,2,1
C00071,2026-04-01,0,0,0
C00071,2026-05-01,6,0,1
C00071,2026-06-01,10,0,1
C00072,2025-03-01,0,1,0
C00072,2025-04-01,6,0,1
C00072,2025-05-01,12,0,1
C00072,2025-06-01,6,0,1
C00072,2025-07-01,7,0,1
C00072,2025-08-01,2,0,0
C00072,2025-09-01,0,1,0
C00072,2025-10-01,4,0,1
C00072,2025-11-01,6,1,1
C00072,2025-12-01,6,0,1
C00072,2026-01-01,3,0,1
C00072,2026-02-01,6,0,1
C00072,2026-03-01,13,1,1
C00072,2026-04-01,1,1,0
C00072,2026-05-01,9,0,1
C00072,2026-06-01,0,0,0
C00073,2025-05-01,8,0,1
C00073,2025-06-01,3,2,1
C00073,2025-07-01,1,1,0
C00073,2025-08-01,6,1,1
C00073,2025-09-01,5,0,1
C00073,2025-10-01,9,1,1
C00073,2025-11-01,7,0,1
C00073,2025-12-01,5,0,1
C00073,2026-01-01,6,1,1
C00073,2026-02-01,0,1,0
C00073,2026-03-01,6,0,1
C00073,2026-04-01,8,3,1
C00073,2026-05-01,3,0,1
C00073,2026-06-01,1,0,0
C00074,2025-11-01,2,0,0
C00074,2025-12-01,8,0,1
C00074,2026-01-01,1,1,0
C00074,2026-02-01,10,1,1
C00074,2026-03-01,10,0,1
C00074,2026-04-01,5,0,1
C00074,2026-05-01,6,2,1
C00074,2026-06-01,0,0,0
C00075,2025-02-01,0,0,0
C00075,2025-03-01,6,1,1
C00075,2025-04-01,2,0,0
C00075,2025-05-01,0,0,0
C00075,2025-06-01,1,1,0
C00075,2025-07-01,2,0,0
C00075,2025-08-01,1,1,0
C00075,2025-09-01,7,1,1
C00075,2025-10-01,5,1,1
C00075,2025-11-01,0,1,0
C00075,2025-12-01,11,1,1
C00075,2026-01-01,5,2,1
C00075,2026-02-01,10,0,1
C00075,2026-03-01,0,1,0
C00075,2026-04-01,1,0,0
C00075,2026-05-01,6,0,1
C00075,2026-06-01,10,1,1
C00076,2026-03-01,6,0,1
C00076,2026-04-01,6,1,1
C00076,2026-05-01,0,2,0
C00076,2026-06-01,5,0,1
C00077,2026-05-01,7,1,1
C00077,2026-06-01,2,0,0
C00078,2026-02-01,5,1,1
C00078,2026-03-01,6,0,1
C00078,2026-04-01,9,0,1
C00078,2026-05-01,7,0,1
C00078,2026-06-01,6,1,1
C00079,2025-12-01,8,0,1
C00079,2026-01-01,3,0,1
C00079,2026-02-01,8,0,1
C00079,2026-03-01,11,0,1
C00079,2026-04-01,1,1,0
C00079,2026-05-01,4,0,0
C00079,2026-06-01,1,0,0
C00080,2025-03-01,4,0,1
C00080,2025-04-01,10,0,1
C00080,2025-05-01,1,0,0
C00080,2025-06-01,3,0,0
C00080,2025-07-01,2,0,0
C00080,2025-08-01,10,0,1
C00080,2025-09-01,13,0,1
C00080,2025-10-01,8,1,1
C00080,2025-11-01,1,0,0
C00080,2025-12-01,13,0,1
C00080,2026-01-01,5,0,1
C00080,2026-02-01,5,0,1
C00080,2026-03-01,4,0,1
C00080,2026-04-01,2,0,0
C00080,2026-05-01,3,1,1
C00080,2026-06-01,1,0,0
C00081,2025-02-01,10,0,1
C00081,2025-03-01,1,0,0
C00081,2025-04-01,1,0,1
C00081,2025-05-01,6,0,1
C00081,2025-06-01,7,0,1
C00081,2025-07-01,4,1,1
C00081,2025-08-01,1,0,0
C00081,2025-09-01,4,0,0
C00081,2025-10-01,2,1,0
C00081,2025-11-01,7,0,1
C00081,2025-12-01,0,1,0
C00081,2026-01-01,0,0,0
C00081,2026-02-01,0,1,0
C00081,2026-03-01,5,0,1
C00081,2026-04-01,7,0,1
C00081,2026-05-01,7,0,1
C00081,2026-06-01,8,0,1
C00082,2025-11-01,1,0,0
C00082,2025-12-01,1,0,0
C00082,2026-01-01,7,1,1
C00082,2026-02-01,6,0,1
C00082,2026-03-01,0,0,0
C00082,2026-04-01,10,0,1
C00082,2026-05-01,2,0,0
C00082,2026-06-01,4,0,1
C00083,2025-05-01,8,0,1
C00083,2025-06-01,10,1,1
C00083,2025-07-01,1,0,0
C00083,2025-08-01,4,0,1
C00083,2025-09-01,2,1,0
C00083,2025-10-01,5,0,1
C00083,2025-11-01,1,1,0
C00083,2025-12-01,9,0,1
C00083,2026-01-01,10,1,1
C00083,2026-02-01,1,0,0
C00083,2026-03-01,0,1,0
C00083,2026-04-01,1,1,0
C00083,2026-05-01,5,1,1
C00083,2026-06-01,0,1,0
C00084,2026-05-01,5,1,1
C00084,2026-06-01,6,0,1
C00085,2025-03-01,2,0,0
C00085,2025-04-01,7,0,1
C00085,2025-05-01,5,0,1
C00085,2025-06-01,0,1,0
C00085,2025-07-01,5,2,1
C00085,2025-08-01,0,0,0
C00085,2025-09-01,4,0,1
C00085,2025-10-01,3,0,1
C00085,2025-11-01,7,0,1
C00085,2025-12-01,0,0,0
C00085,2026-01-01,7,0,1
C00085,2026-02-01,1,0,0
C00085,2026-03-01,3,0,1
C00085,2026-04-01,0,2,0
C00085,2026-05-01,5,0,1
C00085,2026-06-01,2,0,0
C00086,2025-05-01,8,0,1
C00086,2025-06-01,8,3,1
C00086,2025-07-01,2,0,0
C00086,2025-08-01,1,1,0
C00086,2025-09-01,2,2,0
C00086,2025-10-01,4,0,1
C00086,2025-11-01,5,0,1
C00086,2025-12-01,0,0,0
C00086,2026-01-01,5,0,1
C00086,2026-02-01,4,2,1
C00086,2026-03-01,1,1,0
C00086,2026-04-01,2,0,0
C00086,2026-05-01,1,0,0
C00086,2026-06-01,8,1,1
C00087,2025-03-01,6,0,1
C00087,2025-04-01,4,0,1
C00087,2025-05-01,5,1,1
C00087,2025-06-01,12,0,1
C00087,2025-07-01,9,1,1
C00087,2025-08-01,2,0,0
C00087,2025-09-01,5,1,1
C00087,2025-10-01,6,1,1
C00087,2025-11-01,0,0,0
C00087,2025-12-01,1,1,0
C00087,2026-01-01,10,0,1
C00087,2026-02-01,7,0,1
C00087,2026-03-01,6,0,1
C00087,2026-04-01,1,0,0
C00087,2026-05-01,4,0,1
C00087,2026-06-01,11,0,1
C00088,2025-08-01,5,0,1
C00088,2025-09-01,7,0,1
C00088,2025-10-01,1,0,0
C00088,2025-11-01,0,1,0
C00088,2025-12-01,16,1,1
C00088,2026-01-01,1,0,0
C00088,2026-02-01,5,1,1
C00088,2026-03-01,7,0,1
C00088,2026-04-01,6,1,1
C00088,2026-05-01,7,0,1
C00088,2026-06-01,0,0,0
C00089,2025-09-01,5,1,1
C00089,2025-10-01,7,0,1
C00089,2025-11-01,1,1,0
C00089,2025-12-01,5,1,1
C00089,2026-01-01,7,0,1
C00089,2026-02-01,12,0,1
C00089,2026-03-01,6,0,1
C00089,2026-04-01,1,0,0
C00089,2026-05-01,2,0,0
C00089,2026-06-01,7,0,1
C00090,2025-08-01,9,0,1
C00090,2025-09-01,10,0,1
C00090,2025-10-01,2,1,0
C00090,2025-11-01,1,1,0
C00090,2025-12-01,0,1,0
C00090,2026-01-01,9,0,1
C00090,2026-02-01,6,1,1
C00090,2026-03-01,9,0,1
C00090,2026-04-01,1,1,0
C00090,2026-05-01,7,0,1
C00090,2026-06-01,5,1,1
C00091,2025-04-01,1,1,0
C00091,2025-05-01,9,0,1
C00091,2025-06-01,1,0,0
C00091,2025-07-01,4,1,1
C00091,2025-08-01,5,0,1
C00091,2025-09-01,7,1,1
C00091,2025-10-01,0,0,0
C00091,2025-11-01,0,0,0
C00091,2025-12-01,5,2,1
C00091,2026-01-01,1,0,0
C00091,2026-02-01,9,0,1
C00091,2026-03-01,1,1,0
C00091,2026-04-01,7,0,1
C00091,2026-05-01,2,2,0
C00091,2026-06-01,0,0,0
C00092,2025-12-01,3,0,1
C00092,2026-01-01,6,1,1
C00092,2026-02-01,0,0,0
C00092,2026-03-01,9,0,1
C00092,2026-04-01,2,0,0
C00092,2026-05-01,5,0,1
C00092,2026-06-01,11,0,1
C00093,2025-06-01,3,0,1
C00093,2025-07-01,5,0,1
C00093,2025-08-01,3,0,1
C00093,2025-09-01,3,1,0
C00093,2025-10-01,1,0,0
C00093,2025-11-01,8,0,1
C00093,2025-12-01,0,1,0
C00093,2026-01-01,10,2,1
C00093,2026-02-01,2,1,0
C00093,2026-03-01,3,1,1
C00093,2026-04-01,0,1,0
C00093,2026-05-01,15,0,1
C00093,2026-06-01,13,0,1
C00094,2025-03-01,10,0,1
C00094,2025-04-01,8,2,1
C00094,2025-05-01,11,0,1
C00094,2025-06-01,2,0,0
C00094,2025-07-01,6,0,1
C00094,2025-08-01,6,1,1
C00094,2025-09-01,1,0,0
C00094,2025-10-01,0,0,0
C00094,2025-11-01,8,0,1
C00094,2025-12-01,4,0,1
C00094,2026-01-01,4,0,1
C00094,2026-02-01,0,0,0
C00094,2026-03-01,3,0,0
C00094,2026-04-01,8,2,1
C00094,2026-05-01,3,1,1
C00094,2026-06-01,1,0,0
C00095,2026-02-01,9,0,1
C00095,2026-03-01,11,0,1
C00095,2026-04-01,0,0,0
C00095,2026-05-01,9,1,1
C00095,2026-06-01,7,1,1
C00096,2025-05-01,2,0,0
C00096,2025-06-01,0,0,0
C00096,2025-07-01,2,0,0
C00096,2025-08-01,6,1,1
C00096,2025-09-01,8,1,1
C00096,2025-10-01,1,0,0
C00096,2025-11-01,0,0,0
C00096,2025-12-01,1,0,0
C00096,2026-01-01,9,0,1
C00096,2026-02-01,2,0,0
C00096,2026-03-01,7,0,1
C00096,2026-04-01,13,0,1
C00096,2026-05-01,2,1,1
C00096,2026-06-01,0,0,0
C00097,2026-01-01,1,0,0
C00097,2026-02-01,8,0,1
C00097,2026-03-01,5,0,1
C00097,2026-04-01,8,0,1
C00097,2026-05-01,4,0,1
C00097,2026-06-01,1,0,0
C00098,2025-04-01,1,0,0
C00098,2025-05-01,5,0,1
C00098,2025-06-01,3,1,0
C00098,2025-07-01,1,1,0
C00098,2025-08-01,1,0,0
C00098,2025-09-01,8,0,1
C00098,2025-10-01,0,0,0
C00098,2025-11-01,8,0,1
C00098,2025-12-01,5,1,1
C00098,2026-01-01,6,0,1
C00098,2026-02-01,12,2,1
C00098,2026-03-01,2,0,1
C00098,2026-04-01,8,1,1
C00098,2026-05-01,0,0,0
C00098,2026-06-01,4,1,1
C00099,2025-11-01,6,0,1
C00099,2025-12-01,2,0,0
C00099,2026-01-01,0,0,0
C00099,2026-02-01,3,1,1
C00099,2026-03-01,7,0,1
C00099,2026-04-01,1,0,0
C00099,2026-05-01,3,0,0
C00099,2026-06-01,0,0,0
C00100,2025-05-01,7,0,1
C00100,2025-06-01,1,0,0
C00100,2025-07-01,11,0,1
C00100,2025-08-01,5,1,1
C00100,2025-09-01,0,1,0
C00100,2025-10-01,2,0,0
C00100,2025-11-01,0,0,0
C00100,2025-12-01,5,2,1
C00100,2026-01-01,3,1,0
C00100,2026-02-01,8,0,1
C00100,2026-03-01,4,0,0
C00100,2026-04-01,7,0,1
C00100,2026-05-01,2,0,0
C00100,2026-06-01,9,1,1
C00101,2025-08-01,7,0,1
C00101,2025-09-01,0,0,0
C00101,2025-10-01,1,0,0
C00101,2025-11-01,6,1,1
C00101,2025-12-01,10,0,1
C00101,2026-01-01,1,0,0
C00101,2026-02-01,10,0,1
C00101,2026-03-01,0,0,0
C00101,2026-04-01,1,0,0
C00101,2026-05-01,1,0,0
C00101,2026-06-01,2,0,0
C00102,2025-12-01,10,1,1
C00102,2026-01-01,5,0,1
C00102,2026-02-01,6,0,1
C00102,2026-03-01,7,1,1
C00102,2026-04-01,4,0,1
C00102,2026-05-01,4,0,0
C00102,2026-06-01,6,0,1
C00103,2026-03-01,3,1,1
C00103,2026-04-01,0,0,0
C00103,2026-05-01,2,0,0
C00103,2026-06-01,12,1,1
C00104,2025-07-01,4,0,1
C00104,2025-08-01,6,0,1
C00104,2025-09-01,0,1,0
C00104,2025-10-01,1,0,0
C00104,2025-11-01,1,0,0
C00104,2025-12-01,1,1,0
C00104,2026-01-01,1,0,0
C00104,2026-02-01,2,0,0
C00104,2026-03-01,2,0,0
C00104,2026-04-01,0,0,0
C00104,2026-05-01,16,0,1
C00104,2026-06-01,5,0,1
C00105,2025-03-01,0,2,0
C00105,2025-04-01,10,0,1
C00105,2025-05-01,5,1,1
C00105,2025-06-01,9,1,1
C00105,2025-07-01,4,0,1
C00105,2025-08-01,0,1,0
C00105,2025-09-01,6,0,1
C00105,2025-10-01,4,0,1
C00105,2025-11-01,5,1,1
C00105,2025-12-01,6,1,1
C00105,2026-01-01,0,1,0
C00105,2026-02-01,1,0,0
C00105,2026-03-01,5,0,1
C00105,2026-04-01,6,0,1
C00105,2026-05-01,1,1,0
C00105,2026-06-01,4,0,0
C00106,2025-04-01,8,0,1
C00106,2025-05-01,1,0,1
C00106,2025-06-01,5,0,1
C00106,2025-07-01,0,2,0
C00106,2025-08-01,4,0,1
C00106,2025-09-01,3,0,1
C00106,2025-10-01,5,1,1
C00106,2025-11-01,2,0,0
C00106,2025-12-01,2,0,0
C00106,2026-01-01,7,0,1
C00106,2026-02-01,7,1,1
C00106,2026-03-01,2,0,1
C00106,2026-04-01,0,0,0
C00106,2026-05-01,3,1,1
C00106,2026-06-01,0,0,0
C00107,2025-04-01,4,0,0
C00107,2025-05-01,11,0,1
C00107,2025-06-01,9,0,1
C00107,2025-07-01,9,1,1
C00107,2025-08-01,7,1,1
C00107,2025-09-01,1,0,0
C00107,2025-10-01,0,0,0
C00107,2025-11-01,1,0,1
C00107,2025-12-01,11,0,1
C00107,2026-01-01,10,0,1
C00107,2026-02-01,8,0,1
C00107,2026-03-01,13,0,1
C00107,2026-04-01,4,0,1
C00107,2026-05-01,4,0,1
C00107,2026-06-01,0,0,0
C00108,2026-01-01,10,2,1
C00108,2026-02-01,0,0,0
C00108,2026-03-01,0,0,0
C00108,2026-04-01,10,0,1
C00108,2026-05-01,0,1,0
C00108,2026-06-01,5,0,1
C00109,2026-03-01,6,0,1
C00109,2026-04-01,6,0,1
C00109,2026-05-01,6,0,1
C00109,2026-06-01,2,0,0
C00110,2025-03-01,1,2,0
C00110,2025-04-01,5,0,1
C00110,2025-05-01,8,0,1
C00110,2025-06-01,6,1,1
C00110,2025-07-01,6,0,1
C00110,2025-08-01,5,0,1
C00110,2025-09-01,10,0,1
C00110,2025-10-01,4,1,0
C00110,2025-11-01,10,0,1
C00110,2025-12-01,0,0,0
C00110,2026-01-01,2,0,0
C00110,2026-02-01,1,0,0
C00110,2026-03-01,8,0,1
C00110,2026-04-01,8,1,1
C00110,2026-05-01,0,0,0
C00110,2026-06-01,0,0,0
C00111,2025-05-01,1,0,0
C00111,2025-06-01,2,1,0
C00111,2025-07-01,6,0,1
C00111,2025-08-01,6,0,1
C00111,2025-09-01,1,0,0
C00111,2025-10-01,7,0,1
C00111,2025-11-01,6,0,1
C00111,2025-12-01,2,0,0
C00111,2026-01-01,7,0,1
C00111,2026-02-01,1,2,0
C00111,2026-03-01,1,1,0
C00111,2026-04-01,9,0,1
C00111,2026-05-01,0,1,0
C00111,2026-06-01,6,1,1
C00112,2025-07-01,10,0,1
C00112,2025-08-01,8,0,1
C00112,2025-09-01,11,1,1
C00112,2025-10-01,6,0,1
C00112,2025-11-01,1,0,0
C00112,2025-12-01,0,0,0
C00112,2026-01-01,5,1,1
C00112,2026-02-01,2,0,1
C00112,2026-03-01,0,0,0
C00112,2026-04-01,7,1,1
C00112,2026-05-01,1,0,0
C00112,2026-06-01,9,0,1
C00113,2025-07-01,11,1,1
C00113,2025-08-01,5,0,1
C00113,2025-09-01,2,0,0
C00113,2025-10-01,4,0,1
C00113,2025-11-01,3,1,0
C00113,2025-12-01,6,0,1
C00113,2026-01-01,7,0,1
C00113,2026-02-01,4,1,1
C00113,2026-03-01,0,0,0
C00113,2026-04-01,8,0,1
C00113,2026-05-01,7,0,1
C00113,2026-06-01,4,0,1
C00114,2025-06-01,3,0,0
C00114,2025-07-01,0,0,0
C00114,2025-08-01,6,0,1
C00114,2025-09-01,7,1,1
C00114,2025-10-01,8,0,1
C00114,2025-11-01,2,0,0
C00114,2025-12-01,1,1,0
C00114,2026-01-01,6,0,1
C00114,2026-02-01,0,0,0
C00114,2026-03-01,7,0,1
C00114,2026-04-01,8,0,1
C00114,2026-05-01,7,0,1
C00114,2026-06-01,2,1,0
C00115,2025-04-01,1,0,0
C00115,2025-05-01,1,0,0
C00115,2025-06-01,4,0,1
C00115,2025-07-01,0,1,0
C00115,2025-08-01,6,0,1
C00115,2025-09-01,11,0,1
C00115,2025-10-01,9,0,1
C00115,2025-11-01,0,0,0
C00115,2025-12-01,0,0,0
C00115,2026-01-01,5,0,1
C00115,2026-02-01,2,0,0
C00115,2026-03-01,4,0,1
C00115,2026-04-01,0,1,0
C00115,2026-05-01,9,0,1
C00115,2026-06-01,1,0,0
C00116,2025-02-01,8,0,1
C00116,2025-03-01,5,0,1
C00116,2025-04-01,6,1,1
C00116,2025-05-01,8,0,1
C00116,2025-06-01,7,0,1
C00116,2025-07-01,2,0,0
C00116,2025-08-01,0,0,0
C00116,2025-09-01,8,1,1
C00116,2025-10-01,7,0,1
C00116,2025-11-01,3,0,0
C00116,2025-12-01,8,0,1
C00116,2026-01-01,9,0,1
C00116,2026-02-01,13,0,1
C00116,2026-03-01,9,0,1
C00116,2026-04-01,4,0,1
C00116,2026-05-01,8,0,1
C00116,2026-06-01,9,0,1
C00117,2025-12-01,13,0,1
C00117,2026-01-01,2,1,0
C00117,2026-02-01,4,0,1
C00117,2026-03-01,10,0,1
C00117,2026-04-01,6,1,1
C00117,2026-05-01,8,0,1
C00117,2026-06-01,7,1,1
C00118,2025-02-01,7,0,1
C00118,2025-03-01,7,0,1
C00118,2025-04-01,7,0,1
C00118,2025-05-01,7,0,1
C00118,2025-06-01,12,0,1
C00118,2025-07-01,5,0,1
C00118,2025-08-01,1,2,0
C00118,2025-09-01,0,0,0
C00118,2025-10-01,4,0,1
C00118,2025-11-01,7,1,1
C00118,2025-12-01,10,1,1
C00118,2026-01-01,7,1,1
C00118,2026-02-01,4,1,1
C00118,2026-03-01,1,0,0
C00118,2026-04-01,2,0,0
C00118,2026-05-01,11,0,1
C00118,2026-06-01,1,0,0
C00119,2025-11-01,7,1,1
C00119,2025-12-01,8,0,1
C00119,2026-01-01,11,0,1
C00119,2026-02-01,9,0,1
C00119,2026-03-01,5,0,1
C00119,2026-04-01,7,0,1
C00119,2026-05-01,6,0,1
C00119,2026-06-01,10,0,1
C00120,2025-04-01,10,0,1
C00120,2025-05-01,2,0,0
C00120,2025-06-01,6,0,1
C00120,2025-07-01,7,0,1
C00120,2025-08-01,13,1,1
C00120,2025-09-01,4,0,1
C00120,2025-10-01,4,2,1
C00120,2025-11-01,6,0,1
C00120,2025-12-01,0,0,0
C00120,2026-01-01,1,0,0
C00120,2026-02-01,2,1,0
C00120,2026-03-01,0,0,0
C00120,2026-04-01,9,1,1
C00120,2026-05-01,0,0,0
C00120,2026-06-01,0,0,0
C00121,2025-03-01,10,1,1
C00121,2025-04-01,5,0,1
C00121,2025-05-01,1,0,0
C00121,2025-06-01,6,0,1
C00121,2025-07-01,3,0,0
C00121,2025-08-01,1,1,0
C00121,2025-09-01,5,0,1
C00121,2025-10-01,1,1,0
C00121,2025-11-01,12,1,1
C00121,2025-12-01,9,0,1
C00121,2026-01-01,1,1,0
C00121,2026-02-01,9,0,1
C00121,2026-03-01,0,0,0
C00121,2026-04-01,0,0,0
C00121,2026-05-01,7,1,1
C00121,2026-06-01,0,0,0
C00122,2026-02-01,0,0,0
C00122,2026-03-01,8,0,1
C00122,2026-04-01,8,0,1
C00122,2026-05-01,13,1,1
C00122,2026-06-01,10,2,1
C00123,2025-05-01,9,0,1
C00123,2025-06-01,6,0,1
C00123,2025-07-01,12,0,1
C00123,2025-08-01,7,0,1
C00123,2025-09-01,6,1,1
C00123,2025-10-01,7,0,1
C00123,2025-11-01,6,1,1
C00123,2025-12-01,1,0,0
C00123,2026-01-01,0,0,0
C00123,2026-02-01,7,0,1
C00123,2026-03-01,8,0,1
C00123,2026-04-01,1,1,0
C00123,2026-05-01,0,0,0
C00123,2026-06-01,1,0,0
C00124,2025-01-01,9,0,1
C00124,2025-02-01,5,0,1
C00124,2025-03-01,7,1,1
C00124,2025-04-01,7,0,1
C00124,2025-05-01,5,0,1
C00124,2025-06-01,5,0,1
C00124,2025-07-01,0,0,0
C00124,2025-08-01,3,1,0
C00124,2025-09-01,1,1,0
C00124,2025-10-01,1,1,0
C00124,2025-11-01,1,0,0
C00124,2025-12-01,1,3,0
C00124,2026-01-01,0,0,0
C00124,2026-02-01,8,0,1
C00124,2026-03-01,7,0,1
C00124,2026-04-01,3,0,1
C00124,2026-05-01,0,0,0
C00124,2026-06-01,0,1,0
C00125,2025-04-01,7,0,1
C00125,2025-05-01,0,0,0
C00125,2025-06-01,5,0,1
C00125,2025-07-01,8,0,1
C00125,2025-08-01,3,2,1
C00125,2025-09-01,0,0,0
C00125,2025-10-01,0,0,0
C00125,2025-11-01,12,0,1
C00125,2025-12-01,9,0,1
C00125,2026-01-01,0,0,0
C00125,2026-02-01,0,0,0
C00125,2026-03-01,2,0,0
C00125,2026-04-01,0,0,0
C00125,2026-05-01,3,0,0
C00125,2026-06-01,7,0,1
C00126,2025-10-01,0,0,0
C00126,2025-11-01,2,1,0
C00126,2025-12-01,7,1,1
C00126,2026-01-01,2,0,0
C00126,2026-02-01,0,0,0
C00126,2026-03-01,11,1,1
C00126,2026-04-01,7,0,1
C00126,2026-05-01,8,1,1
C00126,2026-06-01,7,0,1
C00127,2025-07-01,1,0,0
C00127,2025-08-01,3,0,0
C00127,2025-09-01,1,0,0
C00127,2025-10-01,5,0,1
C00127,2025-11-01,2,0,1
C00127,2025-12-01,11,0,1
C00127,2026-01-01,9,0,1
C00127,2026-02-01,8,1,1
C00127,2026-03-01,7,0,1
C00127,2026-04-01,9,1,1
C00127,2026-05-01,7,0,1
C00127,2026-06-01,13,0,1
C00128,2025-09-01,3,0,1
C00128,2025-10-01,6,0,1
C00128,2025-11-01,6,1,1
C00128,2025-12-01,1,0,0
C00128,2026-01-01,1,0,0
C00128,2026-02-01,8,0,1
C00128,2026-03-01,7,0,1
C00128,2026-04-01,3,0,1
C00128,2026-05-01,7,1,1
C00128,2026-06-01,10,1,1
C00129,2025-02-01,2,0,1
C00129,2025-03-01,7,0,1
C00129,2025-04-01,3,0,1
C00129,2025-05-01,1,0,0
C00129,2025-06-01,7,1,1
C00129,2025-07-01,6,0,1
C00129,2025-08-01,11,0,1
C00129,2025-09-01,8,0,1
C00129,2025-10-01,13,1,1
C00129,2025-11-01,5,0,1
C00129,2025-12-01,6,0,1
C00129,2026-01-01,1,0,0
C00129,2026-02-01,1,0,0
C00129,2026-03-01,1,0,1
C00129,2026-04-01,1,0,0
C00129,2026-05-01,10,0,1
C00129,2026-06-01,1,1,0
C00130,2025-05-01,9,0,1
C00130,2025-06-01,6,0,1
C00130,2025-07-01,2,0,1
C00130,2025-08-01,1,0,0
C00130,2025-09-01,0,2,0
C00130,2025-10-01,0,0,0
C00130,2025-11-01,12,0,1
C00130,2025-12-01,6,0,1
C00130,2026-01-01,4,1,1
C00130,2026-02-01,5,0,1
C00130,2026-03-01,7,0,1
C00130,2026-04-01,7,0,1
C00130,2026-05-01,2,0,0
C00130,2026-06-01,9,0,1
C00131,2025-02-01,6,0,1
C00131,2025-03-01,12,1,1
C00131,2025-04-01,5,1,1
C00131,2025-05-01,10,0,1
C00131,2025-06-01,0,0,0
C00131,2025-07-01,6,0,1
C00131,2025-08-01,5,0,1
C00131,2025-09-01,4,0,0
C00131,2025-10-01,0,0,0
C00131,2025-11-01,6,0,1
C00131,2025-12-01,0,1,0
C00131,2026-01-01,0,0,0
C00131,2026-02-01,6,0,1
C00131,2026-03-01,9,1,1
C00131,2026-04-01,6,1,1
C00131,2026-05-01,0,0,0
C00131,2026-06-01,1,0,0
C00132,2025-04-01,6,1,1
C00132,2025-05-01,5,0,1
C00132,2025-06-01,4,0,1
C00132,2025-07-01,6,0,1
C00132,2025-08-01,9,0,1
C00132,2025-09-01,8,0,1
C00132,2025-10-01,13,1,1
C00132,2025-11-01,10,0,1
C00132,2025-12-01,10,1,1
C00132,2026-01-01,7,0,1
C00132,2026-02-01,6,2,1
C00132,2026-03-01,4,1,1
C00132,2026-04-01,1,0,0
C00132,2026-05-01,0,0,0
C00132,2026-06-01,10,1,1
C00133,2025-04-01,7,0,1
C00133,2025-05-01,4,0,1
C00133,2025-06-01,2,0,0
C00133,2025-07-01,7,2,1
C00133,2025-08-01,6,0,1
C00133,2025-09-01,10,0,1
C00133,2025-10-01,2,0,1
C00133,2025-11-01,1,0,0
C00133,2025-12-01,7,1,1
C00133,2026-01-01,7,0,1
C00133,2026-02-01,7,0,1
C00133,2026-03-01,9,0,1
C00133,2026-04-01,6,0,1
C00133,2026-05-01,1,0,0
C00133,2026-06-01,0,0,0
C00134,2025-09-01,7,0,1
C00134,2025-10-01,12,0,1
C00134,2025-11-01,10,0,1
C00134,2025-12-01,9,0,1
C00134,2026-01-01,8,0,1
C00134,2026-02-01,9,0,1
C00134,2026-03-01,6,0,1
C00134,2026-04-01,3,0,0
C00134,2026-05-01,1,0,0
C00134,2026-06-01,1,0,0
C00135,2025-07-01,4,0,1
C00135,2025-08-01,7,1,1
C00135,2025-09-01,13,0,1
C00135,2025-10-01,3,1,1
C00135,2025-11-01,3,3,1
C00135,2025-12-01,14,0,1
C00135,2026-01-01,4,0,1
C00135,2026-02-01,7,0,1
C00135,2026-03-01,1,2,0
C00135,2026-04-01,1,0,0
C00135,2026-05-01,0,0,0
C00135,2026-06-01,7,0,1
C00136,2025-09-01,6,1,1
C00136,2025-10-01,6,1,1
C00136,2025-11-01,7,1,1
C00136,2025-12-01,6,0,1
C00136,2026-01-01,9,1,1
C00136,2026-02-01,1,0,0
C00136,2026-03-01,7,0,1
C00136,2026-04-01,7,0,1
C00136,2026-05-01,0,0,0
C00136,2026-06-01,6,0,1
C00137,2026-03-01,2,1,0
C00137,2026-04-01,7,0,1
C00137,2026-05-01,8,1,1
C00137,2026-06-01,8,0,1
C00138,2025-06-01,1,0,0
C00138,2025-07-01,10,1,1
C00138,2025-08-01,9,0,1
C00138,2025-09-01,6,0,1
C00138,2025-10-01,1,0,0
C00138,2025-11-01,6,0,1
C00138,2025-12-01,1,0,0
C00138,2026-01-01,8,0,1
C00138,2026-02-01,5,0,1
C00138,2026-03-01,9,0,1
C00138,2026-04-01,8,1,1
C00138,2026-05-01,0,1,0
C00138,2026-06-01,2,0,0
C00139,2026-04-01,2,1,1
C00139,2026-05-01,1,0,0
C00139,2026-06-01,0,0,0
C00140,2025-08-01,7,0,1
C00140,2025-09-01,7,0,1
C00140,2025-10-01,11,0,1
C00140,2025-11-01,10,0,1
C00140,2025-12-01,3,0,1
C00140,2026-01-01,0,3,0
C00140,2026-02-01,6,0,1
C00140,2026-03-01,1,0,0
C00140,2026-04-01,6,0,1
C00140,2026-05-01,0,1,0
C00140,2026-06-01,4,1,1
C00141,2025-05-01,6,0,1
C00141,2025-06-01,8,0,1
C00141,2025-07-01,1,0,0
C00141,2025-08-01,0,1,0
C00141,2025-09-01,8,0,1
C00141,2025-10-01,0,1,0
C00141,2025-11-01,9,0,1
C00141,2025-12-01,1,1,0
C00141,2026-01-01,8,1,1
C00141,2026-02-01,2,0,0
C00141,2026-03-01,1,1,0
C00141,2026-04-01,4,1,1
C00141,2026-05-01,9,0,1
C00141,2026-06-01,8,0,1
C00142,2025-04-01,1,0,0
C00142,2025-05-01,7,0,1
C00142,2025-06-01,10,1,1
C00142,2025-07-01,8,0,1
C00142,2025-08-01,13,0,1
C00142,2025-09-01,8,0,1
C00142,2025-10-01,12,1,1
C00142,2025-11-01,4,0,1
C00142,2025-12-01,2,0,0
C00142,2026-01-01,12,2,1
C00142,2026-02-01,4,0,1
C00142,2026-03-01,6,0,1
C00142,2026-04-01,12,0,1
C00142,2026-05-01,0,0,0
C00142,2026-06-01,1,0,0
C00143,2025-05-01,4,0,1
C00143,2025-06-01,0,1,0
C00143,2025-07-01,1,0,0
C00143,2025-08-01,1,0,0
C00143,2025-09-01,7,1,1
C00143,2025-10-01,7,1,1
C00143,2025-11-01,9,0,1
C00143,2025-12-01,1,2,0
C00143,2026-01-01,0,0,0
C00143,2026-02-01,1,0,0
C00143,2026-03-01,6,0,1
C00143,2026-04-01,0,0,0
C00143,2026-05-01,1,0,0
C00143,2026-06-01,5,0,1
C00144,2025-08-01,7,0,1
C00144,2025-09-01,6,0,1
C00144,2025-10-01,0,0,0
C00144,2025-11-01,2,0,1
C00144,2025-12-01,0,2,0
C00144,2026-01-01,7,1,1
C00144,2026-02-01,14,0,1
C00144,2026-03-01,7,1,1
C00144,2026-04-01,2,0,0
C00144,2026-05-01,6,2,1
C00144,2026-06-01,11,0,1
C00145,2025-07-01,6,0,1
C00145,2025-08-01,6,0,1
C00145,2025-09-01,2,1,1
C00145,2025-10-01,3,0,0
C00145,2025-11-01,0,0,0
C00145,2025-12-01,1,1,0
C00145,2026-01-01,6,0,1
C00145,2026-02-01,10,0,1
C00145,2026-03-01,9,0,1
C00145,2026-04-01,0,0,0
C00145,2026-05-01,0,0,0
C00145,2026-06-01,7,1,1
C00146,2025-12-01,8,0,1
C00146,2026-01-01,5,1,1
C00146,2026-02-01,6,0,1
C00146,2026-03-01,1,0,0
C00146,2026-04-01,1,1,0
C00146,2026-05-01,13,1,1
C00146,2026-06-01,5,2,1
C00147,2026-04-01,1,1,0
C00147,2026-05-01,5,1,1
C00147,2026-06-01,2,0,0
C00148,2025-08-01,9,1,1
C00148,2025-09-01,7,0,1
C00148,2025-10-01,13,1,1
C00148,2025-11-01,2,0,0
C00148,2025-12-01,1,0,0
C00148,2026-01-01,5,1,1
C00148,2026-02-01,6,0,1
C00148,2026-03-01,7,0,1
C00148,2026-04-01,13,0,1
C00148,2026-05-01,2,0,0
C00148,2026-06-01,8,1,1
C00149,2025-03-01,4,0,1
C00149,2025-04-01,5,1,1
C00149,2025-05-01,6,0,1
C00149,2025-06-01,9,1,1
C00149,2025-07-01,0,0,0
C00149,2025-08-01,1,0,0
C00149,2025-09-01,2,1,0
C00149,2025-10-01,4,0,1
C00149,2025-11-01,5,0,1
C00149,2025-12-01,1,0,0
C00149,2026-01-01,6,1,1
C00149,2026-02-01,5,0,1
C00149,2026-03-01,6,0,1
C00149,2026-04-01,5,1,0
C00149,2026-05-01,8,0,1
C00149,2026-06-01,0,0,0
C00150,2025-08-01,9,0,1
C00150,2025-09-01,8,0,1
C00150,2025-10-01,4,0,1
C00150,2025-11-01,8,1,1
C00150,2025-12-01,4,0,1
C00150,2026-01-01,1,0,0
C00150,2026-02-01,2,1,0
C00150,2026-03-01,10,1,1
C00150,2026-04-01,0,1,0
C00150,2026-05-01,2,0,0
C00150,2026-06-01,5,1,1
C00151,2025-03-01,8,1,1
C00151,2025-04-01,2,0,0
C00151,2025-05-01,6,0,1
C00151,2025-06-01,0,0,0
C00151,2025-07-01,1,0,0
C00151,2025-08-01,1,0,0
C00151,2025-09-01,1,0,0
C00151,2025-10-01,4,0,0
C00151,2025-11-01,0,1,0
C00151,2025-12-01,4,1,1
C00151,2026-01-01,0,0,0
C00151,2026-02-01,3,0,1
C00151,2026-03-01,1,0,0
C00151,2026-04-01,0,0,0
C00151,2026-05-01,1,0,0
C00151,2026-06-01,0,0,0
C00152,2025-02-01,7,0,1
C00152,2025-03-01,3,1,1
C00152,2025-04-01,3,0,1
C00152,2025-05-01,4,0,1
C00152,2025-06-01,1,0,0
C00152,2025-07-01,9,1,1
C00152,2025-08-01,0,0,0
C00152,2025-09-01,7,1,1
C00152,2025-10-01,1,0,0
C00152,2025-11-01,0,1,0
C00152,2025-12-01,0,0,0
C00152,2026-01-01,3,0,0
C00152,2026-02-01,6,0,1
C00152,2026-03-01,8,0,1
C00152,2026-04-01,1,0,0
C00152,2026-05-01,1,0,0
C00152,2026-06-01,1,0,1
C00153,2025-02-01,1,0,0
C00153,2025-03-01,0,0,1
C00153,2025-04-01,0,1,0
C00153,2025-05-01,6,0,1
C00153,2025-06-01,9,0,1
C00153,2025-07-01,0,0,0
C00153,2025-08-01,5,0,1
C00153,2025-09-01,5,0,1
C00153,2025-10-01,1,0,0
C00153,2025-11-01,0,0,0
C00153,2025-12-01,7,0,1
C00153,2026-01-01,8,0,1
C00153,2026-02-01,0,0,0
C00153,2026-03-01,9,1,1
C00153,2026-04-01,0,0,0
C00153,2026-05-01,2,0,0
C00153,2026-06-01,0,0,0
C00154,2025-04-01,8,0,1
C00154,2025-05-01,6,0,1
C00154,2025-06-01,0,0,0
C00154,2025-07-01,0,0,0
C00154,2025-08-01,6,2,1
C00154,2025-09-01,0,0,1
C00154,2025-10-01,12,0,1
C00154,2025-11-01,5,0,1
C00154,2025-12-01,5,0,1
C00154,2026-01-01,1,2,0
C00154,2026-02-01,2,1,0
C00154,2026-03-01,7,1,1
C00154,2026-04-01,0,1,0
C00154,2026-05-01,1,2,0
C00154,2026-06-01,0,0,0
C00155,2025-07-01,8,0,1
C00155,2025-08-01,9,0,1
C00155,2025-09-01,7,0,1
C00155,2025-10-01,9,0,1
C00155,2025-11-01,10,1,1
C00155,2025-12-01,0,1,0
C00155,2026-01-01,6,0,1
C00155,2026-02-01,9,1,1
C00155,2026-03-01,1,0,0
C00155,2026-04-01,5,1,1
C00155,2026-05-01,1,0,0
C00155,2026-06-01,0,0,0
C00156,2025-11-01,0,0,0
C00156,2025-12-01,4,0,1
C00156,2026-01-01,8,0,1
C00156,2026-02-01,6,1,1
C00156,2026-03-01,10,1,1
C00156,2026-04-01,1,0,0
C00156,2026-05-01,1,0,0
C00156,2026-06-01,10,2,1
C00157,2025-08-01,1,0,0
C00157,2025-09-01,4,0,1
C00157,2025-10-01,10,0,1
C00157,2025-11-01,9,0,1
C00157,2025-12-01,8,0,1
C00157,2026-01-01,0,0,0
C00157,2026-02-01,3,0,0
C00157,2026-03-01,8,1,1
C00157,2026-04-01,9,0,1
C00157,2026-05-01,1,0,0
C00157,2026-06-01,1,1,0
C00158,2025-12-01,9,0,1
C00158,2026-01-01,2,1,1
C00158,2026-02-01,11,0,1
C00158,2026-03-01,8,0,1
C00158,2026-04-01,3,0,0
C00158,2026-05-01,2,0,1
C00158,2026-06-01,3,0,1
C00159,2025-08-01,11,1,1
C00159,2025-09-01,8,1,1
C00159,2025-10-01,8,0,1
C00159,2025-11-01,11,1,1
C00159,2025-12-01,5,0,1
C00159,2026-01-01,6,0,1
C00159,2026-02-01,4,1,1
C00159,2026-03-01,2,0,0
C00159,2026-04-01,7,1,1
C00159,2026-05-01,4,1,1
C00159,2026-06-01,0,0,0
C00160,2026-04-01,7,0,1
C00160,2026-05-01,5,0,1
C00160,2026-06-01,11,0,1
C00161,2025-06-01,4,0,1
C00161,2025-07-01,6,0,1
C00161,2025-08-01,9,0,1
C00161,2025-09-01,2,1,1
C00161,2025-10-01,6,0,1
C00161,2025-11-01,2,0,0
C00161,2025-12-01,0,0,0
C00161,2026-01-01,8,1,1
C00161,2026-02-01,7,0,1
C00161,2026-03-01,1,1,0
C00161,2026-04-01,8,0,1
C00161,2026-05-01,3,0,0
C00161,2026-06-01,1,0,0
C00162,2025-06-01,9,0,1
C00162,2025-07-01,9,0,1
C00162,2025-08-01,8,1,1
C00162,2025-09-01,1,0,0
C00162,2025-10-01,1,0,0
C00162,2025-11-01,5,1,1
C00162,2025-12-01,9,0,1
C00162,2026-01-01,0,1,0
C00162,2026-02-01,1,0,0
C00162,2026-03-01,15,1,1
C00162,2026-04-01,0,1,0
C00162,2026-05-01,4,0,1
C00162,2026-06-01,1,0,1
C00163,2025-11-01,7,0,1
C00163,2025-12-01,4,1,0
C00163,2026-01-01,8,0,1
C00163,2026-02-01,0,0,0
C00163,2026-03-01,7,0,1
C00163,2026-04-01,1,1,0
C00163,2026-05-01,7,0,1
C00163,2026-06-01,8,0,1
C00164,2025-05-01,5,0,1
C00164,2025-06-01,11,0,1
C00164,2025-07-01,11,0,1
C00164,2025-08-01,1,0,0
C00164,2025-09-01,8,0,1
C00164,2025-10-01,9,0,1
C00164,2025-11-01,10,0,1
C00164,2025-12-01,4,0,1
C00164,2026-01-01,8,1,1
C00164,2026-02-01,6,0,1
C00164,2026-03-01,7,1,1
C00164,2026-04-01,1,1,0
C00164,2026-05-01,2,0,0
C00164,2026-06-01,6,0,1
C00165,2025-08-01,7,1,1
C00165,2025-09-01,1,1,0
C00165,2025-10-01,3,0,1
C00165,2025-11-01,5,0,1
C00165,2025-12-01,6,1,1
C00165,2026-01-01,2,0,0
C00165,2026-02-01,7,0,1
C00165,2026-03-01,2,0,0
C00165,2026-04-01,0,0,0
C00165,2026-05-01,6,0,1
C00165,2026-06-01,4,0,1
C00166,2025-02-01,4,0,1
C00166,2025-03-01,8,0,1
C00166,2025-04-01,8,0,1
C00166,2025-05-01,7,1,1
C00166,2025-06-01,8,0,1
C00166,2025-07-01,7,0,1
C00166,2025-08-01,9,1,1
C00166,2025-09-01,15,1,1
C00166,2025-10-01,1,0,0
C00166,2025-11-01,9,1,1
C00166,2025-12-01,7,0,1
C00166,2026-01-01,8,0,1
C00166,2026-02-01,2,1,1
C00166,2026-03-01,0,1,0
C00166,2026-04-01,1,0,0
C00166,2026-05-01,9,1,1
C00166,2026-06-01,6,0,1
C00167,2025-10-01,6,0,1
C00167,2025-11-01,8,0,1
C00167,2025-12-01,4,0,1
C00167,2026-01-01,0,0,0
C00167,2026-02-01,1,2,0
C00167,2026-03-01,6,0,1
C00167,2026-04-01,0,0,0
C00167,2026-05-01,0,0,0
C00167,2026-06-01,8,0,1
C00168,2025-04-01,6,0,1
C00168,2025-05-01,2,1,0
C00168,2025-06-01,6,0,1
C00168,2025-07-01,0,0,0
C00168,2025-08-01,2,0,0
C00168,2025-09-01,5,0,1
C00168,2025-10-01,7,0,1
C00168,2025-11-01,9,0,1
C00168,2025-12-01,1,0,0
C00168,2026-01-01,6,0,1
C00168,2026-02-01,9,1,1
C00168,2026-03-01,3,0,1
C00168,2026-04-01,4,0,1
C00168,2026-05-01,0,0,0
C00168,2026-06-01,7,0,1
C00169,2025-09-01,4,0,0
C00169,2025-10-01,6,1,1
C00169,2025-11-01,9,1,1
C00169,2025-12-01,0,1,0
C00169,2026-01-01,1,0,0
C00169,2026-02-01,6,0,1
C00169,2026-03-01,3,2,0
C00169,2026-04-01,6,0,1
C00169,2026-05-01,8,0,1
C00169,2026-06-01,3,1,0
C00170,2026-04-01,7,1,1
C00170,2026-05-01,6,0,1
C00170,2026-06-01,8,0,1
C00171,2025-11-01,6,1,1
C00171,2025-12-01,1,0,0
C00171,2026-01-01,3,0,1
C00171,2026-02-01,6,0,1
C00171,2026-03-01,3,0,0
C00171,2026-04-01,0,0,0
C00171,2026-05-01,10,0,1
C00171,2026-06-01,2,0,1
C00172,2026-04-01,5,1,1
C00172,2026-05-01,0,0,0
C00172,2026-06-01,6,0,1
C00173,2026-05-01,8,1,1
C00173,2026-06-01,1,0,1
C00174,2026-05-01,1,1,0
C00174,2026-06-01,5,0,1
C00175,2025-08-01,9,0,1
C00175,2025-09-01,9,2,1
C00175,2025-10-01,8,0,1
C00175,2025-11-01,8,0,1
C00175,2025-12-01,7,0,1
C00175,2026-01-01,1,0,0
C00175,2026-02-01,7,0,1
C00175,2026-03-01,1,0,0
C00175,2026-04-01,8,1,1
C00175,2026-05-01,0,2,0
C00175,2026-06-01,1,1,0
C00176,2025-04-01,8,1,1
C00176,2025-05-01,4,1,0
C00176,2025-06-01,6,1,1
C00176,2025-07-01,7,0,1
C00176,2025-08-01,6,0,1
C00176,2025-09-01,7,1,1
C00176,2025-10-01,7,0,1
C00176,2025-11-01,0,0,0
C00176,2025-12-01,1,0,0
C00176,2026-01-01,4,1,1
C00176,2026-02-01,11,0,1
C00176,2026-03-01,9,0,1
C00176,2026-04-01,1,0,0
C00176,2026-05-01,0,1,0
C00176,2026-06-01,2,0,1
C00177,2025-02-01,1,0,1
C00177,2025-03-01,6,1,1
C00177,2025-04-01,8,1,1
C00177,2025-05-01,1,1,0
C00177,2025-06-01,1,0,0
C00177,2025-07-01,0,1,0
C00177,2025-08-01,10,0,1
C00177,2025-09-01,1,0,0
C00177,2025-10-01,6,0,1
C00177,2025-11-01,1,0,0
C00177,2025-12-01,2,1,0
C00177,2026-01-01,12,0,1
C00177,2026-02-01,0,2,0
C00177,2026-03-01,9,0,1
C00177,2026-04-01,0,1,0
C00177,2026-05-01,6,0,1
C00177,2026-06-01,0,0,0
C00178,2025-05-01,0,0,0
C00178,2025-06-01,1,0,0
C00178,2025-07-01,7,0,1
C00178,2025-08-01,7,0,1
C00178,2025-09-01,6,0,1
C00178,2025-10-01,3,0,1
C00178,2025-11-01,1,0,0
C00178,2025-12-01,0,0,0
C00178,2026-01-01,5,1,1
C00178,2026-02-01,4,0,1
C00178,2026-03-01,6,1,1
C00178,2026-04-01,7,1,1
C00178,2026-05-01,0,0,0
C00178,2026-06-01,1,0,0
C00179,2025-07-01,10,0,1
C00179,2025-08-01,6,0,1
C00179,2025-09-01,7,0,1
C00179,2025-10-01,5,0,1
C00179,2025-11-01,0,1,0
C00179,2025-12-01,2,0,0
C00179,2026-01-01,2,0,0
C00179,2026-02-01,1,0,0
C00179,2026-03-01,6,0,1
C00179,2026-04-01,6,1,1
C00179,2026-05-01,5,0,1
C00179,2026-06-01,7,0,0
C00180,2026-04-01,8,1,1
C00180,2026-05-01,12,1,1
C00180,2026-06-01,10,1,1
C00181,2025-05-01,9,0,1
C00181,2025-06-01,6,0,1
C00181,2025-07-01,1,0,0
C00181,2025-08-01,6,0,1
C00181,2025-09-01,9,0,1
C00181,2025-10-01,5,0,0
C00181,2025-11-01,10,1,1
C00181,2025-12-01,6,0,1
C00181,2026-01-01,1,1,0
C00181,2026-02-01,7,0,1
C00181,2026-03-01,4,0,0
C00181,2026-04-01,0,0,0
C00181,2026-05-01,9,0,1
C00181,2026-06-01,5,0,1
C00182,2025-07-01,7,0,1
C00182,2025-08-01,8,1,1
C00182,2025-09-01,9,0,1
C00182,2025-10-01,2,0,0
C00182,2025-11-01,5,0,1
C00182,2025-12-01,3,1,0
C00182,2026-01-01,2,1,1
C00182,2026-02-01,4,0,0
C00182,2026-03-01,3,2,0
C00182,2026-04-01,1,1,0
C00182,2026-05-01,6,1,1
C00182,2026-06-01,1,0,0
C00183,2025-03-01,0,0,0
C00183,2025-04-01,2,0,0
C00183,2025-05-01,7,0,1
C00183,2025-06-01,0,0,0
C00183,2025-07-01,4,0,1
C00183,2025-08-01,9,0,1
C00183,2025-09-01,0,0,0
C00183,2025-10-01,10,0,1
C00183,2025-11-01,5,0,1
C00183,2025-12-01,7,1,1
C00183,2026-01-01,7,0,1
C00183,2026-02-01,0,0,0
C00183,2026-03-01,3,0,0
C00183,2026-04-01,5,0,1
C00183,2026-05-01,1,0,0
C00183,2026-06-01,0,0,0
C00184,2026-04-01,0,0,0
C00184,2026-05-01,10,0,1
C00184,2026-06-01,0,1,0
C00185,2026-01-01,3,0,0
C00185,2026-02-01,0,0,0
C00185,2026-03-01,0,0,0
C00185,2026-04-01,10,1,1
C00185,2026-05-01,2,0,0
C00185,2026-06-01,2,1,0
C00186,2026-03-01,8,0,1
C00186,2026-04-01,3,0,1
C00186,2026-05-01,1,0,0
C00186,2026-06-01,8,0,1
C00187,2026-01-01,7,0,1
C00187,2026-02-01,1,0,0
C00187,2026-03-01,1,0,0
C00187,2026-04-01,5,1,1
C00187,2026-05-01,7,0,1
C00187,2026-06-01,9,2,1
C00188,2025-05-01,10,0,1
C00188,2025-06-01,7,1,1
C00188,2025-07-01,5,0,1
C00188,2025-08-01,1,1,0
C00188,2025-09-01,8,1,1
C00188,2025-10-01,4,0,1
C00188,2025-11-01,7,0,1
C00188,2025-12-01,9,2,1
C00188,2026-01-01,0,0,0
C00188,2026-02-01,6,0,1
C00188,2026-03-01,5,0,1
C00188,2026-04-01,0,0,0
C00188,2026-05-01,0,0,0
C00188,2026-06-01,6,1,1
C00189,2025-05-01,6,1,1
C00189,2025-06-01,1,0,0
C00189,2025-07-01,12,0,1
C00189,2025-08-01,2,2,0
C00189,2025-09-01,5,2,1
C00189,2025-10-01,8,0,1
C00189,2025-11-01,8,0,1
C00189,2025-12-01,0,0,0
C00189,2026-01-01,6,2,1
C00189,2026-02-01,7,0,1
C00189,2026-03-01,3,0,1
C00189,2026-04-01,3,1,0
C00189,2026-05-01,0,0,0
C00189,2026-06-01,0,0,0
C00190,2025-06-01,11,0,1
C00190,2025-07-01,6,0,1
C00190,2025-08-01,15,0,1
C00190,2025-09-01,1,0,0
C00190,2025-10-01,4,0,1
C00190,2025-11-01,0,0,0
C00190,2025-12-01,1,1,0
C00190,2026-01-01,0,0,0
C00190,2026-02-01,1,0,0
C00190,2026-03-01,1,1,0
C00190,2026-04-01,4,0,1
C00190,2026-05-01,0,0,0
C00190,2026-06-01,6,0,1
C00191,2025-09-01,4,1,1
C00191,2025-10-01,7,0,1
C00191,2025-11-01,1,1,0
C00191,2025-12-01,0,0,0
C00191,2026-01-01,4,0,1
C00191,2026-02-01,2,0,0
C00191,2026-03-01,0,0,0
C00191,2026-04-01,6,0,1
C00191,2026-05-01,9,1,1
C00191,2026-06-01,15,0,1
C00192,2025-09-01,2,0,0
C00192,2025-10-01,9,1,1
C00192,2025-11-01,3,0,1
C00192,2025-12-01,1,1,0
C00192,2026-01-01,13,0,1
C00192,2026-02-01,1,2,0
C00192,2026-03-01,6,0,1
C00192,2026-04-01,14,0,1
C00192,2026-05-01,6,1,1
C00192,2026-06-01,6,1,1
C00193,2025-12-01,0,0,0
C00193,2026-01-01,0,0,0
C00193,2026-02-01,1,0,0
C00193,2026-03-01,6,0,1
C00193,2026-04-01,1,0,0
C00193,2026-05-01,1,0,0
C00193,2026-06-01,3,0,1
C00194,2025-06-01,6,0,1
C00194,2025-07-01,3,1,0
C00194,2025-08-01,1,0,0
C00194,2025-09-01,9,0,1
C00194,2025-10-01,9,1,1
C00194,2025-11-01,8,0,1
C00194,2025-12-01,1,1,0
C00194,2026-01-01,5,0,1
C00194,2026-02-01,0,0,0
C00194,2026-03-01,5,0,1
C00194,2026-04-01,6,0,1
C00194,2026-05-01,4,0,1
C00194,2026-06-01,0,2,0
C00195,2026-01-01,2,0,0
C00195,2026-02-01,2,0,0
C00195,2026-03-01,5,0,1
C00195,2026-04-01,11,1,1
C00195,2026-05-01,12,0,1
C00195,2026-06-01,2,0,0
C00196,2026-02-01,1,2,0
C00196,2026-03-01,8,0,1
C00196,2026-04-01,5,0,1
C00196,2026-05-01,5,0,1
C00196,2026-06-01,0,0,0
C00197,2025-12-01,7,0,1
C00197,2026-01-01,10,1,1
C00197,2026-02-01,8,0,1
C00197,2026-03-01,1,0,0
C00197,2026-04-01,4,1,1
C00197,2026-05-01,1,0,0
C00197,2026-06-01,7,0,1
C00198,2026-05-01,4,0,1
C00198,2026-06-01,8,2,1
C00199,2025-06-01,5,0,1
C00199,2025-07-01,0,0,0
C00199,2025-08-01,12,1,1
C00199,2025-09-01,2,0,0
C00199,2025-10-01,2,1,1
C00199,2025-11-01,0,0,0
C00199,2025-12-01,4,0,1
C00199,2026-01-01,9,0,1
C00199,2026-02-01,1,0,0
C00199,2026-03-01,0,0,0
C00199,2026-04-01,8,0,1
C00199,2026-05-01,7,0,1
C00199,2026-06-01,8,0,1
C00200,2025-12-01,1,3,0
C00200,2026-01-01,0,1,0
C00200,2026-02-01,12,1,1
C00200,2026-03-01,11,0,1
C00200,2026-04-01,7,1,1
C00200,2026-05-01,6,1,1
C00200,2026-06-01,0,0,0
C00201,2026-01-01,9,0,1
C00201,2026-02-01,1,1,0
C00201,2026-03-01,1,0,0
C00201,2026-04-01,1,0,0
C00201,2026-05-01,3,0,1
C00201,2026-06-01,6,1,1
C00202,2025-10-01,11,0,1
C00202,2025-11-01,7,0,1
C00202,2025-12-01,6,0,1
C00202,2026-01-01,2,1,0
C00202,2026-02-01,1,0,0
C00202,2026-03-01,14,1,1
C00202,2026-04-01,8,0,1
C00202,2026-05-01,10,0,1
C00202,2026-06-01,4,1,1
C00203,2025-05-01,6,3,1
C00203,2025-06-01,10,0,1
C00203,2025-07-01,3,0,1
C00203,2025-08-01,4,1,1
C00203,2025-09-01,0,0,1
C00203,2025-10-01,6,0,1
C00203,2025-11-01,0,0,0
C00203,2025-12-01,6,0,1
C00203,2026-01-01,1,1,0
C00203,2026-02-01,5,0,1
C00203,2026-03-01,14,0,1
C00203,2026-04-01,6,1,1
C00203,2026-05-01,2,1,0
C00203,2026-06-01,9,0,1
C00204,2025-12-01,3,0,1
C00204,2026-01-01,0,0,0
C00204,2026-02-01,0,0,0
C00204,2026-03-01,0,0,0
C00204,2026-04-01,4,0,1
C00204,2026-05-01,9,2,1
C00204,2026-06-01,13,0,1
C00205,2026-02-01,6,0,1
C00205,2026-03-01,3,0,1
C00205,2026-04-01,2,0,0
C00205,2026-05-01,0,0,0
C00205,2026-06-01,7,0,1
C00206,2025-05-01,0,1,0
C00206,2025-06-01,1,0,0
C00206,2025-07-01,7,0,1
C00206,2025-08-01,2,0,0
C00206,2025-09-01,0,1,0
C00206,2025-10-01,1,1,0
C00206,2025-11-01,13,0,1
C00206,2025-12-01,7,0,1
C00206,2026-01-01,0,1,0
C00206,2026-02-01,8,0,1
C00206,2026-03-01,10,0,1
C00206,2026-04-01,1,0,0
C00206,2026-05-01,1,0,0
C00206,2026-06-01,0,1,0
C00207,2025-07-01,0,2,0
C00207,2025-08-01,0,0,0
C00207,2025-09-01,6,0,1
C00207,2025-10-01,9,1,1
C00207,2025-11-01,2,0,0
C00207,2025-12-01,5,2,1
C00207,2026-01-01,6,2,1
C00207,2026-02-01,7,0,1
C00207,2026-03-01,11,0,1
C00207,2026-04-01,8,0,1
C00207,2026-05-01,5,0,1
C00207,2026-06-01,8,1,1
C00208,2026-04-01,9,0,1
C00208,2026-05-01,8,0,1
C00208,2026-06-01,0,0,0
C00209,2025-08-01,0,1,0
C00209,2025-09-01,5,0,1
C00209,2025-10-01,7,0,1
C00209,2025-11-01,0,0,0
C00209,2025-12-01,11,1,1
C00209,2026-01-01,8,0,1
C00209,2026-02-01,4,0,1
C00209,2026-03-01,1,1,0
C00209,2026-04-01,1,0,0
C00209,2026-05-01,14,1,1
C00209,2026-06-01,3,0,1
C00210,2026-01-01,6,0,1
C00210,2026-02-01,0,0,0
C00210,2026-03-01,10,0,1
C00210,2026-04-01,3,0,0
C00210,2026-05-01,3,0,0
C00210,2026-06-01,9,0,1
C00211,2025-06-01,9,0,1
C00211,2025-07-01,9,0,1
C00211,2025-08-01,11,0,1
C00211,2025-09-01,1,0,0
C00211,2025-10-01,6,1,1
C00211,2025-11-01,0,0,0
C00211,2025-12-01,1,0,0
C00211,2026-01-01,3,1,1
C00211,2026-02-01,0,1,0
C00211,2026-03-01,5,1,1
C00211,2026-04-01,0,0,0
C00211,2026-05-01,6,1,1
C00211,2026-06-01,4,0,1
C00212,2026-03-01,1,1,0
C00212,2026-04-01,9,0,1
C00212,2026-05-01,7,0,1
C00212,2026-06-01,2,0,0
C00213,2025-08-01,2,0,0
C00213,2025-09-01,8,0,1
C00213,2025-10-01,4,0,1
C00213,2025-11-01,6,0,1
C00213,2025-12-01,10,0,1
C00213,2026-01-01,6,0,1
C00213,2026-02-01,6,0,1
C00213,2026-03-01,9,1,1
C00213,2026-04-01,4,0,1
C00213,2026-05-01,1,0,0
C00213,2026-06-01,2,0,0
C00214,2026-03-01,10,0,1
C00214,2026-04-01,3,0,1
C00214,2026-05-01,6,0,1
C00214,2026-06-01,1,0,0
C00215,2025-06-01,4,1,1
C00215,2025-07-01,1,0,0
C00215,2025-08-01,1,0,0
C00215,2025-09-01,6,0,1
C00215,2025-10-01,6,0,1
C00215,2025-11-01,3,0,1
C00215,2025-12-01,0,0,0
C00215,2026-01-01,0,1,0
C00215,2026-02-01,0,0,0
C00215,2026-03-01,2,1,0
C00215,2026-04-01,1,0,1
C00215,2026-05-01,0,0,0
C00215,2026-06-01,4,0,1
C00216,2025-04-01,1,1,0
C00216,2025-05-01,9,1,1
C00216,2025-06-01,10,0,1
C00216,2025-07-01,7,2,1
C00216,2025-08-01,6,1,1
C00216,2025-09-01,1,1,0
C00216,2025-10-01,7,0,1
C00216,2025-11-01,0,0,0
C00216,2025-12-01,6,0,1
C00216,2026-01-01,3,1,0
C00216,2026-02-01,7,0,1
C00216,2026-03-01,1,0,0
C00216,2026-04-01,2,0,0
C00216,2026-05-01,6,1,1
C00216,2026-06-01,1,0,0
C00217,2026-01-01,0,0,0
C00217,2026-02-01,5,0,1
C00217,2026-03-01,1,0,0
C00217,2026-04-01,7,0,1
C00217,2026-05-01,11,1,1
C00217,2026-06-01,5,0,1
C00218,2026-03-01,8,1,1
C00218,2026-04-01,7,1,1
C00218,2026-05-01,1,1,0
C00218,2026-06-01,0,0,0
C00219,2025-10-01,8,0,1
C00219,2025-11-01,6,0,1
C00219,2025-12-01,3,0,1
C00219,2026-01-01,6,2,1
C00219,2026-02-01,6,0,1
C00219,2026-03-01,6,1,1
C00219,2026-04-01,9,0,1
C00219,2026-05-01,0,0,0
C00219,2026-06-01,5,0,1
C00220,2025-03-01,1,0,0
C00220,2025-04-01,1,0,0
C00220,2025-05-01,1,0,0
C00220,2025-06-01,6,2,1
C00220,2025-07-01,1,0,0
C00220,2025-08-01,0,0,0
C00220,2025-09-01,9,1,1
C00220,2025-10-01,9,0,1
C00220,2025-11-01,0,0,0
C00220,2025-12-01,5,0,1
C00220,2026-01-01,0,0,0
C00220,2026-02-01,6,0,1
C00220,2026-03-01,1,0,0
C00220,2026-04-01,1,1,0
C00220,2026-05-01,1,0,0
C00220,2026-06-01,11,0,1
C00221,2025-08-01,7,1,1
C00221,2025-09-01,6,1,1
C00221,2025-10-01,2,0,0
C00221,2025-11-01,1,1,1
C00221,2025-12-01,1,0,0
C00221,2026-01-01,8,0,1
C00221,2026-02-01,6,0,1
C00221,2026-03-01,10,0,1
C00221,2026-04-01,10,0,1
C00221,2026-05-01,11,0,1
C00221,2026-06-01,11,0,1
C00222,2025-05-01,1,1,0
C00222,2025-06-01,8,0,1
C00222,2025-07-01,6,0,1
C00222,2025-08-01,8,0,1
C00222,2025-09-01,3,2,1
C00222,2025-10-01,4,0,1
C00222,2025-11-01,0,0,0
C00222,2025-12-01,6,0,1
C00222,2026-01-01,3,1,0
C00222,2026-02-01,3,0,1
C00222,2026-03-01,3,0,1
C00222,2026-04-01,9,0,1
C00222,2026-05-01,1,0,0
C00222,2026-06-01,0,0,0
C00223,2025-03-01,4,0,1
C00223,2025-04-01,1,1,0
C00223,2025-05-01,4,1,1
C00223,2025-06-01,0,1,0
C00223,2025-07-01,8,1,1
C00223,2025-08-01,0,0,0
C00223,2025-09-01,0,0,0
C00223,2025-10-01,1,1,0
C00223,2025-11-01,1,0,0
C00223,2025-12-01,6,1,1
C00223,2026-01-01,3,0,1
C00223,2026-02-01,2,1,0
C00223,2026-03-01,3,1,1
C00223,2026-04-01,1,1,0
C00223,2026-05-01,5,0,1
C00223,2026-06-01,9,0,1
C00224,2025-04-01,6,0,1
C00224,2025-05-01,8,2,1
C00224,2025-06-01,1,0,0
C00224,2025-07-01,6,0,1
C00224,2025-08-01,10,0,1
C00224,2025-09-01,11,0,1
C00224,2025-10-01,4,1,0
C00224,2025-11-01,0,1,0
C00224,2025-12-01,8,0,1
C00224,2026-01-01,8,0,1
C00224,2026-02-01,1,0,0
C00224,2026-03-01,8,0,1
C00224,2026-04-01,2,0,1
C00224,2026-05-01,2,0,0
C00224,2026-06-01,6,0,1
C00225,2025-02-01,14,0,1
C00225,2025-03-01,7,0,1
C00225,2025-04-01,5,0,1
C00225,2025-05-01,0,1,0
C00225,2025-06-01,8,0,1
C00225,2025-07-01,8,0,1
C00225,2025-08-01,2,1,0
C00225,2025-09-01,8,0,1
C00225,2025-10-01,5,0,1
C00225,2025-11-01,0,1,0
C00225,2025-12-01,0,0,0
C00225,2026-01-01,5,0,1
C00225,2026-02-01,6,0,1
C00225,2026-03-01,1,0,0
C00225,2026-04-01,10,1,1
C00225,2026-05-01,2,1,0
C00225,2026-06-01,9,0,1
C00226,2025-04-01,5,0,1
C00226,2025-05-01,0,0,0
C00226,2025-06-01,7,0,1
C00226,2025-07-01,1,2,0
C00226,2025-08-01,1,0,0
C00226,2025-09-01,9,0,1
C00226,2025-10-01,1,1,0
C00226,2025-11-01,0,1,0
C00226,2025-12-01,12,1,1
C00226,2026-01-01,3,0,1
C00226,2026-02-01,2,0,0
C00226,2026-03-01,0,0,0
C00226,2026-04-01,2,0,0
C00226,2026-05-01,9,1,1
C00226,2026-06-01,11,1,1
C00227,2025-02-01,12,1,1
C00227,2025-03-01,6,0,1
C00227,2025-04-01,10,0,1
C00227,2025-05-01,0,1,0
C00227,2025-06-01,11,0,1
C00227,2025-07-01,4,0,1
C00227,2025-08-01,4,0,1
C00227,2025-09-01,0,0,0
C00227,2025-10-01,3,0,1
C00227,2025-11-01,5,0,1
C00227,2025-12-01,5,0,1
C00227,2026-01-01,1,0,0
C00227,2026-02-01,0,1,0
C00227,2026-03-01,0,0,0
C00227,2026-04-01,9,0,1
C00227,2026-05-01,6,2,1
C00227,2026-06-01,10,2,1
C00228,2026-04-01,9,0,1
C00228,2026-05-01,14,0,1
C00228,2026-06-01,3,0,1
C00229,2025-07-01,0,0,0
C00229,2025-08-01,7,0,1
C00229,2025-09-01,5,2,1
C00229,2025-10-01,4,1,1
C00229,2025-11-01,5,0,1
C00229,2025-12-01,2,0,1
C00229,2026-01-01,10,0,1
C00229,2026-02-01,8,1,1
C00229,2026-03-01,2,0,0
C00229,2026-04-01,0,0,0
C00229,2026-05-01,12,0,1
C00229,2026-06-01,2,2,0
C00230,2025-09-01,7,0,1
C00230,2025-10-01,10,0,1
C00230,2025-11-01,1,0,0
C00230,2025-12-01,3,2,1
C00230,2026-01-01,14,0,1
C00230,2026-02-01,8,0,1
C00230,2026-03-01,9,1,1
C00230,2026-04-01,7,0,1
C00230,2026-05-01,8,0,1
C00230,2026-06-01,3,0,0
C00231,2025-06-01,1,0,0
C00231,2025-07-01,8,0,1
C00231,2025-08-01,0,0,0
C00231,2025-09-01,5,0,1
C00231,2025-10-01,2,0,0
C00231,2025-11-01,4,0,0
C00231,2025-12-01,7,0,1
C00231,2026-01-01,4,1,1
C00231,2026-02-01,2,1,0
C00231,2026-03-01,8,0,1
C00231,2026-04-01,2,0,0
C00231,2026-05-01,0,0,0
C00231,2026-06-01,6,0,1
C00232,2026-01-01,6,0,1
C00232,2026-02-01,9,0,1
C00232,2026-03-01,9,0,1
C00232,2026-04-01,1,0,0
C00232,2026-05-01,7,0,1
C00232,2026-06-01,2,0,0
C00233,2026-03-01,4,1,1
C00233,2026-04-01,0,1,0
C00233,2026-05-01,7,1,1
C00233,2026-06-01,6,0,1
C00234,2026-02-01,2,0,0
C00234,2026-03-01,10,0,1
C00234,2026-04-01,8,1,1
C00234,2026-05-01,4,0,1
C00234,2026-06-01,7,0,1
C00235,2026-02-01,9,0,1
C00235,2026-03-01,1,1,0
C00235,2026-04-01,5,0,1
C00235,2026-05-01,6,0,1
C00235,2026-06-01,1,0,0
C00236,2025-03-01,1,1,0
C00236,2025-04-01,0,0,0
C00236,2025-05-01,8,0,1
C00236,2025-06-01,11,0,1
C00236,2025-07-01,6,0,1
C00236,2025-08-01,2,1,0
C00236,2025-09-01,2,0,0
C00236,2025-10-01,1,1,0
C00236,2025-11-01,6,0,1
C00236,2025-12-01,1,1,0
C00236,2026-01-01,1,0,0
C00236,2026-02-01,5,0,1
C00236,2026-03-01,8,0,1
C00236,2026-04-01,1,0,0
C00236,2026-05-01,1,0,0
C00236,2026-06-01,0,0,0
C00237,2025-05-01,1,0,0
C00237,2025-06-01,4,2,1
C00237,2025-07-01,4,0,1
C00237,2025-08-01,13,0,1
C00237,2025-09-01,8,0,1
C00237,2025-10-01,0,1,0
C00237,2025-11-01,4,1,1
C00237,2025-12-01,0,0,0
C00237,2026-01-01,8,0,1
C00237,2026-02-01,0,0,0
C00237,2026-03-01,10,1,1
C00237,2026-04-01,12,0,1
C00237,2026-05-01,9,0,1
C00237,2026-06-01,0,0,0
C00238,2025-05-01,7,0,1
C00238,2025-06-01,7,0,1
C00238,2025-07-01,5,1,1
C00238,2025-08-01,1,1,0
C00238,2025-09-01,1,2,0
C00238,2025-10-01,2,0,0
C00238,2025-11-01,5,1,1
C00238,2025-12-01,8,0,1
C00238,2026-01-01,8,2,1
C00238,2026-02-01,6,1,1
C00238,2026-03-01,11,0,1
C00238,2026-04-01,0,0,0
C00238,2026-05-01,1,0,0
C00238,2026-06-01,1,1,0
C00239,2025-10-01,2,0,0
C00239,2025-11-01,3,1,0
C00239,2025-12-01,3,0,0
C00239,2026-01-01,7,0,1
C00239,2026-02-01,0,0,0
C00239,2026-03-01,6,0,1
C00239,2026-04-01,6,0,1
C00239,2026-05-01,11,0,1
C00239,2026-06-01,10,0,1
C00240,2025-08-01,12,1,1
C00240,2025-09-01,9,0,1
C00240,2025-10-01,5,0,1
C00240,2025-11-01,0,0,0
C00240,2025-12-01,1,0,0
C00240,2026-01-01,8,1,1
C00240,2026-02-01,7,0,1
C00240,2026-03-01,10,1,1
C00240,2026-04-01,3,1,1
C00240,2026-05-01,13,0,1
C00240,2026-06-01,8,0,1
C00241,2025-04-01,6,0,1
C00241,2025-05-01,8,3,1
C00241,2025-06-01,4,0,1
C00241,2025-07-01,9,0,1
C00241,2025-08-01,10,0,1
C00241,2025-09-01,6,0,1
C00241,2025-10-01,2,0,0
C00241,2025-11-01,2,0,0
C00241,2025-12-01,6,0,1
C00241,2026-01-01,1,1,0
C00241,2026-02-01,10,1,1
C00241,2026-03-01,1,0,0
C00241,2026-04-01,13,0,1
C00241,2026-05-01,0,0,0
C00241,2026-06-01,2,1,0
C00242,2025-07-01,2,0,1
C00242,2025-08-01,0,0,0
C00242,2025-09-01,11,0,1
C00242,2025-10-01,11,0,1
C00242,2025-11-01,9,0,1
C00242,2025-12-01,1,0,0
C00242,2026-01-01,0,0,0
C00242,2026-02-01,0,0,0
C00242,2026-03-01,7,0,1
C00242,2026-04-01,2,0,0
C00242,2026-05-01,7,1,1
C00242,2026-06-01,4,0,1
C00243,2025-10-01,0,0,0
C00243,2025-11-01,1,0,0
C00243,2025-12-01,7,1,1
C00243,2026-01-01,1,1,0
C00243,2026-02-01,6,1,1
C00243,2026-03-01,2,0,1
C00243,2026-04-01,5,0,1
C00243,2026-05-01,8,0,1
C00243,2026-06-01,1,1,0
C00244,2026-05-01,7,1,1
C00244,2026-06-01,13,0,1
C00245,2026-05-01,6,0,1
C00245,2026-06-01,9,0,1
C00246,2025-10-01,6,2,1
C00246,2025-11-01,0,0,0
C00246,2025-12-01,5,1,1
C00246,2026-01-01,8,0,1
C00246,2026-02-01,6,1,1
C00246,2026-03-01,7,0,1
C00246,2026-04-01,4,1,1
C00246,2026-05-01,1,0,0
C00246,2026-06-01,4,0,1
C00247,2025-02-01,0,0,0
C00247,2025-03-01,0,1,0
C00247,2025-04-01,7,0,1
C00247,2025-05-01,6,0,1
C00247,2025-06-01,1,0,0
C00247,2025-07-01,1,0,0
C00247,2025-08-01,10,0,1
C00247,2025-09-01,4,1,1
C00247,2025-10-01,10,0,1
C00247,2025-11-01,1,0,0
C00247,2025-12-01,8,0,1
C00247,2026-01-01,3,0,1
C00247,2026-02-01,1,1,0
C00247,2026-03-01,5,0,1
C00247,2026-04-01,0,0,0
C00247,2026-05-01,11,0,1
C00247,2026-06-01,0,0,0
C00248,2026-01-01,6,0,1
C00248,2026-02-01,7,0,1
C00248,2026-03-01,3,0,1
C00248,2026-04-01,7,0,1
C00248,2026-05-01,8,1,1
C00248,2026-06-01,3,0,1
C00249,2026-04-01,4,0,1
C00249,2026-05-01,0,0,0
C00249,2026-06-01,1,0,0
C00250,2025-02-01,0,0,0
C00250,2025-03-01,7,2,1
C00250,2025-04-01,12,1,1
C00250,2025-05-01,0,0,0
C00250,2025-06-01,5,1,1
C00250,2025-07-01,0,1,0
C00250,2025-08-01,3,1,0
C00250,2025-09-01,8,0,1
C00250,2025-10-01,7,1,1
C00250,2025-11-01,6,1,1
C00250,2025-12-01,5,0,1
C00250,2026-01-01,0,0,0
C00250,2026-02-01,9,0,1
C00250,2026-03-01,0,0,0
C00250,2026-04-01,0,1,0
C00250,2026-05-01,11,2,1
C00250,2026-06-01,3,0,0
C00251,2025-09-01,10,0,1
C00251,2025-10-01,0,1,0
C00251,2025-11-01,0,2,0
C00251,2025-12-01,14,0,1
C00251,2026-01-01,11,0,1
C00251,2026-02-01,1,0,0
C00251,2026-03-01,1,0,0
C00251,2026-04-01,4,0,1
C00251,2026-05-01,1,0,0
C00251,2026-06-01,2,0,0
C00252,2025-07-01,9,0,1
C00252,2025-08-01,1,0,0
C00252,2025-09-01,5,1,1
C00252,2025-10-01,7,0,1
C00252,2025-11-01,3,0,0
C00252,2025-12-01,0,1,0
C00252,2026-01-01,6,0,1
C00252,2026-02-01,0,0,0
C00252,2026-03-01,0,0,0
C00252,2026-04-01,1,0,0
C00252,2026-05-01,6,0,1
C00252,2026-06-01,6,1,1
C00253,2025-07-01,0,1,0
C00253,2025-08-01,0,1,0
C00253,2025-09-01,7,1,1
C00253,2025-10-01,6,0,1
C00253,2025-11-01,8,0,1
C00253,2025-12-01,4,1,1
C00253,2026-01-01,0,0,0
C00253,2026-02-01,0,0,0
C00253,2026-03-01,3,0,1
C00253,2026-04-01,12,1,1
C00253,2026-05-01,5,0,1
C00253,2026-06-01,0,2,0
C00254,2025-07-01,4,0,1
C00254,2025-08-01,7,1,1
C00254,2025-09-01,5,0,1
C00254,2025-10-01,15,1,1
C00254,2025-11-01,5,0,1
C00254,2025-12-01,12,0,1
C00254,2026-01-01,0,0,0
C00254,2026-02-01,1,2,0
C00254,2026-03-01,7,0,1
C00254,2026-04-01,9,3,1
C00254,2026-05-01,0,0,0
C00254,2026-06-01,0,0,0
C00255,2025-05-01,9,1,1
C00255,2025-06-01,0,0,0
C00255,2025-07-01,4,0,1
C00255,2025-08-01,1,0,0
C00255,2025-09-01,5,0,1
C00255,2025-10-01,11,2,1
C00255,2025-11-01,4,0,1
C00255,2025-12-01,0,1,0
C00255,2026-01-01,0,0,0
C00255,2026-02-01,0,0,0
C00255,2026-03-01,3,0,0
C00255,2026-04-01,5,0,1
C00255,2026-05-01,2,1,0
C00255,2026-06-01,7,0,1
C00256,2026-04-01,1,0,0
C00256,2026-05-01,1,0,0
C00256,2026-06-01,6,1,1
C00257,2026-01-01,12,0,1
C00257,2026-02-01,0,0,0
C00257,2026-03-01,12,0,1
C00257,2026-04-01,6,1,1
C00257,2026-05-01,4,1,1
C00257,2026-06-01,2,0,0
C00258,2026-05-01,0,0,0
C00258,2026-06-01,7,2,1
C00259,2025-07-01,2,0,0
C00259,2025-08-01,5,1,1
C00259,2025-09-01,1,1,0
C00259,2025-10-01,7,0,1
C00259,2025-11-01,1,1,0
C00259,2025-12-01,2,0,0
C00259,2026-01-01,4,0,1
C00259,2026-02-01,2,1,0
C00259,2026-03-01,2,0,0
C00259,2026-04-01,7,0,1
C00259,2026-05-01,1,2,0
C00259,2026-06-01,0,0,0
C00260,2025-06-01,1,0,0
C00260,2025-07-01,5,1,1
C00260,2025-08-01,5,0,1
C00260,2025-09-01,11,1,1
C00260,2025-10-01,9,0,1
C00260,2025-11-01,3,0,1
C00260,2025-12-01,9,0,1
C00260,2026-01-01,7,0,1
C00260,2026-02-01,6,0,1
C00260,2026-03-01,1,1,0
C00260,2026-04-01,7,0,1
C00260,2026-05-01,10,1,1
C00260,2026-06-01,0,1,0
C00261,2026-04-01,9,1,1
C00261,2026-05-01,2,0,0
C00261,2026-06-01,7,0,1
C00262,2026-05-01,1,1,0
C00262,2026-06-01,12,0,1
C00263,2025-11-01,6,0,1
C00263,2025-12-01,9,1,1
C00263,2026-01-01,10,0,1
C00263,2026-02-01,4,0,1
C00263,2026-03-01,6,1,1
C00263,2026-04-01,15,0,1
C00263,2026-05-01,1,0,0
C00263,2026-06-01,1,1,0
C00264,2025-11-01,10,0,1
C00264,2025-12-01,4,1,1
C00264,2026-01-01,0,0,0
C00264,2026-02-01,5,2,1
C00264,2026-03-01,7,2,1
C00264,2026-04-01,1,0,0
C00264,2026-05-01,3,0,1
C00264,2026-06-01,9,0,1
C00265,2025-10-01,3,1,1
C00265,2025-11-01,0,0,0
C00265,2025-12-01,5,0,1
C00265,2026-01-01,1,0,0
C00265,2026-02-01,6,1,1
C00265,2026-03-01,5,1,1
C00265,2026-04-01,12,0,1
C00265,2026-05-01,4,1,1
C00265,2026-06-01,3,0,1
C00266,2026-03-01,11,0,1
C00266,2026-04-01,5,1,1
C00266,2026-05-01,5,0,1
C00266,2026-06-01,0,0,0
C00267,2025-04-01,1,1,0
C00267,2025-05-01,10,1,1
C00267,2025-06-01,4,0,1
C00267,2025-07-01,6,0,1
C00267,2025-08-01,0,0,0
C00267,2025-09-01,0,2,0
C00267,2025-10-01,5,0,1
C00267,2025-11-01,10,0,1
C00267,2025-12-01,9,1,1
C00267,2026-01-01,8,0,1
C00267,2026-02-01,8,0,1
C00267,2026-03-01,6,1,1
C00267,2026-04-01,2,0,0
C00267,2026-05-01,9,0,1
C00267,2026-06-01,0,0,0
C00268,2025-07-01,7,1,1
C00268,2025-08-01,6,0,1
C00268,2025-09-01,0,0,0
C00268,2025-10-01,1,0,0
C00268,2025-11-01,0,1,0
C00268,2025-12-01,0,0,0
C00268,2026-01-01,8,0,1
C00268,2026-02-01,0,0,0
C00268,2026-03-01,0,0,0
C00268,2026-04-01,6,0,1
C00268,2026-05-01,4,0,1
C00268,2026-06-01,1,0,0
C00269,2025-08-01,9,1,1
C00269,2025-09-01,6,0,1
C00269,2025-10-01,2,0,0
C00269,2025-11-01,4,0,1
C00269,2025-12-01,8,0,1
C00269,2026-01-01,1,0,0
C00269,2026-02-01,2,0,0
C00269,2026-03-01,7,0,1
C00269,2026-04-01,9,0,1
C00269,2026-05-01,10,1,1
C00269,2026-06-01,0,0,0
C00270,2025-12-01,0,0,0
C00270,2026-01-01,2,1,0
C00270,2026-02-01,7,0,1
C00270,2026-03-01,5,0,1
C00270,2026-04-01,3,0,1
C00270,2026-05-01,9,0,1
C00270,2026-06-01,8,0,1
C00271,2025-06-01,9,0,1
C00271,2025-07-01,7,0,1
C00271,2025-08-01,1,0,0
C00271,2025-09-01,10,0,1
C00271,2025-10-01,10,0,1
C00271,2025-11-01,1,0,0
C00271,2025-12-01,9,1,1
C00271,2026-01-01,1,0,0
C00271,2026-02-01,8,1,1
C00271,2026-03-01,2,1,0
C00271,2026-04-01,0,0,0
C00271,2026-05-01,7,1,1
C00271,2026-06-01,5,1,1
C00272,2026-01-01,7,0,1
C00272,2026-02-01,0,1,0
C00272,2026-03-01,2,0,1
C00272,2026-04-01,1,0,0
C00272,2026-05-01,6,0,1
C00272,2026-06-01,6,0,1
C00273,2025-03-01,11,2,1
C00273,2025-04-01,6,0,1
C00273,2025-05-01,0,0,0
C00273,2025-06-01,5,0,1
C00273,2025-07-01,3,0,1
C00273,2025-08-01,4,0,1
C00273,2025-09-01,0,0,0
C00273,2025-10-01,13,0,1
C00273,2025-11-01,1,1,0
C00273,2025-12-01,6,0,1
C00273,2026-01-01,0,0,0
C00273,2026-02-01,7,0,1
C00273,2026-03-01,0,1,0
C00273,2026-04-01,8,0,1
C00273,2026-05-01,9,1,1
C00273,2026-06-01,10,1,1
C00274,2025-03-01,7,0,1
C00274,2025-04-01,5,0,1
C00274,2025-05-01,7,0,1
C00274,2025-06-01,6,0,1
C00274,2025-07-01,5,0,1
C00274,2025-08-01,7,0,1
C00274,2025-09-01,8,0,1
C00274,2025-10-01,8,0,1
C00274,2025-11-01,0,1,0
C00274,2025-12-01,1,0,0
C00274,2026-01-01,11,1,1
C00274,2026-02-01,7,0,1
C00274,2026-03-01,2,0,0
C00274,2026-04-01,11,0,1
C00274,2026-05-01,2,0,0
C00274,2026-06-01,1,1,0
C00275,2025-07-01,0,0,0
C00275,2025-08-01,8,0,1
C00275,2025-09-01,9,0,1
C00275,2025-10-01,7,1,1
C00275,2025-11-01,6,0,1
C00275,2025-12-01,6,0,1
C00275,2026-01-01,5,1,1
C00275,2026-02-01,7,0,1
C00275,2026-03-01,0,0,0
C00275,2026-04-01,0,0,0
C00275,2026-05-01,2,0,0
C00275,2026-06-01,2,0,0
C00276,2026-01-01,7,0,1
C00276,2026-02-01,7,1,1
C00276,2026-03-01,8,0,1
C00276,2026-04-01,6,0,1
C00276,2026-05-01,12,1,1
C00276,2026-06-01,9,0,1
C00277,2025-08-01,5,0,1
C00277,2025-09-01,13,1,1
C00277,2025-10-01,7,1,1
C00277,2025-11-01,2,0,0
C00277,2025-12-01,1,0,0
C00277,2026-01-01,13,0,1
C00277,2026-02-01,3,0,1
C00277,2026-03-01,0,2,0
C00277,2026-04-01,8,0,1
C00277,2026-05-01,3,0,0
C00277,2026-06-01,8,1,1
C00278,2025-12-01,0,2,0
C00278,2026-01-01,2,1,0
C00278,2026-02-01,0,0,0
C00278,2026-03-01,1,0,0
C00278,2026-04-01,1,0,0
C00278,2026-05-01,6,0,1
C00278,2026-06-01,1,0,0
C00279,2026-01-01,5,1,1
C00279,2026-02-01,0,0,0
C00279,2026-03-01,8,1,1
C00279,2026-04-01,4,0,1
C00279,2026-05-01,7,1,1
C00279,2026-06-01,3,0,1
C00280,2026-02-01,5,0,1
C00280,2026-03-01,5,0,1
C00280,2026-04-01,0,1,0
C00280,2026-05-01,2,1,0
C00280,2026-06-01,8,0,1
C00281,2025-05-01,7,0,1
C00281,2025-06-01,8,0,1
C00281,2025-07-01,8,1,1
C00281,2025-08-01,4,0,1
C00281,2025-09-01,6,0,1
C00281,2025-10-01,8,0,1
C00281,2025-11-01,2,1,0
C00281,2025-12-01,6,0,1
C00281,2026-01-01,11,1,1
C00281,2026-02-01,1,2,0
C00281,2026-03-01,5,0,1
C00281,2026-04-01,9,0,1
C00281,2026-05-01,8,0,1
C00281,2026-06-01,8,0,1
C00282,2025-10-01,5,1,1
C00282,2025-11-01,7,1,1
C00282,2025-12-01,1,0,0
C00282,2026-01-01,10,0,1
C00282,2026-02-01,1,1,0
C00282,2026-03-01,1,1,0
C00282,2026-04-01,10,0,1
C00282,2026-05-01,7,0,1
C00282,2026-06-01,2,0,0
C00283,2025-03-01,1,0,0
C00283,2025-04-01,1,0,1
C00283,2025-05-01,5,0,1
C00283,2025-06-01,1,0,0
C00283,2025-07-01,0,1,0
C00283,2025-08-01,5,0,1
C00283,2025-09-01,5,0,1
C00283,2025-10-01,6,0,1
C00283,2025-11-01,3,0,1
C00283,2025-12-01,0,0,0
C00283,2026-01-01,6,0,1
C00283,2026-02-01,2,1,1
C00283,2026-03-01,1,0,0
C00283,2026-04-01,0,0,0
C00283,2026-05-01,1,0,0
C00283,2026-06-01,0,0,0
C00284,2025-11-01,9,0,1
C00284,2025-12-01,11,0,1
C00284,2026-01-01,1,1,0
C00284,2026-02-01,6,1,1
C00284,2026-03-01,6,1,1
C00284,2026-04-01,0,0,0
C00284,2026-05-01,0,0,0
C00284,2026-06-01,8,0,1
C00285,2026-01-01,1,0,0
C00285,2026-02-01,0,0,0
C00285,2026-03-01,2,1,0
C00285,2026-04-01,8,0,1
C00285,2026-05-01,1,2,0
C00285,2026-06-01,5,1,1
C00286,2026-03-01,7,1,1
C00286,2026-04-01,7,0,1
C00286,2026-05-01,10,2,1
C00286,2026-06-01,6,0,1
C00287,2026-03-01,4,1,1
C00287,2026-04-01,3,0,0
C00287,2026-05-01,0,1,0
C00287,2026-06-01,5,0,1
C00288,2025-08-01,5,0,1
C00288,2025-09-01,1,1,0
C00288,2025-10-01,11,0,1
C00288,2025-11-01,8,0,1
C00288,2025-12-01,0,1,0
C00288,2026-01-01,6,0,1
C00288,2026-02-01,10,2,1
C00288,2026-03-01,0,0,0
C00288,2026-04-01,0,0,0
C00288,2026-05-01,0,0,0
C00288,2026-06-01,3,0,0
C00289,2025-12-01,1,0,0
C00289,2026-01-01,7,0,1
C00289,2026-02-01,10,0,1
C00289,2026-03-01,0,0,0
C00289,2026-04-01,2,2,0
C00289,2026-05-01,10,0,1
C00289,2026-06-01,7,1,1
C00290,2025-12-01,10,0,1
C00290,2026-01-01,10,0,1
C00290,2026-02-01,0,0,0
C00290,2026-03-01,3,0,1
C00290,2026-04-01,2,1,0
C00290,2026-05-01,8,0,1
C00290,2026-06-01,0,0,0
C00291,2025-06-01,4,0,1
C00291,2025-07-01,6,1,1
C00291,2025-08-01,8,0,1
C00291,2025-09-01,9,0,1
C00291,2025-10-01,10,0,1
C00291,2025-11-01,8,1,1
C00291,2025-12-01,6,0,1
C00291,2026-01-01,0,0,0
C00291,2026-02-01,6,2,1
C00291,2026-03-01,0,0,0
C00291,2026-04-01,3,0,0
C00291,2026-05-01,6,1,1
C00291,2026-06-01,9,0,1
C00292,2025-03-01,8,1,1
C00292,2025-04-01,8,0,1
C00292,2025-05-01,1,2,0
C00292,2025-06-01,2,0,0
C00292,2025-07-01,3,1,1
C00292,2025-08-01,7,0,1
C00292,2025-09-01,1,1,0
C00292,2025-10-01,6,0,1
C00292,2025-11-01,0,0,0
C00292,2025-12-01,7,2,1
C00292,2026-01-01,3,0,1
C00292,2026-02-01,1,2,0
C00292,2026-03-01,4,0,0
C00292,2026-04-01,0,1,0
C00292,2026-05-01,6,1,1
C00292,2026-06-01,0,0,0
C00293,2025-02-01,10,1,1
C00293,2025-03-01,0,0,0
C00293,2025-04-01,13,2,1
C00293,2025-05-01,9,0,1
C00293,2025-06-01,10,0,1
C00293,2025-07-01,0,0,0
C00293,2025-08-01,10,0,1
C00293,2025-09-01,0,1,0
C00293,2025-10-01,7,0,1
C00293,2025-11-01,11,0,1
C00293,2025-12-01,0,0,0
C00293,2026-01-01,1,0,0
C00293,2026-02-01,2,0,0
C00293,2026-03-01,1,0,0
C00293,2026-04-01,10,0,1
C00293,2026-05-01,10,0,1
C00293,2026-06-01,3,0,0
C00294,2025-10-01,8,0,1
C00294,2025-11-01,4,0,1
C00294,2025-12-01,1,1,0
C00294,2026-01-01,9,1,1
C00294,2026-02-01,1,0,0
C00294,2026-03-01,10,0,1
C00294,2026-04-01,5,0,1
C00294,2026-05-01,6,0,1
C00294,2026-06-01,8,0,1
C00295,2025-05-01,1,0,0
C00295,2025-06-01,4,1,1
C00295,2025-07-01,0,0,0
C00295,2025-08-01,9,0,1
C00295,2025-09-01,1,1,0
C00295,2025-10-01,12,1,1
C00295,2025-11-01,4,1,1
C00295,2025-12-01,1,1,0
C00295,2026-01-01,8,0,1
C00295,2026-02-01,0,0,0
C00295,2026-03-01,7,0,1
C00295,2026-04-01,1,1,0
C00295,2026-05-01,1,0,0
C00295,2026-06-01,0,0,0
C00296,2026-05-01,5,0,1
C00296,2026-06-01,3,1,1
C00297,2025-06-01,2,0,0
C00297,2025-07-01,2,0,0
C00297,2025-08-01,1,0,0
C00297,2025-09-01,4,1,1
C00297,2025-10-01,8,1,1
C00297,2025-11-01,6,1,1
C00297,2025-12-01,7,0,1
C00297,2026-01-01,2,0,0
C00297,2026-02-01,3,1,1
C00297,2026-03-01,4,2,1
C00297,2026-04-01,3,1,0
C00297,2026-05-01,8,0,1
C00297,2026-06-01,0,0,0
C00298,2026-04-01,0,0,0
C00298,2026-05-01,2,0,0
C00298,2026-06-01,7,0,1
C00299,2025-08-01,5,1,1
C00299,2025-09-01,2,0,0
C00299,2025-10-01,0,0,0
C00299,2025-11-01,5,1,1
C00299,2025-12-01,0,0,0
C00299,2026-01-01,0,1,0
C00299,2026-02-01,2,0,0
C00299,2026-03-01,8,1,1
C00299,2026-04-01,0,0,0
C00299,2026-05-01,1,0,0
C00299,2026-06-01,0,0,0
C00300,2025-07-01,6,1,1
C00300,2025-08-01,7,0,1
C00300,2025-09-01,13,0,1
C00300,2025-10-01,0,0,0
C00300,2025-11-01,1,0,0
C00300,2025-12-01,9,0,1
C00300,2026-01-01,8,1,1
C00300,2026-02-01,1,0,0
C00300,2026-03-01,8,0,1
C00300,2026-04-01,2,0,0
C00300,2026-05-01,3,0,1
C00300,2026-06-01,6,0,1
C00301,2026-01-01,10,0,1
C00301,2026-02-01,0,0,0
C00301,2026-03-01,8,0,1
C00301,2026-04-01,0,0,0
C00301,2026-05-01,1,0,0
C00301,2026-06-01,11,0,1
C00302,2025-06-01,7,1,1
C00302,2025-07-01,7,0,1
C00302,2025-08-01,2,0,1
C00302,2025-09-01,4,0,1
C00302,2025-10-01,4,0,1
C00302,2025-11-01,5,1,1
C00302,2025-12-01,8,0,1
C00302,2026-01-01,7,1,1
C00302,2026-02-01,2,1,0
C00302,2026-03-01,5,0,1
C00302,2026-04-01,9,0,1
C00302,2026-05-01,8,0,1
C00302,2026-06-01,1,0,0
C00303,2026-03-01,4,0,0
C00303,2026-04-01,6,1,1
C00303,2026-05-01,1,0,0
C00303,2026-06-01,6,0,1
C00304,2025-06-01,1,0,0
C00304,2025-07-01,1,0,0
C00304,2025-08-01,6,0,1
C00304,2025-09-01,6,1,1
C00304,2025-10-01,0,0,0
C00304,2025-11-01,0,0,0
C00304,2025-12-01,9,1,1
C00304,2026-01-01,7,0,1
C00304,2026-02-01,7,0,1
C00304,2026-03-01,2,0,0
C00304,2026-04-01,9,1,1
C00304,2026-05-01,6,0,1
C00304,2026-06-01,7,0,1
C00305,2026-01-01,6,1,1
C00305,2026-02-01,8,0,1
C00305,2026-03-01,10,0,1
C00305,2026-04-01,0,0,0
C00305,2026-05-01,5,0,1
C00305,2026-06-01,0,0,0
C00306,2025-04-01,5,0,1
C00306,2025-05-01,7,0,1
C00306,2025-06-01,1,0,0
C00306,2025-07-01,2,1,0
C00306,2025-08-01,9,2,1
C00306,2025-09-01,5,0,1
C00306,2025-10-01,8,1,1
C00306,2025-11-01,3,0,1
C00306,2025-12-01,2,1,0
C00306,2026-01-01,8,0,1
C00306,2026-02-01,2,0,0
C00306,2026-03-01,13,0,1
C00306,2026-04-01,9,0,1
C00306,2026-05-01,1,0,0
C00306,2026-06-01,1,0,0
C00307,2025-09-01,6,0,1
C00307,2025-10-01,7,0,1
C00307,2025-11-01,0,1,0
C00307,2025-12-01,8,0,1
C00307,2026-01-01,8,1,1
C00307,2026-02-01,2,0,0
C00307,2026-03-01,7,0,1
C00307,2026-04-01,3,0,1
C00307,2026-05-01,0,0,0
C00307,2026-06-01,7,0,1
C00308,2025-12-01,8,0,1
C00308,2026-01-01,3,0,0
C00308,2026-02-01,7,0,1
C00308,2026-03-01,1,2,0
C00308,2026-04-01,0,0,0
C00308,2026-05-01,2,0,1
C00308,2026-06-01,2,0,0
C00309,2025-11-01,8,0,1
C00309,2025-12-01,1,0,0
C00309,2026-01-01,10,1,1
C00309,2026-02-01,7,0,1
C00309,2026-03-01,5,1,1
C00309,2026-04-01,1,0,0
C00309,2026-05-01,10,0,1
C00309,2026-06-01,0,0,0
C00310,2025-07-01,10,0,1
C00310,2025-08-01,8,0,1
C00310,2025-09-01,6,0,1
C00310,2025-10-01,9,0,1
C00310,2025-11-01,7,1,1
C00310,2025-12-01,7,0,1
C00310,2026-01-01,5,1,1
C00310,2026-02-01,6,0,1
C00310,2026-03-01,13,0,1
C00310,2026-04-01,8,0,1
C00310,2026-05-01,9,0,1
C00310,2026-06-01,3,0,0
C00311,2025-04-01,16,0,1
C00311,2025-05-01,8,0,1
C00311,2025-06-01,6,0,1
C00311,2025-07-01,5,1,1
C00311,2025-08-01,2,0,0
C00311,2025-09-01,0,0,0
C00311,2025-10-01,6,0,1
C00311,2025-11-01,6,0,1
C00311,2025-12-01,1,0,0
C00311,2026-01-01,3,1,1
C00311,2026-02-01,0,0,0
C00311,2026-03-01,7,1,1
C00311,2026-04-01,1,1,0
C00311,2026-05-01,6,0,1
C00311,2026-06-01,6,0,1
C00312,2025-12-01,6,0,1
C00312,2026-01-01,10,0,1
C00312,2026-02-01,5,0,1
C00312,2026-03-01,7,0,1
C00312,2026-04-01,1,1,0
C00312,2026-05-01,1,0,0
C00312,2026-06-01,7,0,1
C00313,2025-08-01,7,0,1
C00313,2025-09-01,4,1,1
C00313,2025-10-01,1,1,0
C00313,2025-11-01,5,1,1
C00313,2025-12-01,2,0,0
C00313,2026-01-01,1,0,0
C00313,2026-02-01,10,1,1
C00313,2026-03-01,0,0,0
C00313,2026-04-01,1,0,0
C00313,2026-05-01,0,1,0
C00313,2026-06-01,1,1,0
C00314,2025-07-01,7,0,1
C00314,2025-08-01,9,0,1
C00314,2025-09-01,0,0,0
C00314,2025-10-01,1,1,0
C00314,2025-11-01,7,0,1
C00314,2025-12-01,4,0,0
C00314,2026-01-01,16,0,1
C00314,2026-02-01,2,1,0
C00314,2026-03-01,11,1,1
C00314,2026-04-01,7,0,1
C00314,2026-05-01,8,0,1
C00314,2026-06-01,1,0,0
C00315,2025-02-01,10,2,1
C00315,2025-03-01,1,0,0
C00315,2025-04-01,4,0,1
C00315,2025-05-01,4,1,1
C00315,2025-06-01,6,1,1
C00315,2025-07-01,7,0,1
C00315,2025-08-01,9,0,1
C00315,2025-09-01,1,0,0
C00315,2025-10-01,4,0,1
C00315,2025-11-01,5,0,1
C00315,2025-12-01,1,1,0
C00315,2026-01-01,0,1,0
C00315,2026-02-01,1,1,0
C00315,2026-03-01,6,1,1
C00315,2026-04-01,6,0,1
C00315,2026-05-01,1,1,0
C00315,2026-06-01,4,1,0
C00316,2025-05-01,8,1,1
C00316,2025-06-01,1,0,0
C00316,2025-07-01,6,0,1
C00316,2025-08-01,8,0,1
C00316,2025-09-01,5,1,1
C00316,2025-10-01,3,0,1
C00316,2025-11-01,9,1,1
C00316,2025-12-01,1,3,0
C00316,2026-01-01,3,0,0
C00316,2026-02-01,1,0,0
C00316,2026-03-01,2,0,0
C00316,2026-04-01,7,0,1
C00316,2026-05-01,2,0,0
C00316,2026-06-01,4,0,1
C00317,2025-11-01,9,1,1
C00317,2025-12-01,2,1,0
C00317,2026-01-01,0,2,0
C00317,2026-02-01,0,1,0
C00317,2026-03-01,5,0,1
C00317,2026-04-01,3,0,0
C00317,2026-05-01,10,0,1
C00317,2026-06-01,4,0,1
C00318,2025-08-01,6,0,1
C00318,2025-09-01,5,0,1
C00318,2025-10-01,10,0,1
C00318,2025-11-01,11,0,1
C00318,2025-12-01,3,0,0
C00318,2026-01-01,2,0,0
C00318,2026-02-01,5,2,1
C00318,2026-03-01,0,0,0
C00318,2026-04-01,1,0,0
C00318,2026-05-01,6,0,1
C00318,2026-06-01,6,1,1
C00319,2025-04-01,8,2,1
C00319,2025-05-01,11,1,1
C00319,2025-06-01,9,0,1
C00319,2025-07-01,4,0,1
C00319,2025-08-01,4,0,1
C00319,2025-09-01,5,0,1
C00319,2025-10-01,0,0,0
C00319,2025-11-01,4,1,1
C00319,2025-12-01,6,0,1
C00319,2026-01-01,0,0,0
C00319,2026-02-01,7,0,1
C00319,2026-03-01,11,0,1
C00319,2026-04-01,5,0,1
C00319,2026-05-01,6,0,1
C00319,2026-06-01,0,0,0
C00320,2026-04-01,4,0,1
C00320,2026-05-01,6,0,1
C00320,2026-06-01,1,0,0
C00321,2026-04-01,8,0,1
C00321,2026-05-01,10,0,1
C00321,2026-06-01,6,1,1
C00322,2025-04-01,6,0,1
C00322,2025-05-01,0,0,0
C00322,2025-06-01,1,0,0
C00322,2025-07-01,1,0,0
C00322,2025-08-01,2,1,0
C00322,2025-09-01,7,0,1
C00322,2025-10-01,7,0,1
C00322,2025-11-01,4,0,1
C00322,2025-12-01,7,2,1
C00322,2026-01-01,0,2,0
C00322,2026-02-01,0,0,0
C00322,2026-03-01,1,0,0
C00322,2026-04-01,9,1,1
C00322,2026-05-01,7,0,1
C00322,2026-06-01,1,1,0
C00323,2025-10-01,7,1,1
C00323,2025-11-01,2,1,0
C00323,2025-12-01,0,0,0
C00323,2026-01-01,9,0,1
C00323,2026-02-01,0,0,0
C00323,2026-03-01,9,0,1
C00323,2026-04-01,9,0,1
C00323,2026-05-01,7,0,1
C00323,2026-06-01,0,0,0
C00324,2026-03-01,11,0,1
C00324,2026-04-01,9,1,1
C00324,2026-05-01,11,1,1
C00324,2026-06-01,13,0,1
C00325,2026-05-01,2,0,0
C00325,2026-06-01,7,0,1
C00326,2025-02-01,11,0,1
C00326,2025-03-01,0,0,0
C00326,2025-04-01,5,1,1
C00326,2025-05-01,1,1,0
C00326,2025-06-01,1,0,0
C00326,2025-07-01,1,0,0
C00326,2025-08-01,7,1,1
C00326,2025-09-01,2,2,0
C00326,2025-10-01,0,0,0
C00326,2025-11-01,8,0,1
C00326,2025-12-01,8,1,1
C00326,2026-01-01,3,0,0
C00326,2026-02-01,6,0,1
C00326,2026-03-01,7,0,1
C00326,2026-04-01,4,1,1
C00326,2026-05-01,4,0,1
C00326,2026-06-01,6,0,1
C00327,2026-03-01,6,0,1
C00327,2026-04-01,4,0,1
C00327,2026-05-01,1,0,0
C00327,2026-06-01,12,0,1
C00328,2025-05-01,3,0,1
C00328,2025-06-01,3,0,1
C00328,2025-07-01,8,0,1
C00328,2025-08-01,6,1,1
C00328,2025-09-01,8,1,1
C00328,2025-10-01,6,0,1
C00328,2025-11-01,10,0,1
C00328,2025-12-01,8,1,1
C00328,2026-01-01,6,1,1
C00328,2026-02-01,5,1,1
C00328,2026-03-01,3,0,1
C00328,2026-04-01,0,0,0
C00328,2026-05-01,2,0,0
C00328,2026-06-01,1,0,0
C00329,2025-11-01,3,0,0
C00329,2025-12-01,7,0,1
C00329,2026-01-01,9,0,1
C00329,2026-02-01,9,0,1
C00329,2026-03-01,0,0,0
C00329,2026-04-01,8,0,1
C00329,2026-05-01,8,1,1
C00329,2026-06-01,2,1,0
C00330,2025-03-01,1,1,0
C00330,2025-04-01,6,0,1
C00330,2025-05-01,3,1,1
C00330,2025-06-01,1,0,0
C00330,2025-07-01,6,1,1
C00330,2025-08-01,9,1,1
C00330,2025-09-01,10,0,1
C00330,2025-10-01,7,0,1
C00330,2025-11-01,0,0,0
C00330,2025-12-01,9,0,1
C00330,2026-01-01,11,1,1
C00330,2026-02-01,9,1,1
C00330,2026-03-01,7,0,1
C00330,2026-04-01,3,0,1
C00330,2026-05-01,0,1,0
C00330,2026-06-01,0,1,0
C00331,2025-06-01,7,0,1
C00331,2025-07-01,9,0,1
C00331,2025-08-01,4,1,1
C00331,2025-09-01,0,1,0
C00331,2025-10-01,0,0,0
C00331,2025-11-01,10,0,1
C00331,2025-12-01,2,0,0
C00331,2026-01-01,4,0,1
C00331,2026-02-01,4,0,1
C00331,2026-03-01,1,0,0
C00331,2026-04-01,3,0,1
C00331,2026-05-01,0,0,0
C00331,2026-06-01,3,0,0
C00332,2025-09-01,10,0,1
C00332,2025-10-01,0,0,0
C00332,2025-11-01,0,0,0
C00332,2025-12-01,0,1,0
C00332,2026-01-01,0,2,0
C00332,2026-02-01,0,0,0
C00332,2026-03-01,9,2,1
C00332,2026-04-01,1,1,0
C00332,2026-05-01,7,0,1
C00332,2026-06-01,2,0,0
C00333,2025-03-01,0,1,0
C00333,2025-04-01,0,0,0
C00333,2025-05-01,7,0,1
C00333,2025-06-01,11,0,1
C00333,2025-07-01,10,1,1
C00333,2025-08-01,2,0,0
C00333,2025-09-01,5,0,1
C00333,2025-10-01,10,0,1
C00333,2025-11-01,6,0,1
C00333,2025-12-01,5,1,1
C00333,2026-01-01,5,0,1
C00333,2026-02-01,6,1,1
C00333,2026-03-01,0,0,0
C00333,2026-04-01,11,0,1
C00333,2026-05-01,2,0,0
C00333,2026-06-01,8,0,1
C00334,2026-03-01,13,0,1
C00334,2026-04-01,1,1,0
C00334,2026-05-01,7,1,1
C00334,2026-06-01,0,0,0
C00335,2025-10-01,1,1,0
C00335,2025-11-01,6,0,1
C00335,2025-12-01,13,0,1
C00335,2026-01-01,0,0,0
C00335,2026-02-01,6,0,1
C00335,2026-03-01,4,1,0
C00335,2026-04-01,1,1,0
C00335,2026-05-01,0,2,0
C00335,2026-06-01,0,0,0
C00336,2025-04-01,5,0,1
C00336,2025-05-01,8,1,1
C00336,2025-06-01,12,0,1
C00336,2025-07-01,6,0,1
C00336,2025-08-01,8,1,1
C00336,2025-09-01,0,0,0
C00336,2025-10-01,1,0,0
C00336,2025-11-01,2,1,0
C00336,2025-12-01,0,1,0
C00336,2026-01-01,9,0,1
C00336,2026-02-01,6,0,1
C00336,2026-03-01,5,0,1
C00336,2026-04-01,4,1,1
C00336,2026-05-01,6,0,1
C00336,2026-06-01,4,0,1
C00337,2025-09-01,8,1,1
C00337,2025-10-01,11,0,1
C00337,2025-11-01,7,0,1
C00337,2025-12-01,0,0,0
C00337,2026-01-01,4,0,1
C00337,2026-02-01,8,1,1
C00337,2026-03-01,3,0,0
C00337,2026-04-01,1,0,0
C00337,2026-05-01,0,0,0
C00337,2026-06-01,0,0,0
C00338,2026-02-01,2,0,0
C00338,2026-03-01,2,0,0
C00338,2026-04-01,1,1,0
C00338,2026-05-01,8,0,1
C00338,2026-06-01,7,0,1
C00339,2025-05-01,8,0,1
C00339,2025-06-01,0,0,0
C00339,2025-07-01,1,0,0
C00339,2025-08-01,7,1,1
C00339,2025-09-01,9,0,1
C00339,2025-10-01,0,1,0
C00339,2025-11-01,4,0,1
C00339,2025-12-01,4,0,1
C00339,2026-01-01,10,0,1
C00339,2026-02-01,1,0,0
C00339,2026-03-01,1,0,0
C00339,2026-04-01,10,0,1
C00339,2026-05-01,0,0,0
C00339,2026-06-01,0,1,0
C00340,2025-09-01,0,1,0
C00340,2025-10-01,10,0,1
C00340,2025-11-01,0,0,0
C00340,2025-12-01,11,0,1
C00340,2026-01-01,5,1,1
C00340,2026-02-01,9,0,1
C00340,2026-03-01,2,0,1
C00340,2026-04-01,6,0,1
C00340,2026-05-01,5,0,1
C00340,2026-06-01,1,1,0
C00341,2025-11-01,10,0,1
C00341,2025-12-01,4,1,1
C00341,2026-01-01,7,1,1
C00341,2026-02-01,1,0,0
C00341,2026-03-01,0,1,0
C00341,2026-04-01,1,2,0
C00341,2026-05-01,2,0,0
C00341,2026-06-01,2,1,0
C00342,2025-06-01,1,0,0
C00342,2025-07-01,1,1,0
C00342,2025-08-01,7,0,1
C00342,2025-09-01,9,0,1
C00342,2025-10-01,2,0,0
C00342,2025-11-01,0,0,0
C00342,2025-12-01,8,0,1
C00342,2026-01-01,0,1,0
C00342,2026-02-01,5,0,1
C00342,2026-03-01,3,0,0
C00342,2026-04-01,6,0,1
C00342,2026-05-01,0,0,0
C00342,2026-06-01,0,0,0
C00343,2026-03-01,0,0,0
C00343,2026-04-01,10,0,1
C00343,2026-05-01,3,0,1
C00343,2026-06-01,2,0,1
C00344,2025-11-01,1,0,0
C00344,2025-12-01,5,0,1
C00344,2026-01-01,2,0,0
C00344,2026-02-01,9,0,1
C00344,2026-03-01,2,0,0
C00344,2026-04-01,5,0,1
C00344,2026-05-01,8,1,1
C00344,2026-06-01,2,0,0
C00345,2026-05-01,6,0,1
C00345,2026-06-01,2,0,0
C00346,2026-03-01,9,0,1
C00346,2026-04-01,7,0,1
C00346,2026-05-01,5,3,1
C00346,2026-06-01,2,0,1
C00347,2025-04-01,6,0,1
C00347,2025-05-01,10,0,1
C00347,2025-06-01,0,2,0
C00347,2025-07-01,0,0,0
C00347,2025-08-01,8,0,1
C00347,2025-09-01,5,1,1
C00347,2025-10-01,5,0,1
C00347,2025-11-01,2,1,0
C00347,2025-12-01,3,0,1
C00347,2026-01-01,7,0,1
C00347,2026-02-01,0,0,0
C00347,2026-03-01,1,1,0
C00347,2026-04-01,0,0,0
C00347,2026-05-01,0,0,0
C00347,2026-06-01,2,0,0
C00348,2025-09-01,2,0,0
C00348,2025-10-01,6,0,1
C00348,2025-11-01,7,0,1
C00348,2025-12-01,1,0,0
C00348,2026-01-01,8,0,1
C00348,2026-02-01,6,0,1
C00348,2026-03-01,3,0,0
C00348,2026-04-01,7,0,1
C00348,2026-05-01,0,2,0
C00348,2026-06-01,0,0,0
C00349,2026-05-01,11,0,1
C00349,2026-06-01,9,0,1
C00350,2025-04-01,1,1,0
C00350,2025-05-01,0,1,0
C00350,2025-06-01,6,0,1
C00350,2025-07-01,7,1,1
C00350,2025-08-01,4,0,1
C00350,2025-09-01,5,0,0
C00350,2025-10-01,11,0,1
C00350,2025-11-01,1,0,0
C00350,2025-12-01,1,0,0
C00350,2026-01-01,2,1,0
C00350,2026-02-01,2,0,0
C00350,2026-03-01,8,1,1
C00350,2026-04-01,5,1,1
C00350,2026-05-01,0,1,0
C00350,2026-06-01,7,0,1
C00351,2025-04-01,2,0,0
C00351,2025-05-01,5,0,1
C00351,2025-06-01,6,0,1
C00351,2025-07-01,0,1,0
C00351,2025-08-01,6,0,1
C00351,2025-09-01,4,0,1
C00351,2025-10-01,2,0,1
C00351,2025-11-01,4,0,1
C00351,2025-12-01,5,0,1
C00351,2026-01-01,8,1,1
C00351,2026-02-01,5,0,1
C00351,2026-03-01,10,0,1
C00351,2026-04-01,10,0,1
C00351,2026-05-01,1,0,0
C00351,2026-06-01,2,1,0
C00352,2025-08-01,1,1,0
C00352,2025-09-01,10,0,1
C00352,2025-10-01,8,0,1
C00352,2025-11-01,4,0,1
C00352,2025-12-01,6,0,1
C00352,2026-01-01,3,1,0
C00352,2026-02-01,6,1,1
C00352,2026-03-01,9,2,1
C00352,2026-04-01,6,1,1
C00352,2026-05-01,6,0,1
C00352,2026-06-01,1,0,0
C00353,2025-11-01,7,0,1
C00353,2025-12-01,1,0,0
C00353,2026-01-01,3,0,1
C00353,2026-02-01,10,0,1
C00353,2026-03-01,0,2,0
C00353,2026-04-01,7,0,1
C00353,2026-05-01,8,1,1
C00353,2026-06-01,8,0,1
C00354,2026-01-01,1,0,0
C00354,2026-02-01,2,0,0
C00354,2026-03-01,3,0,0
C00354,2026-04-01,7,1,1
C00354,2026-05-01,6,0,1
C00354,2026-06-01,1,0,0
C00355,2025-10-01,0,1,0
C00355,2025-11-01,0,0,0
C00355,2025-12-01,1,1,0
C00355,2026-01-01,6,0,1
C00355,2026-02-01,9,0,1
C00355,2026-03-01,8,0,1
C00355,2026-04-01,0,1,0
C00355,2026-05-01,5,0,1
C00355,2026-06-01,1,1,0
C00356,2025-11-01,1,0,0
C00356,2025-12-01,3,0,1
C00356,2026-01-01,0,0,0
C00356,2026-02-01,0,1,0
C00356,2026-03-01,0,0,0
C00356,2026-04-01,3,1,0
C00356,2026-05-01,7,0,1
C00356,2026-06-01,4,1,1
C00357,2026-02-01,7,0,1
C00357,2026-03-01,1,1,0
C00357,2026-04-01,8,0,1
C00357,2026-05-01,6,0,1
C00357,2026-06-01,5,0,1
C00358,2025-06-01,4,0,0
C00358,2025-07-01,0,0,0
C00358,2025-08-01,5,0,1
C00358,2025-09-01,9,0,1
C00358,2025-10-01,6,0,1
C00358,2025-11-01,1,0,0
C00358,2025-12-01,5,1,1
C00358,2026-01-01,0,0,0
C00358,2026-02-01,3,1,1
C00358,2026-03-01,5,2,1
C00358,2026-04-01,0,0,0
C00358,2026-05-01,8,0,1
C00358,2026-06-01,13,1,1
C00359,2025-04-01,0,0,0
C00359,2025-05-01,1,3,0
C00359,2025-06-01,2,0,0
C00359,2025-07-01,3,0,0
C00359,2025-08-01,3,0,1
C00359,2025-09-01,0,0,0
C00359,2025-10-01,4,1,1
C00359,2025-11-01,2,0,0
C00359,2025-12-01,1,0,0
C00359,2026-01-01,6,0,1
C00359,2026-02-01,8,0,1
C00359,2026-03-01,2,1,0
C00359,2026-04-01,2,0,0
C00359,2026-05-01,1,2,0
C00359,2026-06-01,5,0,1
C00360,2025-11-01,13,1,1
C00360,2025-12-01,5,0,1
C00360,2026-01-01,11,1,1
C00360,2026-02-01,12,0,1
C00360,2026-03-01,9,0,1
C00360,2026-04-01,8,0,1
C00360,2026-05-01,7,0,1
C00360,2026-06-01,8,0,1
C00361,2025-08-01,0,1,0
C00361,2025-09-01,9,1,1
C00361,2025-10-01,6,0,1
C00361,2025-11-01,3,0,1
C00361,2025-12-01,4,0,1
C00361,2026-01-01,7,0,1
C00361,2026-02-01,1,0,0
C00361,2026-03-01,8,0,1
C00361,2026-04-01,7,0,1
C00361,2026-05-01,6,0,1
C00361,2026-06-01,4,1,1
C00362,2025-03-01,1,0,0
C00362,2025-04-01,9,1,1
C00362,2025-05-01,9,0,1
C00362,2025-06-01,11,2,1
C00362,2025-07-01,7,1,1
C00362,2025-08-01,4,0,1
C00362,2025-09-01,2,0,0
C00362,2025-10-01,1,0,0
C00362,2025-11-01,6,1,1
C00362,2025-12-01,3,0,0
C00362,2026-01-01,0,0,0
C00362,2026-02-01,3,1,0
C00362,2026-03-01,1,1,0
C00362,2026-04-01,0,0,0
C00362,2026-05-01,6,0,1
C00362,2026-06-01,6,1,1
C00363,2026-02-01,8,0,1
C00363,2026-03-01,9,1,1
C00363,2026-04-01,1,0,0
C00363,2026-05-01,2,1,0
C00363,2026-06-01,1,0,0
C00364,2025-08-01,2,0,0
C00364,2025-09-01,6,0,1
C00364,2025-10-01,9,0,1
C00364,2025-11-01,0,0,0
C00364,2025-12-01,4,0,1
C00364,2026-01-01,4,1,1
C00364,2026-02-01,7,0,1
C00364,2026-03-01,11,2,1
C00364,2026-04-01,10,1,1
C00364,2026-05-01,1,0,0
C00364,2026-06-01,6,0,1
C00365,2025-10-01,2,0,1
C00365,2025-11-01,9,0,1
C00365,2025-12-01,7,2,1
C00365,2026-01-01,9,0,1
C00365,2026-02-01,0,0,0
C00365,2026-03-01,1,0,0
C00365,2026-04-01,0,1,0
C00365,2026-05-01,0,0,0
C00365,2026-06-01,6,0,1
C00366,2025-11-01,7,0,1
C00366,2025-12-01,0,2,0
C00366,2026-01-01,10,0,1
C00366,2026-02-01,4,0,1
C00366,2026-03-01,8,0,1
C00366,2026-04-01,7,1,1
C00366,2026-05-01,1,0,0
C00366,2026-06-01,0,0,0
C00367,2025-12-01,1,1,0
C00367,2026-01-01,8,0,1
C00367,2026-02-01,9,0,1
C00367,2026-03-01,0,1,0
C00367,2026-04-01,7,1,1
C00367,2026-05-01,0,0,0
C00367,2026-06-01,7,0,1
C00368,2025-05-01,9,0,1
C00368,2025-06-01,5,2,1
C00368,2025-07-01,9,0,1
C00368,2025-08-01,0,0,0
C00368,2025-09-01,2,0,0
C00368,2025-10-01,2,0,1
C00368,2025-11-01,7,1,1
C00368,2025-12-01,4,0,1
C00368,2026-01-01,6,2,1
C00368,2026-02-01,9,0,1
C00368,2026-03-01,0,0,0
C00368,2026-04-01,7,1,1
C00368,2026-05-01,0,0,0
C00368,2026-06-01,10,1,1
C00369,2025-04-01,7,0,1
C00369,2025-05-01,7,0,1
C00369,2025-06-01,6,0,1
C00369,2025-07-01,9,1,1
C00369,2025-08-01,7,0,1
C00369,2025-09-01,1,0,0
C00369,2025-10-01,8,0,1
C00369,2025-11-01,0,0,0
C00369,2025-12-01,1,0,1
C00369,2026-01-01,1,0,0
C00369,2026-02-01,1,1,0
C00369,2026-03-01,8,1,1
C00369,2026-04-01,1,0,0
C00369,2026-05-01,1,0,0
C00369,2026-06-01,2,0,1
C00370,2025-10-01,12,1,1
C00370,2025-11-01,0,0,0
C00370,2025-12-01,4,0,1
C00370,2026-01-01,4,0,1
C00370,2026-02-01,2,0,0
C00370,2026-03-01,1,1,0
C00370,2026-04-01,0,0,0
C00370,2026-05-01,10,1,1
C00370,2026-06-01,1,0,0
C00371,2026-01-01,1,0,0
C00371,2026-02-01,9,0,1
C00371,2026-03-01,9,1,1
C00371,2026-04-01,3,0,1
C00371,2026-05-01,2,0,0
C00371,2026-06-01,7,0,1
C00372,2025-07-01,4,0,1
C00372,2025-08-01,11,0,1
C00372,2025-09-01,0,0,0
C00372,2025-10-01,9,1,1
C00372,2025-11-01,5,0,1
C00372,2025-12-01,1,0,0
C00372,2026-01-01,8,0,1
C00372,2026-02-01,5,0,1
C00372,2026-03-01,1,1,0
C00372,2026-04-01,7,0,1
C00372,2026-05-01,3,0,1
C00372,2026-06-01,1,0,0
C00373,2025-03-01,1,0,0
C00373,2025-04-01,2,0,0
C00373,2025-05-01,7,0,1
C00373,2025-06-01,5,0,1
C00373,2025-07-01,8,1,1
C00373,2025-08-01,0,0,0
C00373,2025-09-01,6,2,1
C00373,2025-10-01,5,1,1
C00373,2025-11-01,1,1,0
C00373,2025-12-01,0,0,0
C00373,2026-01-01,5,1,1
C00373,2026-02-01,5,2,1
C00373,2026-03-01,16,0,1
C00373,2026-04-01,9,0,1
C00373,2026-05-01,4,0,1
C00373,2026-06-01,0,1,0
C00374,2025-09-01,10,3,1
C00374,2025-10-01,6,0,1
C00374,2025-11-01,12,1,1
C00374,2025-12-01,2,1,0
C00374,2026-01-01,1,0,0
C00374,2026-02-01,6,1,1
C00374,2026-03-01,6,0,1
C00374,2026-04-01,11,0,1
C00374,2026-05-01,12,0,1
C00374,2026-06-01,4,0,1
C00375,2025-06-01,5,1,1
C00375,2025-07-01,10,0,1
C00375,2025-08-01,7,0,1
C00375,2025-09-01,1,0,0
C00375,2025-10-01,8,1,1
C00375,2025-11-01,1,0,0
C00375,2025-12-01,3,0,0
C00375,2026-01-01,2,1,0
C00375,2026-02-01,5,0,1
C00375,2026-03-01,2,0,1
C00375,2026-04-01,5,0,1
C00375,2026-05-01,2,0,0
C00375,2026-06-01,8,0,1
C00376,2026-05-01,8,0,1
C00376,2026-06-01,5,0,1
C00377,2025-08-01,9,0,1
C00377,2025-09-01,6,0,1
C00377,2025-10-01,8,0,1
C00377,2025-11-01,11,0,1
C00377,2025-12-01,6,0,1
C00377,2026-01-01,8,1,1
C00377,2026-02-01,1,0,0
C00377,2026-03-01,0,0,0
C00377,2026-04-01,6,0,1
C00377,2026-05-01,2,0,0
C00377,2026-06-01,6,1,1
C00378,2026-01-01,9,1,1
C00378,2026-02-01,2,0,0
C00378,2026-03-01,7,0,1
C00378,2026-04-01,5,1,1
C00378,2026-05-01,1,0,0
C00378,2026-06-01,8,1,1
C00379,2025-11-01,4,0,1
C00379,2025-12-01,5,0,1
C00379,2026-01-01,7,1,1
C00379,2026-02-01,3,0,0
C00379,2026-03-01,6,0,1
C00379,2026-04-01,8,1,1
C00379,2026-05-01,0,0,0
C00379,2026-06-01,10,0,1
C00380,2025-02-01,2,0,0
C00380,2025-03-01,5,0,1
C00380,2025-04-01,12,0,1
C00380,2025-05-01,2,0,0
C00380,2025-06-01,0,0,0
C00380,2025-07-01,2,0,1
C00380,2025-08-01,8,1,1
C00380,2025-09-01,0,1,0
C00380,2025-10-01,1,1,0
C00380,2025-11-01,3,3,1
C00380,2025-12-01,1,0,0
C00380,2026-01-01,1,0,0
C00380,2026-02-01,2,0,1
C00380,2026-03-01,4,0,1
C00380,2026-04-01,0,0,0
C00380,2026-05-01,0,1,0
C00380,2026-06-01,2,1,0
C00381,2025-02-01,7,0,1
C00381,2025-03-01,4,0,1
C00381,2025-04-01,4,0,1
C00381,2025-05-01,1,1,0
C00381,2025-06-01,6,0,1
C00381,2025-07-01,10,0,1
C00381,2025-08-01,0,0,0
C00381,2025-09-01,0,0,0
C00381,2025-10-01,8,1,1
C00381,2025-11-01,1,0,0
C00381,2025-12-01,8,1,1
C00381,2026-01-01,0,0,0
C00381,2026-02-01,7,0,1
C00381,2026-03-01,1,1,0
C00381,2026-04-01,5,0,1
C00381,2026-05-01,2,0,0
C00381,2026-06-01,12,0,1
C00382,2025-07-01,0,0,0
C00382,2025-08-01,10,1,1
C00382,2025-09-01,5,1,1
C00382,2025-10-01,1,1,0
C00382,2025-11-01,1,0,0
C00382,2025-12-01,1,0,0
C00382,2026-01-01,6,0,1
C00382,2026-02-01,0,0,0
C00382,2026-03-01,0,0,0
C00382,2026-04-01,8,1,1
C00382,2026-05-01,7,2,1
C00382,2026-06-01,7,0,1
C00383,2025-06-01,3,0,1
C00383,2025-07-01,0,0,0
C00383,2025-08-01,8,0,1
C00383,2025-09-01,2,0,0
C00383,2025-10-01,4,0,1
C00383,2025-11-01,2,0,0
C00383,2025-12-01,2,0,0
C00383,2026-01-01,2,0,0
C00383,2026-02-01,11,0,1
C00383,2026-03-01,0,0,0
C00383,2026-04-01,0,1,0
C00383,2026-05-01,1,0,0
C00383,2026-06-01,6,0,1
C00384,2025-10-01,11,0,1
C00384,2025-11-01,3,1,0
C00384,2025-12-01,3,0,0
C00384,2026-01-01,2,0,0
C00384,2026-02-01,8,1,1
C00384,2026-03-01,5,0,0
C00384,2026-04-01,3,0,1
C00384,2026-05-01,7,0,1
C00384,2026-06-01,2,0,0
C00385,2025-09-01,6,0,1
C00385,2025-10-01,8,0,1
C00385,2025-11-01,1,0,0
C00385,2025-12-01,3,1,1
C00385,2026-01-01,1,0,0
C00385,2026-02-01,11,0,1
C00385,2026-03-01,8,1,1
C00385,2026-04-01,7,1,1
C00385,2026-05-01,1,0,0
C00385,2026-06-01,3,0,0
C00386,2026-02-01,0,0,0
C00386,2026-03-01,6,1,1
C00386,2026-04-01,7,0,1
C00386,2026-05-01,7,0,1
C00386,2026-06-01,8,0,1
C00387,2025-03-01,8,0,1
C00387,2025-04-01,6,0,1
C00387,2025-05-01,8,0,1
C00387,2025-06-01,7,2,1
C00387,2025-07-01,9,0,1
C00387,2025-08-01,7,0,1
C00387,2025-09-01,0,0,0
C00387,2025-10-01,1,0,0
C00387,2025-11-01,1,0,0
C00387,2025-12-01,14,0,1
C00387,2026-01-01,9,1,1
C00387,2026-02-01,12,0,1
C00387,2026-03-01,8,0,1
C00387,2026-04-01,1,0,0
C00387,2026-05-01,5,0,1
C00387,2026-06-01,6,0,1
C00388,2025-04-01,5,1,1
C00388,2025-05-01,4,0,1
C00388,2025-06-01,7,0,1
C00388,2025-07-01,0,2,0
C00388,2025-08-01,0,0,0
C00388,2025-09-01,1,0,0
C00388,2025-10-01,0,0,0
C00388,2025-11-01,0,0,0
C00388,2025-12-01,8,0,1
C00388,2026-01-01,5,1,1
C00388,2026-02-01,7,0,1
C00388,2026-03-01,6,0,1
C00388,2026-04-01,0,0,0
C00388,2026-05-01,6,0,1
C00388,2026-06-01,0,0,0
C00389,2026-05-01,6,0,1
C00389,2026-06-01,3,0,1
C00390,2025-03-01,7,1,1
C00390,2025-04-01,2,0,0
C00390,2025-05-01,8,0,1
C00390,2025-06-01,2,0,0
C00390,2025-07-01,11,2,1
C00390,2025-08-01,1,0,0
C00390,2025-09-01,0,0,0
C00390,2025-10-01,0,1,0
C00390,2025-11-01,6,1,1
C00390,2025-12-01,5,0,1
C00390,2026-01-01,1,0,0
C00390,2026-02-01,1,0,0
C00390,2026-03-01,1,0,0
C00390,2026-04-01,1,0,0
C00390,2026-05-01,0,0,0
C00390,2026-06-01,7,0,1
C00391,2025-02-01,2,1,0
C00391,2025-03-01,1,2,0
C00391,2025-04-01,1,0,0
C00391,2025-05-01,10,1,1
C00391,2025-06-01,5,1,1
C00391,2025-07-01,5,0,1
C00391,2025-08-01,4,0,1
C00391,2025-09-01,4,0,1
C00391,2025-10-01,4,1,1
C00391,2025-11-01,2,0,0
C00391,2025-12-01,1,2,0
C00391,2026-01-01,1,0,0
C00391,2026-02-01,9,0,1
C00391,2026-03-01,0,2,0
C00391,2026-04-01,9,0,1
C00391,2026-05-01,2,1,0
C00391,2026-06-01,5,0,1
C00392,2025-10-01,7,0,1
C00392,2025-11-01,8,0,1
C00392,2025-12-01,8,0,1
C00392,2026-01-01,0,0,0
C00392,2026-02-01,7,0,1
C00392,2026-03-01,8,0,1
C00392,2026-04-01,2,1,0
C00392,2026-05-01,7,0,1
C00392,2026-06-01,10,1,1
C00393,2025-04-01,9,0,1
C00393,2025-05-01,0,0,0
C00393,2025-06-01,9,0,1
C00393,2025-07-01,8,1,1
C00393,2025-08-01,10,0,1
C00393,2025-09-01,9,0,1
C00393,2025-10-01,2,1,1
C00393,2025-11-01,1,2,0
C00393,2025-12-01,11,0,1
C00393,2026-01-01,7,0,1
C00393,2026-02-01,8,0,1
C00393,2026-03-01,4,2,1
C00393,2026-04-01,7,1,1
C00393,2026-05-01,3,0,1
C00393,2026-06-01,0,1,0
C00394,2025-07-01,5,0,1
C00394,2025-08-01,5,2,1
C00394,2025-09-01,4,0,1
C00394,2025-10-01,10,0,1
C00394,2025-11-01,1,1,0
C00394,2025-12-01,8,0,1
C00394,2026-01-01,2,0,0
C00394,2026-02-01,1,1,0
C00394,2026-03-01,0,0,0
C00394,2026-04-01,0,1,0
C00394,2026-05-01,0,1,0
C00394,2026-06-01,11,0,1
C00395,2025-03-01,6,0,1
C00395,2025-04-01,9,0,1
C00395,2025-05-01,5,0,1
C00395,2025-06-01,9,0,1
C00395,2025-07-01,8,0,1
C00395,2025-08-01,0,0,0
C00395,2025-09-01,5,0,1
C00395,2025-10-01,7,1,1
C00395,2025-11-01,3,0,0
C00395,2025-12-01,0,1,0
C00395,2026-01-01,0,0,0
C00395,2026-02-01,7,0,1
C00395,2026-03-01,10,0,1
C00395,2026-04-01,0,1,0
C00395,2026-05-01,1,0,0
C00395,2026-06-01,12,2,1
C00396,2025-05-01,2,0,0
C00396,2025-06-01,8,0,1
C00396,2025-07-01,1,0,0
C00396,2025-08-01,7,0,1
C00396,2025-09-01,8,1,1
C00396,2025-10-01,6,1,1
C00396,2025-11-01,3,0,0
C00396,2025-12-01,1,1,0
C00396,2026-01-01,6,1,1
C00396,2026-02-01,0,1,0
C00396,2026-03-01,5,0,1
C00396,2026-04-01,0,1,0
C00396,2026-05-01,7,0,1
C00396,2026-06-01,0,0,0
C00397,2026-01-01,9,0,1
C00397,2026-02-01,4,0,1
C00397,2026-03-01,0,1,0
C00397,2026-04-01,11,0,1
C00397,2026-05-01,0,0,0
C00397,2026-06-01,5,0,1
C00398,2025-11-01,7,0,1
C00398,2025-12-01,9,1,1
C00398,2026-01-01,6,0,1
C00398,2026-02-01,0,0,0
C00398,2026-03-01,10,1,1
C00398,2026-04-01,10,0,1
C00398,2026-05-01,10,0,1
C00398,2026-06-01,8,0,1
C00399,2025-06-01,0,1,0
C00399,2025-07-01,12,0,1
C00399,2025-08-01,7,0,1
C00399,2025-09-01,1,0,0
C00399,2025-10-01,6,0,1
C00399,2025-11-01,0,0,0
C00399,2025-12-01,1,0,0
C00399,2026-01-01,7,0,1
C00399,2026-02-01,7,1,1
C00399,2026-03-01,8,0,1
C00399,2026-04-01,13,0,1
C00399,2026-05-01,3,0,1
C00399,2026-06-01,8,0,1
C00400,2026-04-01,2,1,0
C00400,2026-05-01,7,0,1
C00400,2026-06-01,0,0,0
C00401,2025-04-01,4,1,1
C00401,2025-05-01,1,2,0
C00401,2025-06-01,3,1,0
C00401,2025-07-01,0,1,0
C00401,2025-08-01,0,0,0
C00401,2025-09-01,8,1,1
C00401,2025-10-01,5,0,1
C00401,2025-11-01,0,0,0
C00401,2025-12-01,7,0,1
C00401,2026-01-01,0,0,0
C00401,2026-02-01,5,1,1
C00401,2026-03-01,0,0,0
C00401,2026-04-01,1,0,0
C00401,2026-05-01,1,2,0
C00401,2026-06-01,7,0,1
C00402,2025-02-01,8,0,1
C00402,2025-03-01,2,0,0
C00402,2025-04-01,4,0,1
C00402,2025-05-01,0,2,0
C00402,2025-06-01,0,3,0
C00402,2025-07-01,2,0,0
C00402,2025-08-01,5,1,1
C00402,2025-09-01,10,0,1
C00402,2025-10-01,1,0,0
C00402,2025-11-01,14,0,1
C00402,2025-12-01,0,1,0
C00402,2026-01-01,1,1,0
C00402,2026-02-01,1,1,0
C00402,2026-03-01,6,0,1
C00402,2026-04-01,0,0,0
C00402,2026-05-01,9,0,1
C00402,2026-06-01,0,0,0
C00403,2025-06-01,9,0,1
C00403,2025-07-01,0,0,0
C00403,2025-08-01,7,0,1
C00403,2025-09-01,2,0,1
C00403,2025-10-01,4,2,1
C00403,2025-11-01,1,1,0
C00403,2025-12-01,1,0,0
C00403,2026-01-01,4,1,0
C00403,2026-02-01,5,1,1
C00403,2026-03-01,6,0,1
C00403,2026-04-01,0,0,0
C00403,2026-05-01,11,0,1
C00403,2026-06-01,10,1,1
C00404,2025-08-01,7,0,1
C00404,2025-09-01,8,0,1
C00404,2025-10-01,9,0,1
C00404,2025-11-01,8,1,1
C00404,2025-12-01,1,1,0
C00404,2026-01-01,0,0,0
C00404,2026-02-01,1,0,0
C00404,2026-03-01,2,0,0
C00404,2026-04-01,1,0,0
C00404,2026-05-01,5,0,1
C00404,2026-06-01,1,2,0
C00405,2026-02-01,7,1,1
C00405,2026-03-01,5,0,1
C00405,2026-04-01,6,1,1
C00405,2026-05-01,6,0,1
C00405,2026-06-01,3,0,0
C00406,2026-02-01,6,1,1
C00406,2026-03-01,1,0,0
C00406,2026-04-01,0,0,0
C00406,2026-05-01,8,0,1
C00406,2026-06-01,0,1,0
C00407,2025-04-01,3,0,0
C00407,2025-05-01,4,0,1
C00407,2025-06-01,11,0,1
C00407,2025-07-01,8,0,1
C00407,2025-08-01,8,0,1
C00407,2025-09-01,12,0,1
C00407,2025-10-01,9,0,1
C00407,2025-11-01,9,0,1
C00407,2025-12-01,1,2,0
C00407,2026-01-01,0,0,0
C00407,2026-02-01,11,0,1
C00407,2026-03-01,1,1,0
C00407,2026-04-01,1,0,0
C00407,2026-05-01,1,0,0
C00407,2026-06-01,4,0,1
C00408,2025-02-01,1,0,0
C00408,2025-03-01,8,0,1
C00408,2025-04-01,4,0,1
C00408,2025-05-01,6,1,1
C00408,2025-06-01,6,0,1
C00408,2025-07-01,13,2,1
C00408,2025-08-01,1,0,0
C00408,2025-09-01,0,1,0
C00408,2025-10-01,1,0,0
C00408,2025-11-01,8,1,1
C00408,2025-12-01,5,1,1
C00408,2026-01-01,4,0,1
C00408,2026-02-01,1,0,0
C00408,2026-03-01,1,1,0
C00408,2026-04-01,8,0,1
C00408,2026-05-01,4,0,1
C00408,2026-06-01,0,0,0
C00409,2025-07-01,8,1,1
C00409,2025-08-01,8,0,1
C00409,2025-09-01,1,0,0
C00409,2025-10-01,11,0,1
C00409,2025-11-01,5,0,1
C00409,2025-12-01,4,1,1
C00409,2026-01-01,1,0,0
C00409,2026-02-01,7,0,1
C00409,2026-03-01,1,2,0
C00409,2026-04-01,3,0,0
C00409,2026-05-01,6,2,1
C00409,2026-06-01,5,0,1
C00410,2025-11-01,0,0,0
C00410,2025-12-01,3,0,0
C00410,2026-01-01,4,0,1
C00410,2026-02-01,7,3,1
C00410,2026-03-01,0,2,0
C00410,2026-04-01,10,0,1
C00410,2026-05-01,2,1,0
C00410,2026-06-01,9,0,1
C00411,2025-02-01,2,0,0
C00411,2025-03-01,11,1,1
C00411,2025-04-01,7,0,1
C00411,2025-05-01,3,0,1
C00411,2025-06-01,0,0,0
C00411,2025-07-01,8,1,1
C00411,2025-08-01,2,0,0
C00411,2025-09-01,0,2,0
C00411,2025-10-01,5,0,1
C00411,2025-11-01,1,1,0
C00411,2025-12-01,8,0,1
C00411,2026-01-01,1,0,0
C00411,2026-02-01,3,0,0
C00411,2026-03-01,6,0,1
C00411,2026-04-01,1,0,0
C00411,2026-05-01,10,0,1
C00411,2026-06-01,6,0,1
C00412,2025-10-01,0,0,0
C00412,2025-11-01,12,1,1
C00412,2025-12-01,3,0,0
C00412,2026-01-01,7,0,1
C00412,2026-02-01,2,2,0
C00412,2026-03-01,6,1,1
C00412,2026-04-01,9,0,1
C00412,2026-05-01,1,0,0
C00412,2026-06-01,9,0,1
C00413,2026-02-01,3,0,1
C00413,2026-03-01,1,0,0
C00413,2026-04-01,5,0,1
C00413,2026-05-01,6,0,1
C00413,2026-06-01,7,0,1
C00414,2025-05-01,3,0,1
C00414,2025-06-01,5,1,1
C00414,2025-07-01,4,0,1
C00414,2025-08-01,1,0,0
C00414,2025-09-01,1,0,0
C00414,2025-10-01,9,0,1
C00414,2025-11-01,2,0,0
C00414,2025-12-01,10,0,1
C00414,2026-01-01,1,0,0
C00414,2026-02-01,10,0,1
C00414,2026-03-01,8,1,1
C00414,2026-04-01,10,0,1
C00414,2026-05-01,2,2,0
C00414,2026-06-01,9,0,1
C00415,2026-04-01,1,1,0
C00415,2026-05-01,1,1,1
C00415,2026-06-01,4,0,1
C00416,2025-02-01,8,0,1
C00416,2025-03-01,9,0,1
C00416,2025-04-01,4,0,1
C00416,2025-05-01,5,0,1
C00416,2025-06-01,7,2,1
C00416,2025-07-01,5,0,1
C00416,2025-08-01,6,1,1
C00416,2025-09-01,1,0,0
C00416,2025-10-01,11,0,1
C00416,2025-11-01,1,1,0
C00416,2025-12-01,7,1,1
C00416,2026-01-01,1,0,0
C00416,2026-02-01,2,0,0
C00416,2026-03-01,2,0,0
C00416,2026-04-01,1,0,0
C00416,2026-05-01,1,1,0
C00416,2026-06-01,9,0,1
C00417,2025-07-01,6,1,1
C00417,2025-08-01,1,1,0
C00417,2025-09-01,7,0,1
C00417,2025-10-01,8,0,1
C00417,2025-11-01,0,0,0
C00417,2025-12-01,10,1,1
C00417,2026-01-01,1,0,0
C00417,2026-02-01,7,1,1
C00417,2026-03-01,8,1,1
C00417,2026-04-01,0,0,0
C00417,2026-05-01,9,0,1
C00417,2026-06-01,9,0,1
C00418,2026-03-01,0,0,0
C00418,2026-04-01,7,1,1
C00418,2026-05-01,9,1,1
C00418,2026-06-01,10,0,1
C00419,2025-12-01,1,0,0
C00419,2026-01-01,1,0,0
C00419,2026-02-01,11,1,1
C00419,2026-03-01,6,1,1
C00419,2026-04-01,8,0,1
C00419,2026-05-01,7,0,1
C00419,2026-06-01,5,0,1
C00420,2025-06-01,5,0,1
C00420,2025-07-01,4,1,1
C00420,2025-08-01,11,0,1
C00420,2025-09-01,2,1,0
C00420,2025-10-01,1,1,0
C00420,2025-11-01,1,0,0
C00420,2025-12-01,3,0,0
C00420,2026-01-01,4,1,0
C00420,2026-02-01,4,0,1
C00420,2026-03-01,0,1,0
C00420,2026-04-01,1,0,0
C00420,2026-05-01,4,1,1
C00420,2026-06-01,1,1,0
C00421,2026-02-01,8,1,1
C00421,2026-03-01,11,0,1
C00421,2026-04-01,5,1,1
C00421,2026-05-01,7,1,1
C00421,2026-06-01,2,0,0
C00422,2025-10-01,5,0,1
C00422,2025-11-01,10,0,1
C00422,2025-12-01,1,0,0
C00422,2026-01-01,0,0,0
C00422,2026-02-01,8,0,1
C00422,2026-03-01,4,0,1
C00422,2026-04-01,9,2,1
C00422,2026-05-01,0,0,0
C00422,2026-06-01,0,1,0
C00423,2026-03-01,0,0,0
C00423,2026-04-01,0,1,0
C00423,2026-05-01,5,0,1
C00423,2026-06-01,8,0,1
C00424,2025-12-01,13,0,1
C00424,2026-01-01,1,0,0
C00424,2026-02-01,8,0,1
C00424,2026-03-01,9,0,1
C00424,2026-04-01,8,1,1
C00424,2026-05-01,0,0,0
C00424,2026-06-01,4,0,0
C00425,2025-05-01,2,1,0
C00425,2025-06-01,1,0,0
C00425,2025-07-01,0,1,0
C00425,2025-08-01,2,1,1
C00425,2025-09-01,4,0,1
C00425,2025-10-01,1,1,0
C00425,2025-11-01,9,1,1
C00425,2025-12-01,3,1,0
C00425,2026-01-01,3,1,0
C00425,2026-02-01,2,0,0
C00425,2026-03-01,7,0,1
C00425,2026-04-01,5,0,1
C00425,2026-05-01,0,1,0
C00425,2026-06-01,5,0,1
C00426,2026-05-01,4,0,1
C00426,2026-06-01,10,0,1
C00427,2026-02-01,0,0,0
C00427,2026-03-01,7,0,1
C00427,2026-04-01,0,0,0
C00427,2026-05-01,6,0,1
C00427,2026-06-01,0,0,0
C00428,2025-03-01,5,0,1
C00428,2025-04-01,2,0,0
C00428,2025-05-01,8,0,1
C00428,2025-06-01,5,1,1
C00428,2025-07-01,1,0,0
C00428,2025-08-01,2,0,0
C00428,2025-09-01,7,0,1
C00428,2025-10-01,8,1,1
C00428,2025-11-01,0,1,0
C00428,2025-12-01,4,0,1
C00428,2026-01-01,5,1,1
C00428,2026-02-01,9,0,1
C00428,2026-03-01,7,0,1
C00428,2026-04-01,0,0,0
C00428,2026-05-01,2,1,0
C00428,2026-06-01,7,0,1
C00429,2025-05-01,7,0,1
C00429,2025-06-01,9,1,1
C00429,2025-07-01,0,0,0
C00429,2025-08-01,10,0,1
C00429,2025-09-01,5,0,1
C00429,2025-10-01,7,0,1
C00429,2025-11-01,5,1,1
C00429,2025-12-01,3,0,1
C00429,2026-01-01,4,0,1
C00429,2026-02-01,5,0,1
C00429,2026-03-01,2,0,0
C00429,2026-04-01,0,1,0
C00429,2026-05-01,2,0,0
C00429,2026-06-01,9,1,1
C00430,2025-02-01,3,2,1
C00430,2025-03-01,7,0,1
C00430,2025-04-01,8,0,1
C00430,2025-05-01,9,1,1
C00430,2025-06-01,9,1,1
C00430,2025-07-01,6,0,1
C00430,2025-08-01,7,0,1
C00430,2025-09-01,1,0,0
C00430,2025-10-01,0,0,0
C00430,2025-11-01,6,0,1
C00430,2025-12-01,6,0,1
C00430,2026-01-01,8,0,1
C00430,2026-02-01,0,1,0
C00430,2026-03-01,2,0,0
C00430,2026-04-01,3,0,1
C00430,2026-05-01,3,0,1
C00430,2026-06-01,1,0,0
C00431,2025-02-01,1,1,0
C00431,2025-03-01,11,1,1
C00431,2025-04-01,9,1,1
C00431,2025-05-01,6,0,1
C00431,2025-06-01,2,0,0
C00431,2025-07-01,6,0,1
C00431,2025-08-01,4,0,1
C00431,2025-09-01,11,0,1
C00431,2025-10-01,4,0,1
C00431,2025-11-01,1,0,0
C00431,2025-12-01,8,0,1
C00431,2026-01-01,2,0,0
C00431,2026-02-01,2,0,0
C00431,2026-03-01,0,0,0
C00431,2026-04-01,7,1,1
C00431,2026-05-01,9,0,1
C00431,2026-06-01,6,0,1
C00432,2025-10-01,8,0,1
C00432,2025-11-01,6,1,1
C00432,2025-12-01,2,1,1
C00432,2026-01-01,5,0,1
C00432,2026-02-01,0,1,0
C00432,2026-03-01,4,0,1
C00432,2026-04-01,8,0,1
C00432,2026-05-01,11,0,1
C00432,2026-06-01,7,0,1
C00433,2025-06-01,3,0,1
C00433,2025-07-01,8,0,1
C00433,2025-08-01,9,0,1
C00433,2025-09-01,1,0,0
C00433,2025-10-01,1,0,0
C00433,2025-11-01,7,0,1
C00433,2025-12-01,6,0,1
C00433,2026-01-01,4,0,1
C00433,2026-02-01,5,0,1
C00433,2026-03-01,1,1,0
C00433,2026-04-01,15,0,1
C00433,2026-05-01,2,0,0
C00433,2026-06-01,8,1,1
C00434,2025-11-01,15,1,1
C00434,2025-12-01,6,0,1
C00434,2026-01-01,6,1,1
C00434,2026-02-01,6,1,1
C00434,2026-03-01,8,0,1
C00434,2026-04-01,10,1,1
C00434,2026-05-01,2,0,0
C00434,2026-06-01,2,0,0
C00435,2026-01-01,13,0,1
C00435,2026-02-01,3,0,1
C00435,2026-03-01,1,2,0
C00435,2026-04-01,8,0,1
C00435,2026-05-01,11,1,1
C00435,2026-06-01,1,1,0
C00436,2025-05-01,6,0,1
C00436,2025-06-01,6,0,1
C00436,2025-07-01,1,0,0
C00436,2025-08-01,6,0,1
C00436,2025-09-01,6,0,1
C00436,2025-10-01,1,1,0
C00436,2025-11-01,1,0,0
C00436,2025-12-01,7,1,1
C00436,2026-01-01,9,0,1
C00436,2026-02-01,8,0,1
C00436,2026-03-01,3,0,1
C00436,2026-04-01,2,1,0
C00436,2026-05-01,0,2,0
C00436,2026-06-01,1,0,0
C00437,2025-09-01,10,0,1
C00437,2025-10-01,3,0,1
C00437,2025-11-01,6,1,1
C00437,2025-12-01,5,1,1
C00437,2026-01-01,1,1,0
C00437,2026-02-01,11,0,1
C00437,2026-03-01,5,0,1
C00437,2026-04-01,0,0,0
C00437,2026-05-01,3,1,0
C00437,2026-06-01,12,0,1
C00438,2025-03-01,8,0,1
C00438,2025-04-01,6,0,1
C00438,2025-05-01,9,0,1
C00438,2025-06-01,8,0,1
C00438,2025-07-01,7,1,1
C00438,2025-08-01,1,1,0
C00438,2025-09-01,0,0,0
C00438,2025-10-01,0,0,0
C00438,2025-11-01,4,0,1
C00438,2025-12-01,5,0,1
C00438,2026-01-01,6,0,1
C00438,2026-02-01,0,0,0
C00438,2026-03-01,1,0,0
C00438,2026-04-01,13,0,1
C00438,2026-05-01,6,0,1
C00438,2026-06-01,2,1,0
C00439,2025-07-01,7,0,1
C00439,2025-08-01,14,0,1
C00439,2025-09-01,1,1,0
C00439,2025-10-01,12,0,1
C00439,2025-11-01,2,0,0
C00439,2025-12-01,9,0,1
C00439,2026-01-01,0,0,0
C00439,2026-02-01,10,0,1
C00439,2026-03-01,6,0,1
C00439,2026-04-01,9,0,1
C00439,2026-05-01,8,0,1
C00439,2026-06-01,12,1,1
C00440,2025-02-01,8,0,1
C00440,2025-03-01,7,0,1
C00440,2025-04-01,1,1,0
C00440,2025-05-01,4,0,0
C00440,2025-06-01,0,0,0
C00440,2025-07-01,1,0,0
C00440,2025-08-01,9,1,1
C00440,2025-09-01,0,0,0
C00440,2025-10-01,1,2,0
C00440,2025-11-01,10,0,1
C00440,2025-12-01,9,0,1
C00440,2026-01-01,1,1,0
C00440,2026-02-01,9,1,1
C00440,2026-03-01,3,0,0
C00440,2026-04-01,1,0,0
C00440,2026-05-01,0,0,0
C00440,2026-06-01,0,0,0
C00441,2025-06-01,4,1,1
C00441,2025-07-01,6,0,1
C00441,2025-08-01,6,0,1
C00441,2025-09-01,1,0,0
C00441,2025-10-01,7,0,1
C00441,2025-11-01,1,0,0
C00441,2025-12-01,7,0,1
C00441,2026-01-01,5,1,1
C00441,2026-02-01,0,1,0
C00441,2026-03-01,9,1,1
C00441,2026-04-01,0,1,0
C00441,2026-05-01,6,0,1
C00441,2026-06-01,2,0,0
C00442,2026-03-01,1,0,0
C00442,2026-04-01,4,1,0
C00442,2026-05-01,8,1,1
C00442,2026-06-01,9,0,1
C00443,2025-06-01,6,0,1
C00443,2025-07-01,15,0,1
C00443,2025-08-01,9,0,1
C00443,2025-09-01,3,0,0
C00443,2025-10-01,4,1,1
C00443,2025-11-01,5,0,1
C00443,2025-12-01,4,1,1
C00443,2026-01-01,1,0,0
C00443,2026-02-01,10,1,1
C00443,2026-03-01,1,1,0
C00443,2026-04-01,6,0,1
C00443,2026-05-01,5,0,1
C00443,2026-06-01,2,1,0
C00444,2026-04-01,9,2,1
C00444,2026-05-01,0,0,0
C00444,2026-06-01,3,1,1
C00445,2026-04-01,7,0,1
C00445,2026-05-01,1,1,0
C00445,2026-06-01,0,0,0
C00446,2025-09-01,0,0,0
C00446,2025-10-01,5,0,1
C00446,2025-11-01,4,0,1
C00446,2025-12-01,2,0,0
C00446,2026-01-01,10,0,1
C00446,2026-02-01,9,0,1
C00446,2026-03-01,6,0,1
C00446,2026-04-01,3,1,0
C00446,2026-05-01,1,0,0
C00446,2026-06-01,1,0,0
C00447,2026-02-01,7,0,1
C00447,2026-03-01,9,1,1
C00447,2026-04-01,0,0,0
C00447,2026-05-01,8,0,1
C00447,2026-06-01,7,1,1
C00448,2025-10-01,7,0,1
C00448,2025-11-01,8,0,1
C00448,2025-12-01,8,1,1
C00448,2026-01-01,10,0,1
C00448,2026-02-01,10,0,1
C00448,2026-03-01,10,0,1
C00448,2026-04-01,7,0,1
C00448,2026-05-01,1,1,0
C00448,2026-06-01,0,0,0
C00449,2025-10-01,12,0,1
C00449,2025-11-01,4,0,1
C00449,2025-12-01,8,0,1
C00449,2026-01-01,5,0,1
C00449,2026-02-01,7,0,1
C00449,2026-03-01,2,0,1
C00449,2026-04-01,8,0,1
C00449,2026-05-01,3,0,0
C00449,2026-06-01,8,0,1
C00450,2026-01-01,8,0,1
C00450,2026-02-01,0,0,0
C00450,2026-03-01,6,0,1
C00450,2026-04-01,9,0,1
C00450,2026-05-01,0,0,0
C00450,2026-06-01,9,1,1
C00451,2025-02-01,1,0,0
C00451,2025-03-01,0,0,0
C00451,2025-04-01,1,0,0
C00451,2025-05-01,7,2,1
C00451,2025-06-01,11,0,1
C00451,2025-07-01,4,1,1
C00451,2025-08-01,1,1,0
C00451,2025-09-01,1,1,0
C00451,2025-10-01,5,1,1
C00451,2025-11-01,11,0,1
C00451,2025-12-01,6,0,1
C00451,2026-01-01,1,2,0
C00451,2026-02-01,5,0,1
C00451,2026-03-01,8,0,1
C00451,2026-04-01,7,0,1
C00451,2026-05-01,0,0,0
C00451,2026-06-01,1,0,0
C00452,2026-04-01,5,2,1
C00452,2026-05-01,9,1,1
C00452,2026-06-01,7,0,1
C00453,2026-02-01,0,1,0
C00453,2026-03-01,9,1,1
C00453,2026-04-01,6,1,1
C00453,2026-05-01,1,0,0
C00453,2026-06-01,12,0,1
C00454,2026-01-01,0,0,0
C00454,2026-02-01,9,1,1
C00454,2026-03-01,8,0,1
C00454,2026-04-01,9,0,1
C00454,2026-05-01,8,0,1
C00454,2026-06-01,1,0,0
C00455,2025-05-01,5,0,1
C00455,2025-06-01,3,0,1
C00455,2025-07-01,7,0,1
C00455,2025-08-01,11,0,1
C00455,2025-09-01,1,0,0
C00455,2025-10-01,5,0,1
C00455,2025-11-01,0,1,0
C00455,2025-12-01,3,0,0
C00455,2026-01-01,8,0,1
C00455,2026-02-01,8,0,1
C00455,2026-03-01,2,0,0
C00455,2026-04-01,5,0,1
C00455,2026-05-01,1,0,0
C00455,2026-06-01,0,0,0
C00456,2025-04-01,5,0,1
C00456,2025-05-01,9,1,1
C00456,2025-06-01,9,0,1
C00456,2025-07-01,8,1,1
C00456,2025-08-01,3,0,0
C00456,2025-09-01,7,0,1
C00456,2025-10-01,7,1,1
C00456,2025-11-01,2,0,0
C00456,2025-12-01,1,0,0
C00456,2026-01-01,4,0,1
C00456,2026-02-01,0,0,0
C00456,2026-03-01,9,0,1
C00456,2026-04-01,9,0,1
C00456,2026-05-01,15,1,1
C00456,2026-06-01,5,0,1
C00457,2025-09-01,3,0,0
C00457,2025-10-01,9,1,1
C00457,2025-11-01,0,2,0
C00457,2025-12-01,11,0,1
C00457,2026-01-01,3,0,1
C00457,2026-02-01,5,0,1
C00457,2026-03-01,4,0,1
C00457,2026-04-01,8,1,1
C00457,2026-05-01,8,0,1
C00457,2026-06-01,1,0,0
C00458,2025-05-01,7,0,1
C00458,2025-06-01,2,0,0
C00458,2025-07-01,6,1,1
C00458,2025-08-01,3,0,1
C00458,2025-09-01,9,0,1
C00458,2025-10-01,0,1,0
C00458,2025-11-01,6,0,1
C00458,2025-12-01,9,1,1
C00458,2026-01-01,4,0,0
C00458,2026-02-01,5,1,1
C00458,2026-03-01,6,1,1
C00458,2026-04-01,6,0,1
C00458,2026-05-01,1,0,0
C00458,2026-06-01,1,0,0
C00459,2025-06-01,6,1,1
C00459,2025-07-01,1,0,0
C00459,2025-08-01,10,0,1
C00459,2025-09-01,8,1,1
C00459,2025-10-01,7,0,1
C00459,2025-11-01,8,1,1
C00459,2025-12-01,5,0,1
C00459,2026-01-01,8,0,1
C00459,2026-02-01,7,0,1
C00459,2026-03-01,1,0,1
C00459,2026-04-01,1,1,0
C00459,2026-05-01,6,1,1
C00459,2026-06-01,11,1,1
C00460,2026-01-01,4,0,1
C00460,2026-02-01,0,0,0
C00460,2026-03-01,7,0,1
C00460,2026-04-01,6,0,1
C00460,2026-05-01,0,1,0
C00460,2026-06-01,8,0,1
C00461,2025-08-01,2,0,0
C00461,2025-09-01,2,0,0
C00461,2025-10-01,0,0,0
C00461,2025-11-01,4,1,1
C00461,2025-12-01,3,0,0
C00461,2026-01-01,5,0,1
C00461,2026-02-01,7,0,1
C00461,2026-03-01,0,2,0
C00461,2026-04-01,1,0,0
C00461,2026-05-01,1,0,0
C00461,2026-06-01,0,2,0
C00462,2025-02-01,5,0,1
C00462,2025-03-01,9,0,1
C00462,2025-04-01,10,0,1
C00462,2025-05-01,12,0,1
C00462,2025-06-01,9,1,1
C00462,2025-07-01,0,0,0
C00462,2025-08-01,0,1,0
C00462,2025-09-01,7,1,1
C00462,2025-10-01,4,0,1
C00462,2025-11-01,7,0,1
C00462,2025-12-01,8,0,1
C00462,2026-01-01,9,1,1
C00462,2026-02-01,4,0,0
C00462,2026-03-01,0,0,0
C00462,2026-04-01,9,0,1
C00462,2026-05-01,2,0,0
C00462,2026-06-01,3,0,0
C00463,2025-06-01,0,0,0
C00463,2025-07-01,7,0,1
C00463,2025-08-01,2,0,0
C00463,2025-09-01,1,0,0
C00463,2025-10-01,6,0,1
C00463,2025-11-01,0,0,0
C00463,2025-12-01,6,1,1
C00463,2026-01-01,0,0,0
C00463,2026-02-01,0,1,0
C00463,2026-03-01,1,0,0
C00463,2026-04-01,0,0,0
C00463,2026-05-01,14,1,1
C00463,2026-06-01,1,2,0
C00464,2025-02-01,6,1,1
C00464,2025-03-01,4,1,1
C00464,2025-04-01,11,2,1
C00464,2025-05-01,7,1,1
C00464,2025-06-01,15,2,1
C00464,2025-07-01,7,0,1
C00464,2025-08-01,1,0,0
C00464,2025-09-01,9,0,1
C00464,2025-10-01,8,0,1
C00464,2025-11-01,4,0,1
C00464,2025-12-01,11,1,1
C00464,2026-01-01,0,0,0
C00464,2026-02-01,9,0,1
C00464,2026-03-01,3,0,1
C00464,2026-04-01,0,0,0
C00464,2026-05-01,12,2,1
C00464,2026-06-01,4,0,1
C00465,2025-04-01,3,1,1
C00465,2025-05-01,4,0,1
C00465,2025-06-01,8,0,1
C00465,2025-07-01,10,1,1
C00465,2025-08-01,1,0,0
C00465,2025-09-01,10,1,1
C00465,2025-10-01,0,1,0
C00465,2025-11-01,6,2,1
C00465,2025-12-01,1,0,0
C00465,2026-01-01,6,0,1
C00465,2026-02-01,2,1,0
C00465,2026-03-01,1,0,0
C00465,2026-04-01,1,0,0
C00465,2026-05-01,4,0,1
C00465,2026-06-01,9,0,1
C00466,2025-12-01,10,0,1
C00466,2026-01-01,1,0,0
C00466,2026-02-01,7,0,1
C00466,2026-03-01,11,0,1
C00466,2026-04-01,0,0,0
C00466,2026-05-01,0,0,0
C00466,2026-06-01,8,0,1
C00467,2026-01-01,13,0,1
C00467,2026-02-01,5,1,1
C00467,2026-03-01,2,0,0
C00467,2026-04-01,0,1,0
C00467,2026-05-01,9,1,1
C00467,2026-06-01,1,1,1
C00468,2025-10-01,11,0,1
C00468,2025-11-01,9,0,1
C00468,2025-12-01,0,1,0
C00468,2026-01-01,2,0,0
C00468,2026-02-01,7,0,1
C00468,2026-03-01,1,0,0
C00468,2026-04-01,9,0,1
C00468,2026-05-01,11,0,1
C00468,2026-06-01,3,0,0
C00469,2026-02-01,7,0,1
C00469,2026-03-01,4,1,1
C00469,2026-04-01,9,0,1
C00469,2026-05-01,2,0,0
C00469,2026-06-01,4,0,1
C00470,2025-06-01,7,0,1
C00470,2025-07-01,4,0,1
C00470,2025-08-01,7,0,1
C00470,2025-09-01,7,0,1
C00470,2025-10-01,2,0,0
C00470,2025-11-01,7,1,1
C00470,2025-12-01,3,0,1
C00470,2026-01-01,4,1,1
C00470,2026-02-01,4,0,1
C00470,2026-03-01,0,1,0
C00470,2026-04-01,1,0,0
C00470,2026-05-01,6,0,1
C00470,2026-06-01,1,0,0
C00471,2025-12-01,10,0,1
C00471,2026-01-01,7,0,1
C00471,2026-02-01,2,0,0
C00471,2026-03-01,3,3,0
C00471,2026-04-01,5,0,1
C00471,2026-05-01,5,0,1
C00471,2026-06-01,2,1,0
C00472,2025-10-01,9,0,1
C00472,2025-11-01,6,1,1
C00472,2025-12-01,1,0,0
C00472,2026-01-01,2,0,0
C00472,2026-02-01,6,0,1
C00472,2026-03-01,10,1,1
C00472,2026-04-01,2,0,0
C00472,2026-05-01,10,0,1
C00472,2026-06-01,7,0,1
C00473,2026-04-01,7,1,1
C00473,2026-05-01,1,1,0
C00473,2026-06-01,0,0,0
C00474,2026-04-01,1,0,0
C00474,2026-05-01,3,0,1
C00474,2026-06-01,0,0,0
C00475,2026-02-01,8,1,1
C00475,2026-03-01,1,0,0
C00475,2026-04-01,5,0,1
C00475,2026-05-01,0,0,0
C00475,2026-06-01,7,1,1
C00476,2025-06-01,2,1,1
C00476,2025-07-01,8,1,1
C00476,2025-08-01,4,0,1
C00476,2025-09-01,0,2,0
C00476,2025-10-01,2,0,0
C00476,2025-11-01,8,0,1
C00476,2025-12-01,6,1,1
C00476,2026-01-01,5,0,1
C00476,2026-02-01,2,0,0
C00476,2026-03-01,2,2,1
C00476,2026-04-01,7,0,1
C00476,2026-05-01,7,1,1
C00476,2026-06-01,5,2,1
C00477,2025-12-01,4,1,1
C00477,2026-01-01,7,1,1
C00477,2026-02-01,5,0,1
C00477,2026-03-01,11,0,1
C00477,2026-04-01,10,2,1
C00477,2026-05-01,0,1,0
C00477,2026-06-01,10,0,1
C00478,2025-02-01,4,1,1
C00478,2025-03-01,7,2,1
C00478,2025-04-01,5,1,1
C00478,2025-05-01,13,1,1
C00478,2025-06-01,5,0,1
C00478,2025-07-01,1,0,0
C00478,2025-08-01,5,0,1
C00478,2025-09-01,3,0,1
C00478,2025-10-01,2,0,0
C00478,2025-11-01,2,0,0
C00478,2025-12-01,11,0,1
C00478,2026-01-01,5,0,1
C00478,2026-02-01,2,0,0
C00478,2026-03-01,1,0,0
C00478,2026-04-01,3,0,1
C00478,2026-05-01,7,0,1
C00478,2026-06-01,4,1,1
C00479,2025-02-01,2,0,0
C00479,2025-03-01,4,0,1
C00479,2025-04-01,8,1,1
C00479,2025-05-01,0,0,0
C00479,2025-06-01,7,1,1
C00479,2025-07-01,4,1,1
C00479,2025-08-01,9,0,1
C00479,2025-09-01,1,0,0
C00479,2025-10-01,8,0,1
C00479,2025-11-01,1,0,0
C00479,2025-12-01,10,0,1
C00479,2026-01-01,1,2,0
C00479,2026-02-01,1,0,0
C00479,2026-03-01,0,0,0
C00479,2026-04-01,7,0,1
C00479,2026-05-01,7,0,1
C00479,2026-06-01,3,0,0
C00480,2025-10-01,8,1,1
C00480,2025-11-01,2,0,0
C00480,2025-12-01,7,0,1
C00480,2026-01-01,0,0,0
C00480,2026-02-01,7,0,1
C00480,2026-03-01,8,0,1
C00480,2026-04-01,6,0,1
C00480,2026-05-01,1,0,0
C00480,2026-06-01,9,0,1
C00481,2025-06-01,4,0,0
C00481,2025-07-01,8,0,1
C00481,2025-08-01,9,0,1
C00481,2025-09-01,7,1,1
C00481,2025-10-01,6,0,1
C00481,2025-11-01,9,1,1
C00481,2025-12-01,6,0,1
C00481,2026-01-01,0,1,0
C00481,2026-02-01,0,0,0
C00481,2026-03-01,10,0,1
C00481,2026-04-01,5,1,1
C00481,2026-05-01,0,0,0
C00481,2026-06-01,3,0,0
C00482,2025-06-01,5,0,1
C00482,2025-07-01,6,0,1
C00482,2025-08-01,4,0,1
C00482,2025-09-01,0,0,0
C00482,2025-10-01,1,0,0
C00482,2025-11-01,0,0,0
C00482,2025-12-01,0,0,0
C00482,2026-01-01,11,1,1
C00482,2026-02-01,5,0,1
C00482,2026-03-01,0,0,0
C00482,2026-04-01,9,1,1
C00482,2026-05-01,1,0,0
C00482,2026-06-01,6,1,1
C00483,2025-12-01,7,0,1
C00483,2026-01-01,9,0,1
C00483,2026-02-01,1,2,0
C00483,2026-03-01,0,0,0
C00483,2026-04-01,0,0,0
C00483,2026-05-01,8,1,1
C00483,2026-06-01,10,0,1
C00484,2025-09-01,0,1,0
C00484,2025-10-01,5,2,1
C00484,2025-11-01,7,0,1
C00484,2025-12-01,5,0,1
C00484,2026-01-01,2,0,1
C00484,2026-02-01,9,1,1
C00484,2026-03-01,6,1,1
C00484,2026-04-01,0,0,0
C00484,2026-05-01,8,0,1
C00484,2026-06-01,0,0,0
C00485,2025-02-01,9,0,1
C00485,2025-03-01,6,0,1
C00485,2025-04-01,7,1,1
C00485,2025-05-01,0,0,0
C00485,2025-06-01,2,0,0
C00485,2025-07-01,7,0,1
C00485,2025-08-01,7,0,1
C00485,2025-09-01,7,0,1
C00485,2025-10-01,4,0,1
C00485,2025-11-01,15,0,1
C00485,2025-12-01,2,0,0
C00485,2026-01-01,10,0,1
C00485,2026-02-01,9,1,1
C00485,2026-03-01,1,1,0
C00485,2026-04-01,0,1,0
C00485,2026-05-01,3,0,0
C00485,2026-06-01,8,0,1
C00486,2026-05-01,1,0,0
C00486,2026-06-01,8,0,1
C00487,2025-08-01,2,0,0
C00487,2025-09-01,6,0,1
C00487,2025-10-01,10,1,1
C00487,2025-11-01,3,0,0
C00487,2025-12-01,3,0,1
C00487,2026-01-01,7,1,1
C00487,2026-02-01,7,1,1
C00487,2026-03-01,7,0,1
C00487,2026-04-01,7,0,1
C00487,2026-05-01,5,0,1
C00487,2026-06-01,0,0,0
C00488,2025-05-01,1,0,0
C00488,2025-06-01,6,0,1
C00488,2025-07-01,1,0,0
C00488,2025-08-01,14,1,1
C00488,2025-09-01,6,0,1
C00488,2025-10-01,3,1,1
C00488,2025-11-01,2,0,0
C00488,2025-12-01,0,0,0
C00488,2026-01-01,10,0,1
C00488,2026-02-01,5,0,1
C00488,2026-03-01,3,0,0
C00488,2026-04-01,3,0,0
C00488,2026-05-01,7,1,1
C00488,2026-06-01,2,0,0
C00489,2025-02-01,1,0,0
C00489,2025-03-01,0,0,0
C00489,2025-04-01,6,0,1
C00489,2025-05-01,1,1,0
C00489,2025-06-01,0,0,0
C00489,2025-07-01,0,1,0
C00489,2025-08-01,1,0,0
C00489,2025-09-01,7,1,1
C00489,2025-10-01,4,0,1
C00489,2025-11-01,2,0,0
C00489,2025-12-01,4,2,1
C00489,2026-01-01,7,0,1
C00489,2026-02-01,3,1,0
C00489,2026-03-01,6,1,1
C00489,2026-04-01,9,1,1
C00489,2026-05-01,0,1,0
C00489,2026-06-01,1,0,0
C00490,2025-11-01,0,1,0
C00490,2025-12-01,11,0,1
C00490,2026-01-01,2,0,0
C00490,2026-02-01,4,0,1
C00490,2026-03-01,9,0,1
C00490,2026-04-01,7,1,1
C00490,2026-05-01,0,2,0
C00490,2026-06-01,3,0,1
C00491,2026-05-01,5,0,1
C00491,2026-06-01,2,0,1
C00492,2026-01-01,5,0,1
C00492,2026-02-01,11,1,1
C00492,2026-03-01,0,0,0
C00492,2026-04-01,1,0,0
C00492,2026-05-01,0,0,0
C00492,2026-06-01,8,0,1
C00493,2026-05-01,4,0,1
C00493,2026-06-01,6,0,1
C00494,2025-10-01,6,1,1
C00494,2025-11-01,3,0,1
C00494,2025-12-01,12,0,1
C00494,2026-01-01,1,0,0
C00494,2026-02-01,4,0,1
C00494,2026-03-01,2,2,0
C00494,2026-04-01,6,0,1
C00494,2026-05-01,0,0,0
C00494,2026-06-01,0,0,0
C00495,2025-02-01,7,0,1
C00495,2025-03-01,12,0,1
C00495,2025-04-01,0,0,0
C00495,2025-05-01,0,0,0
C00495,2025-06-01,1,0,0
C00495,2025-07-01,0,0,0
C00495,2025-08-01,5,0,1
C00495,2025-09-01,0,0,0
C00495,2025-10-01,0,0,0
C00495,2025-11-01,3,1,1
C00495,2025-12-01,1,0,0
C00495,2026-01-01,8,1,1
C00495,2026-02-01,7,0,1
C00495,2026-03-01,11,0,1
C00495,2026-04-01,5,0,1
C00495,2026-05-01,1,0,0
C00495,2026-06-01,12,1,1
C00496,2025-09-01,1,1,0
C00496,2025-10-01,0,1,0
C00496,2025-11-01,4,3,1
C00496,2025-12-01,7,0,1
C00496,2026-01-01,1,0,0
C00496,2026-02-01,6,0,1
C00496,2026-03-01,8,0,1
C00496,2026-04-01,8,1,1
C00496,2026-05-01,2,0,0
C00496,2026-06-01,0,1,0
C00497,2026-04-01,2,1,0
C00497,2026-05-01,7,0,1
C00497,2026-06-01,6,1,1
C00498,2025-09-01,4,0,1
C00498,2025-10-01,8,1,1
C00498,2025-11-01,1,0,0
C00498,2025-12-01,11,0,1
C00498,2026-01-01,6,1,1
C00498,2026-02-01,1,2,0
C00498,2026-03-01,1,1,0
C00498,2026-04-01,8,0,1
C00498,2026-05-01,10,0,1
C00498,2026-06-01,4,0,1
C00499,2026-05-01,1,1,0
C00499,2026-06-01,0,0,0
C00500,2026-01-01,0,0,0
C00500,2026-02-01,7,0,1
C00500,2026-03-01,11,1,1
C00500,2026-04-01,7,0,1
C00500,2026-05-01,1,0,0
C00500,2026-06-01,7,0,1
C00501,2025-06-01,4,0,1
C00501,2025-07-01,9,0,1
C00501,2025-08-01,5,0,1
C00501,2025-09-01,2,0,0
C00501,2025-10-01,3,0,1
C00501,2025-11-01,0,0,0
C00501,2025-12-01,1,0,0
C00501,2026-01-01,2,0,0
C00501,2026-02-01,5,0,1
C00501,2026-03-01,8,0,1
C00501,2026-04-01,6,1,1
C00501,2026-05-01,1,0,0
C00501,2026-06-01,12,0,1
C00502,2025-09-01,3,1,0
C00502,2025-10-01,7,1,1
C00502,2025-11-01,13,0,1
C00502,2025-12-01,1,1,0
C00502,2026-01-01,9,1,1
C00502,2026-02-01,1,0,0
C00502,2026-03-01,1,0,0
C00502,2026-04-01,3,0,0
C00502,2026-05-01,0,0,0
C00502,2026-06-01,4,1,1
C00503,2025-12-01,5,0,1
C00503,2026-01-01,6,1,1
C00503,2026-02-01,8,1,1
C00503,2026-03-01,0,0,0
C00503,2026-04-01,2,0,0
C00503,2026-05-01,14,0,1
C00503,2026-06-01,9,0,1
C00504,2026-05-01,9,0,1
C00504,2026-06-01,0,0,0
C00505,2025-07-01,12,1,1
C00505,2025-08-01,3,0,1
C00505,2025-09-01,5,0,1
C00505,2025-10-01,9,0,1
C00505,2025-11-01,0,1,0
C00505,2025-12-01,3,0,1
C00505,2026-01-01,6,0,1
C00505,2026-02-01,6,1,1
C00505,2026-03-01,9,0,1
C00505,2026-04-01,3,1,1
C00505,2026-05-01,2,0,0
C00505,2026-06-01,1,0,0
C00506,2025-02-01,7,0,1
C00506,2025-03-01,7,0,1
C00506,2025-04-01,0,0,0
C00506,2025-05-01,5,0,1
C00506,2025-06-01,2,0,1
C00506,2025-07-01,0,0,0
C00506,2025-08-01,6,1,1
C00506,2025-09-01,11,0,1
C00506,2025-10-01,1,0,0
C00506,2025-11-01,7,0,1
C00506,2025-12-01,0,0,0
C00506,2026-01-01,6,0,1
C00506,2026-02-01,0,1,0
C00506,2026-03-01,2,0,0
C00506,2026-04-01,2,1,1
C00506,2026-05-01,0,0,0
C00506,2026-06-01,4,0,1
C00507,2025-09-01,0,1,0
C00507,2025-10-01,0,0,0
C00507,2025-11-01,7,0,1
C00507,2025-12-01,11,0,1
C00507,2026-01-01,4,0,0
C00507,2026-02-01,4,1,1
C00507,2026-03-01,4,0,0
C00507,2026-04-01,0,0,0
C00507,2026-05-01,12,0,1
C00507,2026-06-01,7,1,1
C00508,2026-01-01,5,0,1
C00508,2026-02-01,0,0,0
C00508,2026-03-01,4,0,1
C00508,2026-04-01,0,0,0
C00508,2026-05-01,1,0,0
C00508,2026-06-01,0,2,0
C00509,2025-06-01,7,0,1
C00509,2025-07-01,7,1,1
C00509,2025-08-01,9,1,1
C00509,2025-09-01,5,1,1
C00509,2025-10-01,1,0,0
C00509,2025-11-01,7,0,1
C00509,2025-12-01,1,0,0
C00509,2026-01-01,6,0,1
C00509,2026-02-01,1,0,0
C00509,2026-03-01,1,0,0
C00509,2026-04-01,3,0,1
C00509,2026-05-01,8,0,1
C00509,2026-06-01,0,0,0
C00510,2026-02-01,9,0,1
C00510,2026-03-01,6,1,1
C00510,2026-04-01,2,0,0
C00510,2026-05-01,1,0,0
C00510,2026-06-01,1,1,0
C00511,2025-06-01,8,0,1
C00511,2025-07-01,11,0,1
C00511,2025-08-01,5,0,1
C00511,2025-09-01,0,2,0
C00511,2025-10-01,6,0,1
C00511,2025-11-01,0,0,0
C00511,2025-12-01,1,1,0
C00511,2026-01-01,0,0,0
C00511,2026-02-01,6,0,1
C00511,2026-03-01,2,0,0
C00511,2026-04-01,12,0,1
C00511,2026-05-01,10,1,1
C00511,2026-06-01,0,0,0
C00512,2026-03-01,6,0,1
C00512,2026-04-01,4,0,1
C00512,2026-05-01,8,0,1
C00512,2026-06-01,7,0,1
C00513,2026-03-01,7,0,1
C00513,2026-04-01,5,0,1
C00513,2026-05-01,5,1,1
C00513,2026-06-01,4,0,1
C00514,2025-11-01,8,0,1
C00514,2025-12-01,0,0,0
C00514,2026-01-01,3,0,1
C00514,2026-02-01,6,1,1
C00514,2026-03-01,2,0,0
C00514,2026-04-01,6,0,1
C00514,2026-05-01,6,0,1
C00514,2026-06-01,8,0,1
C00515,2025-10-01,10,0,1
C00515,2025-11-01,0,1,0
C00515,2025-12-01,0,1,1
C00515,2026-01-01,6,0,1
C00515,2026-02-01,9,2,1
C00515,2026-03-01,14,0,1
C00515,2026-04-01,6,0,1
C00515,2026-05-01,6,0,1
C00515,2026-06-01,8,1,1
C00516,2025-08-01,11,1,1
C00516,2025-09-01,0,0,0
C00516,2025-10-01,1,0,0
C00516,2025-11-01,6,0,1
C00516,2025-12-01,2,2,0
C00516,2026-01-01,0,0,0
C00516,2026-02-01,4,0,1
C00516,2026-03-01,8,0,1
C00516,2026-04-01,0,2,0
C00516,2026-05-01,9,0,1
C00516,2026-06-01,2,0,1
C00517,2025-03-01,8,0,1
C00517,2025-04-01,3,0,1
C00517,2025-05-01,4,0,1
C00517,2025-06-01,1,0,0
C00517,2025-07-01,1,1,0
C00517,2025-08-01,4,0,1
C00517,2025-09-01,0,0,0
C00517,2025-10-01,2,0,0
C00517,2025-11-01,5,0,1
C00517,2025-12-01,1,0,0
C00517,2026-01-01,6,0,1
C00517,2026-02-01,11,1,1
C00517,2026-03-01,2,0,0
C00517,2026-04-01,0,0,0
C00517,2026-05-01,3,0,0
C00517,2026-06-01,1,2,0
C00518,2025-04-01,7,0,1
C00518,2025-05-01,6,0,1
C00518,2025-06-01,6,0,1
C00518,2025-07-01,1,0,0
C00518,2025-08-01,8,0,1
C00518,2025-09-01,8,0,1
C00518,2025-10-01,2,0,0
C00518,2025-11-01,1,0,0
C00518,2025-12-01,7,0,1
C00518,2026-01-01,9,0,1
C00518,2026-02-01,6,0,1
C00518,2026-03-01,5,0,1
C00518,2026-04-01,1,0,0
C00518,2026-05-01,6,0,1
C00518,2026-06-01,8,0,1
C00519,2025-03-01,8,0,1
C00519,2025-04-01,0,0,0
C00519,2025-05-01,12,0,1
C00519,2025-06-01,1,0,0
C00519,2025-07-01,2,0,0
C00519,2025-08-01,17,1,1
C00519,2025-09-01,5,0,1
C00519,2025-10-01,1,0,0
C00519,2025-11-01,3,1,0
C00519,2025-12-01,12,1,1
C00519,2026-01-01,1,2,0
C00519,2026-02-01,8,0,1
C00519,2026-03-01,10,0,1
C00519,2026-04-01,5,2,1
C00519,2026-05-01,8,0,1
C00519,2026-06-01,2,1,0
C00520,2025-12-01,1,1,0
C00520,2026-01-01,10,0,1
C00520,2026-02-01,0,0,0
C00520,2026-03-01,1,1,1
C00520,2026-04-01,7,0,1
C00520,2026-05-01,5,1,1
C00520,2026-06-01,8,0,1
C00521,2026-02-01,5,0,1
C00521,2026-03-01,0,1,0
C00521,2026-04-01,4,0,0
C00521,2026-05-01,6,0,1
C00521,2026-06-01,0,0,0
C00522,2026-04-01,1,0,0
C00522,2026-05-01,9,0,1
C00522,2026-06-01,6,0,1
C00523,2026-02-01,1,1,0
C00523,2026-03-01,1,0,0
C00523,2026-04-01,5,0,1
C00523,2026-05-01,4,0,1
C00523,2026-06-01,1,0,0
C00524,2026-02-01,6,1,1
C00524,2026-03-01,9,0,1
C00524,2026-04-01,7,0,1
C00524,2026-05-01,2,0,0
C00524,2026-06-01,1,2,0
C00525,2025-06-01,1,1,0
C00525,2025-07-01,8,1,1
C00525,2025-08-01,1,0,0
C00525,2025-09-01,4,0,1
C00525,2025-10-01,9,0,1
C00525,2025-11-01,1,0,0
C00525,2025-12-01,4,0,1
C00525,2026-01-01,5,0,1
C00525,2026-02-01,1,0,0
C00525,2026-03-01,0,1,0
C00525,2026-04-01,7,0,1
C00525,2026-05-01,11,1,1
C00525,2026-06-01,1,1,0
C00526,2025-03-01,8,1,1
C00526,2025-04-01,6,1,1
C00526,2025-05-01,2,1,0
C00526,2025-06-01,3,0,0
C00526,2025-07-01,3,0,0
C00526,2025-08-01,12,0,1
C00526,2025-09-01,7,0,1
C00526,2025-10-01,6,0,1
C00526,2025-11-01,0,0,0
C00526,2025-12-01,10,0,1
C00526,2026-01-01,8,0,1
C00526,2026-02-01,3,1,1
C00526,2026-03-01,0,0,0
C00526,2026-04-01,5,0,1
C00526,2026-05-01,7,1,1
C00526,2026-06-01,6,1,1
C00527,2025-09-01,9,2,1
C00527,2025-10-01,0,0,0
C00527,2025-11-01,4,0,1
C00527,2025-12-01,4,0,1
C00527,2026-01-01,7,0,1
C00527,2026-02-01,2,2,0
C00527,2026-03-01,9,0,1
C00527,2026-04-01,8,2,1
C00527,2026-05-01,5,0,1
C00527,2026-06-01,5,3,1
C00528,2025-11-01,1,1,0
C00528,2025-12-01,3,0,1
C00528,2026-01-01,7,0,1
C00528,2026-02-01,10,0,1
C00528,2026-03-01,2,1,0
C00528,2026-04-01,0,0,0
C00528,2026-05-01,4,0,1
C00528,2026-06-01,6,0,1
C00529,2026-03-01,9,1,1
C00529,2026-04-01,1,0,1
C00529,2026-05-01,6,0,1
C00529,2026-06-01,1,0,0
C00530,2025-03-01,7,1,1
C00530,2025-04-01,1,1,0
C00530,2025-05-01,9,0,1
C00530,2025-06-01,0,0,0
C00530,2025-07-01,0,0,0
C00530,2025-08-01,12,0,1
C00530,2025-09-01,0,0,0
C00530,2025-10-01,0,1,0
C00530,2025-11-01,1,0,0
C00530,2025-12-01,0,1,0
C00530,2026-01-01,1,1,0
C00530,2026-02-01,0,0,0
C00530,2026-03-01,10,1,1
C00530,2026-04-01,2,1,0
C00530,2026-05-01,1,1,0
C00530,2026-06-01,3,0,0
C00531,2025-10-01,3,0,1
C00531,2025-11-01,4,1,1
C00531,2025-12-01,2,0,0
C00531,2026-01-01,0,0,0
C00531,2026-02-01,1,0,0
C00531,2026-03-01,4,1,0
C00531,2026-04-01,1,0,0
C00531,2026-05-01,0,0,0
C00531,2026-06-01,1,1,0
C00532,2025-05-01,4,0,1
C00532,2025-06-01,1,0,0
C00532,2025-07-01,8,0,1
C00532,2025-08-01,1,1,0
C00532,2025-09-01,9,0,1
C00532,2025-10-01,2,0,0
C00532,2025-11-01,4,0,1
C00532,2025-12-01,4,0,1
C00532,2026-01-01,5,1,1
C00532,2026-02-01,11,0,1
C00532,2026-03-01,0,0,0
C00532,2026-04-01,8,0,1
C00532,2026-05-01,2,1,0
C00532,2026-06-01,0,0,0
C00533,2025-08-01,7,1,1
C00533,2025-09-01,7,0,1
C00533,2025-10-01,7,0,1
C00533,2025-11-01,1,1,0
C00533,2025-12-01,13,1,1
C00533,2026-01-01,2,2,0
C00533,2026-02-01,1,0,0
C00533,2026-03-01,1,0,0
C00533,2026-04-01,1,0,0
C00533,2026-05-01,3,0,0
C00533,2026-06-01,5,0,1
C00534,2026-03-01,7,0,1
C00534,2026-04-01,11,1,1
C00534,2026-05-01,10,1,1
C00534,2026-06-01,0,0,0
C00535,2025-10-01,6,1,1
C00535,2025-11-01,8,0,1
C00535,2025-12-01,7,0,1
C00535,2026-01-01,8,1,1
C00535,2026-02-01,1,0,0
C00535,2026-03-01,0,0,0
C00535,2026-04-01,7,1,1
C00535,2026-05-01,1,0,0
C00535,2026-06-01,1,0,0
C00536,2025-04-01,6,1,1
C00536,2025-05-01,6,0,1
C00536,2025-06-01,4,0,1
C00536,2025-07-01,8,0,1
C00536,2025-08-01,2,2,0
C00536,2025-09-01,1,0,0
C00536,2025-10-01,2,0,0
C00536,2025-11-01,7,0,1
C00536,2025-12-01,11,0,1
C00536,2026-01-01,0,0,0
C00536,2026-02-01,3,0,0
C00536,2026-03-01,2,0,0
C00536,2026-04-01,5,0,1
C00536,2026-05-01,1,0,0
C00536,2026-06-01,10,0,1
C00537,2026-01-01,2,2,0
C00537,2026-02-01,8,0,1
C00537,2026-03-01,8,0,1
C00537,2026-04-01,0,0,0
C00537,2026-05-01,2,0,1
C00537,2026-06-01,7,0,1
C00538,2025-03-01,8,0,1
C00538,2025-04-01,5,0,1
C00538,2025-05-01,7,1,1
C00538,2025-06-01,10,0,1
C00538,2025-07-01,6,2,1
C00538,2025-08-01,5,0,1
C00538,2025-09-01,9,0,1
C00538,2025-10-01,2,1,0
C00538,2025-11-01,10,0,1
C00538,2025-12-01,11,1,1
C00538,2026-01-01,10,0,1
C00538,2026-02-01,6,1,1
C00538,2026-03-01,4,0,1
C00538,2026-04-01,0,0,0
C00538,2026-05-01,0,0,0
C00538,2026-06-01,0,0,0
C00539,2026-02-01,6,0,1
C00539,2026-03-01,11,0,1
C00539,2026-04-01,1,0,1
C00539,2026-05-01,9,1,1
C00539,2026-06-01,1,0,0
C00540,2025-03-01,5,0,1
C00540,2025-04-01,7,0,1
C00540,2025-05-01,8,0,1
C00540,2025-06-01,8,0,1
C00540,2025-07-01,9,0,1
C00540,2025-08-01,8,0,1
C00540,2025-09-01,7,1,1
C00540,2025-10-01,11,1,1
C00540,2025-11-01,0,1,0
C00540,2025-12-01,3,0,1
C00540,2026-01-01,2,0,0
C00540,2026-02-01,9,0,1
C00540,2026-03-01,0,0,0
C00540,2026-04-01,10,0,1
C00540,2026-05-01,8,0,1
C00540,2026-06-01,0,2,0
C00541,2026-05-01,12,0,1
C00541,2026-06-01,5,0,1
C00542,2025-11-01,1,0,0
C00542,2025-12-01,5,0,1
C00542,2026-01-01,7,0,1
C00542,2026-02-01,1,0,0
C00542,2026-03-01,2,0,1
C00542,2026-04-01,9,1,1
C00542,2026-05-01,1,1,0
C00542,2026-06-01,0,1,0
C00543,2026-04-01,11,1,1
C00543,2026-05-01,2,0,0
C00543,2026-06-01,2,0,0
C00544,2025-02-01,10,0,1
C00544,2025-03-01,8,0,1
C00544,2025-04-01,11,1,1
C00544,2025-05-01,4,0,1
C00544,2025-06-01,4,0,1
C00544,2025-07-01,2,0,1
C00544,2025-08-01,3,0,0
C00544,2025-09-01,12,0,1
C00544,2025-10-01,0,0,0
C00544,2025-11-01,4,0,1
C00544,2025-12-01,2,0,1
C00544,2026-01-01,7,1,1
C00544,2026-02-01,10,0,1
C00544,2026-03-01,1,0,0
C00544,2026-04-01,1,1,0
C00544,2026-05-01,4,1,1
C00544,2026-06-01,2,1,0
C00545,2026-04-01,8,0,1
C00545,2026-05-01,10,1,1
C00545,2026-06-01,6,2,1
C00546,2025-09-01,9,0,1
C00546,2025-10-01,10,1,1
C00546,2025-11-01,0,0,0
C00546,2025-12-01,8,0,1
C00546,2026-01-01,6,3,1
C00546,2026-02-01,6,1,1
C00546,2026-03-01,1,0,0
C00546,2026-04-01,2,1,1
C00546,2026-05-01,0,1,0
C00546,2026-06-01,5,0,1
C00547,2025-12-01,5,0,1
C00547,2026-01-01,1,0,0
C00547,2026-02-01,5,1,1
C00547,2026-03-01,6,0,1
C00547,2026-04-01,1,0,0
C00547,2026-05-01,0,0,0
C00547,2026-06-01,2,1,0
C00548,2025-09-01,10,1,1
C00548,2025-10-01,10,0,1
C00548,2025-11-01,11,0,1
C00548,2025-12-01,2,1,0
C00548,2026-01-01,5,1,1
C00548,2026-02-01,8,1,1
C00548,2026-03-01,8,0,1
C00548,2026-04-01,4,0,1
C00548,2026-05-01,6,0,1
C00548,2026-06-01,7,2,1
C00549,2026-01-01,5,1,1
C00549,2026-02-01,2,0,0
C00549,2026-03-01,11,0,1
C00549,2026-04-01,5,0,1
C00549,2026-05-01,7,1,1
C00549,2026-06-01,7,0,1
C00550,2026-05-01,9,0,1
C00550,2026-06-01,6,1,1
C00551,2025-11-01,2,0,0
C00551,2025-12-01,3,0,1
C00551,2026-01-01,1,1,0
C00551,2026-02-01,6,1,1
C00551,2026-03-01,8,0,1
C00551,2026-04-01,0,0,0
C00551,2026-05-01,2,0,1
C00551,2026-06-01,0,0,0
C00552,2025-11-01,7,0,1
C00552,2025-12-01,0,0,0
C00552,2026-01-01,6,1,1
C00552,2026-02-01,9,0,1
C00552,2026-03-01,5,0,1
C00552,2026-04-01,11,0,1
C00552,2026-05-01,10,0,1
C00552,2026-06-01,6,1,1
C00553,2025-11-01,1,0,0
C00553,2025-12-01,9,0,1
C00553,2026-01-01,8,1,1
C00553,2026-02-01,1,0,0
C00553,2026-03-01,9,0,1
C00553,2026-04-01,7,0,1
C00553,2026-05-01,6,0,1
C00553,2026-06-01,5,0,1
C00554,2025-04-01,5,0,1
C00554,2025-05-01,4,1,0
C00554,2025-06-01,6,0,1
C00554,2025-07-01,11,1,1
C00554,2025-08-01,3,0,1
C00554,2025-09-01,2,1,1
C00554,2025-10-01,3,0,1
C00554,2025-11-01,1,0,0
C00554,2025-12-01,5,0,1
C00554,2026-01-01,10,2,1
C00554,2026-02-01,0,0,0
C00554,2026-03-01,10,2,1
C00554,2026-04-01,9,0,1
C00554,2026-05-01,10,0,1
C00554,2026-06-01,8,0,1
C00555,2025-05-01,1,1,0
C00555,2025-06-01,6,2,1
C00555,2025-07-01,0,0,0
C00555,2025-08-01,7,0,1
C00555,2025-09-01,7,1,1
C00555,2025-10-01,7,0,1
C00555,2025-11-01,2,0,0
C00555,2025-12-01,10,0,1
C00555,2026-01-01,0,0,0
C00555,2026-02-01,7,1,1
C00555,2026-03-01,0,0,0
C00555,2026-04-01,1,1,0
C00555,2026-05-01,10,0,1
C00555,2026-06-01,0,1,0
C00556,2025-07-01,8,0,1
C00556,2025-08-01,1,3,0
C00556,2025-09-01,3,1,1
C00556,2025-10-01,7,1,1
C00556,2025-11-01,8,0,1
C00556,2025-12-01,7,0,1
C00556,2026-01-01,5,0,0
C00556,2026-02-01,7,1,1
C00556,2026-03-01,3,0,1
C00556,2026-04-01,1,0,0
C00556,2026-05-01,5,0,1
C00556,2026-06-01,4,0,1
C00557,2026-04-01,1,1,0
C00557,2026-05-01,3,0,1
C00557,2026-06-01,10,0,1
C00558,2025-02-01,7,0,1
C00558,2025-03-01,8,1,1
C00558,2025-04-01,7,0,1
C00558,2025-05-01,8,1,1
C00558,2025-06-01,11,0,1
C00558,2025-07-01,4,0,1
C00558,2025-08-01,2,2,0
C00558,2025-09-01,6,0,1
C00558,2025-10-01,6,1,1
C00558,2025-11-01,7,0,1
C00558,2025-12-01,2,0,0
C00558,2026-01-01,0,0,0
C00558,2026-02-01,5,1,1
C00558,2026-03-01,0,0,0
C00558,2026-04-01,10,0,1
C00558,2026-05-01,5,0,1
C00558,2026-06-01,0,0,0
C00559,2025-09-01,0,0,0
C00559,2025-10-01,9,0,1
C00559,2025-11-01,6,3,1
C00559,2025-12-01,8,0,1
C00559,2026-01-01,7,2,1
C00559,2026-02-01,2,0,0
C00559,2026-03-01,5,0,1
C00559,2026-04-01,1,0,0
C00559,2026-05-01,5,0,1
C00559,2026-06-01,8,1,1
C00560,2025-11-01,9,0,1
C00560,2025-12-01,0,1,0
C00560,2026-01-01,1,1,0
C00560,2026-02-01,0,1,0
C00560,2026-03-01,7,0,1
C00560,2026-04-01,8,0,1
C00560,2026-05-01,2,0,0
C00560,2026-06-01,1,0,0
C00561,2025-02-01,1,1,0
C00561,2025-03-01,0,1,0
C00561,2025-04-01,11,1,1
C00561,2025-05-01,5,0,1
C00561,2025-06-01,3,0,1
C00561,2025-07-01,6,1,1
C00561,2025-08-01,2,0,0
C00561,2025-09-01,9,0,1
C00561,2025-10-01,9,0,1
C00561,2025-11-01,1,0,0
C00561,2025-12-01,0,0,0
C00561,2026-01-01,0,0,0
C00561,2026-02-01,0,2,0
C00561,2026-03-01,7,1,1
C00561,2026-04-01,11,0,1
C00561,2026-05-01,4,0,0
C00561,2026-06-01,3,0,1
C00562,2025-12-01,2,0,0
C00562,2026-01-01,5,0,1
C00562,2026-02-01,3,0,0
C00562,2026-03-01,6,0,1
C00562,2026-04-01,6,0,1
C00562,2026-05-01,1,0,0
C00562,2026-06-01,9,0,1
C00563,2025-11-01,2,1,0
C00563,2025-12-01,4,1,1
C00563,2026-01-01,11,0,1
C00563,2026-02-01,10,0,1
C00563,2026-03-01,0,1,0
C00563,2026-04-01,0,0,0
C00563,2026-05-01,1,0,0
C00563,2026-06-01,10,0,1
C00564,2025-09-01,4,1,1
C00564,2025-10-01,4,0,1
C00564,2025-11-01,0,1,0
C00564,2025-12-01,7,2,1
C00564,2026-01-01,0,0,0
C00564,2026-02-01,5,2,1
C00564,2026-03-01,0,0,0
C00564,2026-04-01,11,0,1
C00564,2026-05-01,7,0,1
C00564,2026-06-01,1,0,0
C00565,2025-03-01,2,0,1
C00565,2025-04-01,11,0,1
C00565,2025-05-01,4,0,1
C00565,2025-06-01,3,0,1
C00565,2025-07-01,2,0,0
C00565,2025-08-01,0,0,0
C00565,2025-09-01,1,0,0
C00565,2025-10-01,12,1,1
C00565,2025-11-01,6,0,1
C00565,2025-12-01,0,0,0
C00565,2026-01-01,10,0,1
C00565,2026-02-01,8,0,1
C00565,2026-03-01,11,0,1
C00565,2026-04-01,0,0,0
C00565,2026-05-01,10,0,1
C00565,2026-06-01,6,0,1
C00566,2025-07-01,9,0,1
C00566,2025-08-01,0,0,0
C00566,2025-09-01,0,1,0
C00566,2025-10-01,6,0,1
C00566,2025-11-01,2,0,0
C00566,2025-12-01,1,0,0
C00566,2026-01-01,1,0,0
C00566,2026-02-01,0,0,0
C00566,2026-03-01,4,2,1
C00566,2026-04-01,1,1,0
C00566,2026-05-01,4,0,1
C00566,2026-06-01,0,1,0
C00567,2025-09-01,1,1,0
C00567,2025-10-01,6,0,1
C00567,2025-11-01,6,0,1
C00567,2025-12-01,0,1,0
C00567,2026-01-01,7,0,1
C00567,2026-02-01,6,0,1
C00567,2026-03-01,8,1,1
C00567,2026-04-01,10,1,1
C00567,2026-05-01,2,0,0
C00567,2026-06-01,1,0,0
C00568,2026-02-01,5,0,1
C00568,2026-03-01,9,0,1
C00568,2026-04-01,2,1,0
C00568,2026-05-01,4,0,1
C00568,2026-06-01,4,0,1
C00569,2026-01-01,3,0,1
C00569,2026-02-01,3,0,1
C00569,2026-03-01,8,0,1
C00569,2026-04-01,0,0,0
C00569,2026-05-01,1,0,0
C00569,2026-06-01,9,0,1
C00570,2026-05-01,9,0,1
C00570,2026-06-01,11,0,1
C00571,2025-11-01,7,0,1
C00571,2025-12-01,6,0,1
C00571,2026-01-01,7,4,1
C00571,2026-02-01,11,1,1
C00571,2026-03-01,0,0,0
C00571,2026-04-01,8,0,1
C00571,2026-05-01,0,0,0
C00571,2026-06-01,6,1,1
C00572,2025-04-01,0,0,0
C00572,2025-05-01,0,0,0
C00572,2025-06-01,5,1,1
C00572,2025-07-01,9,1,1
C00572,2025-08-01,8,0,1
C00572,2025-09-01,1,0,0
C00572,2025-10-01,0,0,0
C00572,2025-11-01,2,0,0
C00572,2025-12-01,2,1,0
C00572,2026-01-01,1,0,0
C00572,2026-02-01,2,0,0
C00572,2026-03-01,6,1,1
C00572,2026-04-01,9,1,1
C00572,2026-05-01,3,3,0
C00572,2026-06-01,2,1,0
C00573,2026-04-01,10,0,1
C00573,2026-05-01,3,0,1
C00573,2026-06-01,1,0,0
C00574,2025-09-01,12,0,1
C00574,2025-10-01,6,1,1
C00574,2025-11-01,6,1,1
C00574,2025-12-01,9,0,1
C00574,2026-01-01,5,0,1
C00574,2026-02-01,0,1,0
C00574,2026-03-01,1,0,0
C00574,2026-04-01,1,0,0
C00574,2026-05-01,0,2,0
C00574,2026-06-01,6,0,1
C00575,2025-11-01,6,0,1
C00575,2025-12-01,9,0,1
C00575,2026-01-01,1,0,0
C00575,2026-02-01,6,0,1
C00575,2026-03-01,2,1,0
C00575,2026-04-01,4,0,1
C00575,2026-05-01,4,0,1
C00575,2026-06-01,0,0,0
C00576,2025-08-01,10,0,1
C00576,2025-09-01,10,0,1
C00576,2025-10-01,5,1,1
C00576,2025-11-01,7,1,1
C00576,2025-12-01,10,1,1
C00576,2026-01-01,7,0,1
C00576,2026-02-01,12,1,1
C00576,2026-03-01,10,0,1
C00576,2026-04-01,4,1,1
C00576,2026-05-01,8,0,1
C00576,2026-06-01,1,0,0
C00577,2025-10-01,13,0,1
C00577,2025-11-01,1,0,0
C00577,2025-12-01,10,0,1
C00577,2026-01-01,12,1,1
C00577,2026-02-01,2,2,0
C00577,2026-03-01,8,1,1
C00577,2026-04-01,8,0,1
C00577,2026-05-01,4,1,1
C00577,2026-06-01,10,0,1
C00578,2025-02-01,5,1,1
C00578,2025-03-01,0,1,0
C00578,2025-04-01,4,0,0
C00578,2025-05-01,13,0,1
C00578,2025-06-01,1,1,0
C00578,2025-07-01,8,0,1
C00578,2025-08-01,5,3,1
C00578,2025-09-01,0,0,0
C00578,2025-10-01,0,0,0
C00578,2025-11-01,7,1,1
C00578,2025-12-01,8,0,1
C00578,2026-01-01,16,0,1
C00578,2026-02-01,3,0,1
C00578,2026-03-01,5,0,0
C00578,2026-04-01,1,0,0
C00578,2026-05-01,0,0,0
C00578,2026-06-01,5,1,1
C00579,2025-07-01,11,1,1
C00579,2025-08-01,9,0,1
C00579,2025-09-01,6,0,1
C00579,2025-10-01,0,1,0
C00579,2025-11-01,1,1,0
C00579,2025-12-01,3,1,0
C00579,2026-01-01,1,0,0
C00579,2026-02-01,0,0,0
C00579,2026-03-01,7,1,1
C00579,2026-04-01,0,0,0
C00579,2026-05-01,5,0,1
C00579,2026-06-01,8,0,1
C00580,2026-03-01,5,0,1
C00580,2026-04-01,13,0,1
C00580,2026-05-01,6,1,1
C00580,2026-06-01,11,0,1
C00581,2025-09-01,4,1,1
C00581,2025-10-01,9,2,1
C00581,2025-11-01,10,0,1
C00581,2025-12-01,6,1,1
C00581,2026-01-01,0,1,1
C00581,2026-02-01,4,1,1
C00581,2026-03-01,8,0,1
C00581,2026-04-01,1,1,0
C00581,2026-05-01,6,0,1
C00581,2026-06-01,1,1,0
C00582,2025-09-01,6,0,1
C00582,2025-10-01,4,0,1
C00582,2025-11-01,3,1,1
C00582,2025-12-01,4,1,0
C00582,2026-01-01,1,1,0
C00582,2026-02-01,8,2,1
C00582,2026-03-01,1,0,0
C00582,2026-04-01,1,0,0
C00582,2026-05-01,0,0,0
C00582,2026-06-01,1,0,0
C00583,2025-04-01,12,1,1
C00583,2025-05-01,6,0,1
C00583,2025-06-01,7,0,1
C00583,2025-07-01,10,0,1
C00583,2025-08-01,3,0,0
C00583,2025-09-01,0,1,0
C00583,2025-10-01,9,2,1
C00583,2025-11-01,8,0,1
C00583,2025-12-01,10,0,1
C00583,2026-01-01,7,0,1
C00583,2026-02-01,1,1,0
C00583,2026-03-01,8,2,1
C00583,2026-04-01,4,0,1
C00583,2026-05-01,8,0,1
C00583,2026-06-01,4,0,1
C00584,2025-11-01,7,0,1
C00584,2025-12-01,8,1,1
C00584,2026-01-01,0,1,0
C00584,2026-02-01,6,0,1
C00584,2026-03-01,1,0,0
C00584,2026-04-01,5,0,1
C00584,2026-05-01,1,1,0
C00584,2026-06-01,14,0,1
C00585,2026-04-01,5,0,1
C00585,2026-05-01,0,1,0
C00585,2026-06-01,4,0,1
C00586,2026-02-01,5,1,1
C00586,2026-03-01,12,0,1
C00586,2026-04-01,6,0,1
C00586,2026-05-01,4,0,1
C00586,2026-06-01,6,1,1
C00587,2025-10-01,9,0,1
C00587,2025-11-01,3,0,1
C00587,2025-12-01,6,1,1
C00587,2026-01-01,0,1,0
C00587,2026-02-01,9,1,1
C00587,2026-03-01,10,0,1
C00587,2026-04-01,9,0,1
C00587,2026-05-01,1,1,0
C00587,2026-06-01,0,0,0
C00588,2026-03-01,6,1,1
C00588,2026-04-01,6,0,1
C00588,2026-05-01,4,0,1
C00588,2026-06-01,8,0,1
C00589,2025-05-01,3,0,0
C00589,2025-06-01,2,0,1
C00589,2025-07-01,10,0,1
C00589,2025-08-01,10,0,1
C00589,2025-09-01,5,0,1
C00589,2025-10-01,8,1,1
C00589,2025-11-01,5,0,1
C00589,2025-12-01,3,0,0
C00589,2026-01-01,10,0,1
C00589,2026-02-01,8,1,1
C00589,2026-03-01,0,1,0
C00589,2026-04-01,0,0,0
C00589,2026-05-01,8,0,1
C00589,2026-06-01,1,0,0
C00590,2025-10-01,5,0,1
C00590,2025-11-01,7,2,1
C00590,2025-12-01,7,0,1
C00590,2026-01-01,0,0,0
C00590,2026-02-01,3,0,0
C00590,2026-03-01,6,0,1
C00590,2026-04-01,1,1,0
C00590,2026-05-01,2,0,0
C00590,2026-06-01,7,0,1
C00591,2025-04-01,7,1,1
C00591,2025-05-01,1,1,0
C00591,2025-06-01,1,0,0
C00591,2025-07-01,11,2,1
C00591,2025-08-01,3,2,1
C00591,2025-09-01,9,0,1
C00591,2025-10-01,7,2,1
C00591,2025-11-01,6,0,1
C00591,2025-12-01,7,1,1
C00591,2026-01-01,1,1,0
C00591,2026-02-01,5,0,1
C00591,2026-03-01,0,1,0
C00591,2026-04-01,0,0,0
C00591,2026-05-01,8,0,1
C00591,2026-06-01,3,1,0
C00592,2025-04-01,8,1,1
C00592,2025-05-01,9,0,1
C00592,2025-06-01,1,3,0
C00592,2025-07-01,5,1,1
C00592,2025-08-01,0,1,0
C00592,2025-09-01,1,0,0
C00592,2025-10-01,2,0,0
C00592,2025-11-01,2,0,0
C00592,2025-12-01,0,0,0
C00592,2026-01-01,1,0,0
C00592,2026-02-01,7,0,1
C00592,2026-03-01,8,0,1
C00592,2026-04-01,1,1,0
C00592,2026-05-01,9,1,1
C00592,2026-06-01,6,1,1
C00593,2026-02-01,5,0,1
C00593,2026-03-01,8,0,1
C00593,2026-04-01,6,0,1
C00593,2026-05-01,4,0,0
C00593,2026-06-01,4,1,1
C00594,2025-02-01,7,0,1
C00594,2025-03-01,4,1,1
C00594,2025-04-01,6,0,1
C00594,2025-05-01,12,1,1
C00594,2025-06-01,7,0,1
C00594,2025-07-01,2,0,0
C00594,2025-08-01,7,0,1
C00594,2025-09-01,1,0,0
C00594,2025-10-01,11,0,1
C00594,2025-11-01,10,0,1
C00594,2025-12-01,8,0,1
C00594,2026-01-01,2,0,1
C00594,2026-02-01,2,0,0
C00594,2026-03-01,8,0,1
C00594,2026-04-01,7,1,1
C00594,2026-05-01,0,0,0
C00594,2026-06-01,2,0,0
C00595,2025-07-01,7,1,1
C00595,2025-08-01,11,2,1
C00595,2025-09-01,8,0,1
C00595,2025-10-01,11,0,1
C00595,2025-11-01,4,0,1
C00595,2025-12-01,10,0,1
C00595,2026-01-01,0,0,0
C00595,2026-02-01,1,0,0
C00595,2026-03-01,1,0,0
C00595,2026-04-01,2,0,0
C00595,2026-05-01,1,0,0
C00595,2026-06-01,8,0,1
C00596,2025-12-01,3,0,1
C00596,2026-01-01,1,0,0
C00596,2026-02-01,6,0,1
C00596,2026-03-01,8,0,1
C00596,2026-04-01,5,1,1
C00596,2026-05-01,6,1,1
C00596,2026-06-01,4,1,1
C00597,2026-02-01,6,1,1
C00597,2026-03-01,4,1,1
C00597,2026-04-01,8,1,1
C00597,2026-05-01,1,0,0
C00597,2026-06-01,12,0,1
C00598,2026-01-01,7,0,1
C00598,2026-02-01,0,0,0
C00598,2026-03-01,1,1,0
C00598,2026-04-01,5,0,1
C00598,2026-05-01,4,0,1
C00598,2026-06-01,1,0,1
C00599,2026-04-01,2,0,1
C00599,2026-05-01,4,0,0
C00599,2026-06-01,1,0,0
C00600,2025-07-01,1,0,0
C00600,2025-08-01,10,0,1
C00600,2025-09-01,11,0,1
C00600,2025-10-01,1,0,1
C00600,2025-11-01,6,0,1
C00600,2025-12-01,2,0,0
C00600,2026-01-01,11,2,1
C00600,2026-02-01,0,0,0
C00600,2026-03-01,9,1,1
C00600,2026-04-01,1,1,0
C00600,2026-05-01,2,1,0
C00600,2026-06-01,2,0,0
C00601,2025-06-01,6,0,1
C00601,2025-07-01,3,0,1
C00601,2025-08-01,4,0,1
C00601,2025-09-01,1,1,0
C00601,2025-10-01,8,0,1
C00601,2025-11-01,0,1,0
C00601,2025-12-01,3,0,0
C00601,2026-01-01,0,0,0
C00601,2026-02-01,8,0,1
C00601,2026-03-01,8,0,1
C00601,2026-04-01,7,1,1
C00601,2026-05-01,0,1,0
C00601,2026-06-01,3,2,1
C00602,2025-08-01,1,1,0
C00602,2025-09-01,5,0,1
C00602,2025-10-01,5,0,1
C00602,2025-11-01,2,1,0
C00602,2025-12-01,1,0,0
C00602,2026-01-01,11,1,1
C00602,2026-02-01,2,0,1
C00602,2026-03-01,2,0,0
C00602,2026-04-01,7,0,1
C00602,2026-05-01,4,2,1
C00602,2026-06-01,4,0,1
C00603,2025-08-01,4,1,1
C00603,2025-09-01,6,0,1
C00603,2025-10-01,10,0,1
C00603,2025-11-01,2,1,0
C00603,2025-12-01,1,0,0
C00603,2026-01-01,13,0,1
C00603,2026-02-01,0,0,0
C00603,2026-03-01,1,0,0
C00603,2026-04-01,3,1,0
C00603,2026-05-01,2,0,0
C00603,2026-06-01,1,2,0
C00604,2025-09-01,3,1,1
C00604,2025-10-01,11,0,1
C00604,2025-11-01,7,0,1
C00604,2025-12-01,5,0,1
C00604,2026-01-01,10,0,1
C00604,2026-02-01,10,0,1
C00604,2026-03-01,2,0,0
C00604,2026-04-01,0,0,0
C00604,2026-05-01,8,0,1
C00604,2026-06-01,3,0,0
C00605,2025-07-01,7,1,1
C00605,2025-08-01,6,0,1
C00605,2025-09-01,1,0,0
C00605,2025-10-01,7,0,1
C00605,2025-11-01,13,2,1
C00605,2025-12-01,10,0,1
C00605,2026-01-01,0,0,0
C00605,2026-02-01,1,0,0
C00605,2026-03-01,3,1,1
C00605,2026-04-01,5,0,1
C00605,2026-05-01,6,0,1
C00605,2026-06-01,10,0,1
C00606,2025-07-01,0,0,0
C00606,2025-08-01,1,1,0
C00606,2025-09-01,10,0,1
C00606,2025-10-01,10,0,1
C00606,2025-11-01,8,0,1
C00606,2025-12-01,5,0,1
C00606,2026-01-01,6,0,1
C00606,2026-02-01,1,0,0
C00606,2026-03-01,1,0,0
C00606,2026-04-01,0,0,0
C00606,2026-05-01,8,0,1
C00606,2026-06-01,11,0,1
C00607,2026-04-01,10,0,1
C00607,2026-05-01,9,0,1
C00607,2026-06-01,9,1,1
C00608,2025-02-01,5,0,1
C00608,2025-03-01,1,0,0
C00608,2025-04-01,6,1,1
C00608,2025-05-01,2,0,0
C00608,2025-06-01,0,0,0
C00608,2025-07-01,0,0,0
C00608,2025-08-01,0,1,0
C00608,2025-09-01,9,2,1
C00608,2025-10-01,1,0,0
C00608,2025-11-01,2,1,0
C00608,2025-12-01,11,0,1
C00608,2026-01-01,5,1,1
C00608,2026-02-01,1,0,1
C00608,2026-03-01,0,1,0
C00608,2026-04-01,0,0,0
C00608,2026-05-01,2,0,0
C00608,2026-06-01,1,0,0
C00609,2025-11-01,10,0,1
C00609,2025-12-01,2,1,0
C00609,2026-01-01,0,0,0
C00609,2026-02-01,13,1,1
C00609,2026-03-01,6,0,1
C00609,2026-04-01,0,2,0
C00609,2026-05-01,1,0,0
C00609,2026-06-01,1,0,0
C00610,2025-04-01,8,3,1
C00610,2025-05-01,3,0,1
C00610,2025-06-01,5,0,1
C00610,2025-07-01,7,0,1
C00610,2025-08-01,2,1,0
C00610,2025-09-01,2,0,0
C00610,2025-10-01,2,0,0
C00610,2025-11-01,10,0,1
C00610,2025-12-01,0,0,0
C00610,2026-01-01,9,0,1
C00610,2026-02-01,2,0,0
C00610,2026-03-01,2,0,0
C00610,2026-04-01,0,0,0
C00610,2026-05-01,1,0,0
C00610,2026-06-01,6,0,1
C00611,2025-12-01,3,0,1
C00611,2026-01-01,4,0,1
C00611,2026-02-01,12,1,1
C00611,2026-03-01,4,0,1
C00611,2026-04-01,1,1,0
C00611,2026-05-01,6,0,1
C00611,2026-06-01,2,1,0
C00612,2025-03-01,7,0,1
C00612,2025-04-01,7,1,1
C00612,2025-05-01,6,1,1
C00612,2025-06-01,9,0,1
C00612,2025-07-01,1,1,1
C00612,2025-08-01,2,0,1
C00612,2025-09-01,0,0,0
C00612,2025-10-01,9,2,1
C00612,2025-11-01,3,0,1
C00612,2025-12-01,0,1,0
C00612,2026-01-01,6,1,1
C00612,2026-02-01,5,1,1
C00612,2026-03-01,6,0,1
C00612,2026-04-01,9,0,1
C00612,2026-05-01,10,0,1
C00612,2026-06-01,11,0,1
C00613,2026-03-01,1,0,0
C00613,2026-04-01,13,0,1
C00613,2026-05-01,3,0,0
C00613,2026-06-01,7,0,1
C00614,2025-08-01,10,0,1
C00614,2025-09-01,9,1,1
C00614,2025-10-01,4,0,1
C00614,2025-11-01,5,0,1
C00614,2025-12-01,8,0,1
C00614,2026-01-01,7,0,1
C00614,2026-02-01,9,1,1
C00614,2026-03-01,0,0,0
C00614,2026-04-01,1,1,0
C00614,2026-05-01,2,1,1
C00614,2026-06-01,4,1,0
C00615,2025-09-01,6,1,1
C00615,2025-10-01,6,0,1
C00615,2025-11-01,9,0,1
C00615,2025-12-01,1,0,0
C00615,2026-01-01,1,1,0
C00615,2026-02-01,8,0,1
C00615,2026-03-01,1,0,0
C00615,2026-04-01,9,0,1
C00615,2026-05-01,2,0,0
C00615,2026-06-01,2,0,0
C00616,2026-01-01,0,1,0
C00616,2026-02-01,14,1,1
C00616,2026-03-01,5,1,1
C00616,2026-04-01,11,1,1
C00616,2026-05-01,6,0,1
C00616,2026-06-01,7,0,1
C00617,2025-11-01,8,0,1
C00617,2025-12-01,6,0,1
C00617,2026-01-01,3,0,0
C00617,2026-02-01,1,0,0
C00617,2026-03-01,1,1,0
C00617,2026-04-01,4,0,1
C00617,2026-05-01,6,0,1
C00617,2026-06-01,2,1,1
C00618,2026-04-01,7,0,1
C00618,2026-05-01,9,0,1
C00618,2026-06-01,1,0,0
C00619,2025-11-01,4,0,1
C00619,2025-12-01,6,0,1
C00619,2026-01-01,6,1,1
C00619,2026-02-01,8,0,1
C00619,2026-03-01,1,0,0
C00619,2026-04-01,4,0,1
C00619,2026-05-01,9,0,1
C00619,2026-06-01,1,0,0
C00620,2025-10-01,9,0,1
C00620,2025-11-01,1,2,0
C00620,2025-12-01,0,2,0
C00620,2026-01-01,6,0,1
C00620,2026-02-01,0,0,0
C00620,2026-03-01,11,0,1
C00620,2026-04-01,0,1,0
C00620,2026-05-01,1,0,0
C00620,2026-06-01,1,0,0
C00621,2025-12-01,9,0,1
C00621,2026-01-01,3,2,0
C00621,2026-02-01,1,0,0
C00621,2026-03-01,12,2,1
C00621,2026-04-01,10,0,1
C00621,2026-05-01,0,0,0
C00621,2026-06-01,6,0,1
C00622,2025-08-01,4,1,1
C00622,2025-09-01,8,0,1
C00622,2025-10-01,9,0,1
C00622,2025-11-01,6,0,1
C00622,2025-12-01,5,0,1
C00622,2026-01-01,5,0,1
C00622,2026-02-01,0,1,0
C00622,2026-03-01,4,1,1
C00622,2026-04-01,8,2,1
C00622,2026-05-01,11,1,1
C00622,2026-06-01,5,0,1
C00623,2025-12-01,1,0,0
C00623,2026-01-01,1,0,0
C00623,2026-02-01,0,1,0
C00623,2026-03-01,1,0,1
C00623,2026-04-01,7,0,1
C00623,2026-05-01,6,0,1
C00623,2026-06-01,8,0,1
C00624,2025-06-01,4,0,1
C00624,2025-07-01,0,0,0
C00624,2025-08-01,9,0,1
C00624,2025-09-01,0,0,0
C00624,2025-10-01,2,2,0
C00624,2025-11-01,10,1,1
C00624,2025-12-01,4,1,1
C00624,2026-01-01,3,0,1
C00624,2026-02-01,9,1,1
C00624,2026-03-01,1,1,0
C00624,2026-04-01,8,0,1
C00624,2026-05-01,6,0,1
C00624,2026-06-01,1,0,0
C00625,2025-11-01,7,0,1
C00625,2025-12-01,7,0,1
C00625,2026-01-01,2,0,1
C00625,2026-02-01,0,0,0
C00625,2026-03-01,6,1,1
C00625,2026-04-01,1,1,0
C00625,2026-05-01,6,0,1
C00625,2026-06-01,1,0,0
C00626,2025-03-01,11,1,1
C00626,2025-04-01,1,0,0
C00626,2025-05-01,1,0,0
C00626,2025-06-01,8,2,1
C00626,2025-07-01,7,0,1
C00626,2025-08-01,2,0,1
C00626,2025-09-01,1,1,0
C00626,2025-10-01,2,0,0
C00626,2025-11-01,10,0,1
C00626,2025-12-01,11,0,1
C00626,2026-01-01,0,0,0
C00626,2026-02-01,8,2,1
C00626,2026-03-01,1,0,0
C00626,2026-04-01,5,2,1
C00626,2026-05-01,2,0,0
C00626,2026-06-01,9,0,1
C00627,2025-12-01,1,0,0
C00627,2026-01-01,0,0,0
C00627,2026-02-01,1,0,0
C00627,2026-03-01,0,1,0
C00627,2026-04-01,9,0,1
C00627,2026-05-01,0,0,0
C00627,2026-06-01,5,1,1
C00628,2026-02-01,5,0,1
C00628,2026-03-01,3,0,0
C00628,2026-04-01,8,1,1
C00628,2026-05-01,0,0,0
C00628,2026-06-01,7,0,1
C00629,2025-02-01,5,0,1
C00629,2025-03-01,9,0,1
C00629,2025-04-01,0,0,1
C00629,2025-05-01,8,0,1
C00629,2025-06-01,0,1,0
C00629,2025-07-01,4,1,1
C00629,2025-08-01,0,0,0
C00629,2025-09-01,3,0,1
C00629,2025-10-01,3,0,1
C00629,2025-11-01,1,0,0
C00629,2025-12-01,8,0,1
C00629,2026-01-01,0,1,0
C00629,2026-02-01,4,0,1
C00629,2026-03-01,0,0,0
C00629,2026-04-01,7,0,1
C00629,2026-05-01,4,0,1
C00629,2026-06-01,1,0,0
C00630,2025-03-01,6,0,1
C00630,2025-04-01,9,0,1
C00630,2025-05-01,9,0,1
C00630,2025-06-01,9,0,1
C00630,2025-07-01,11,0,1
C00630,2025-08-01,2,1,0
C00630,2025-09-01,7,0,1
C00630,2025-10-01,6,0,1
C00630,2025-11-01,1,0,0
C00630,2025-12-01,1,0,0
C00630,2026-01-01,4,0,0
C00630,2026-02-01,0,0,0
C00630,2026-03-01,12,0,1
C00630,2026-04-01,6,0,1
C00630,2026-05-01,1,0,0
C00630,2026-06-01,2,0,0
C00631,2025-05-01,2,0,1
C00631,2025-06-01,5,0,1
C00631,2025-07-01,1,0,0
C00631,2025-08-01,11,0,1
C00631,2025-09-01,7,1,1
C00631,2025-10-01,1,1,0
C00631,2025-11-01,7,1,1
C00631,2025-12-01,6,2,1
C00631,2026-01-01,12,1,1
C00631,2026-02-01,0,1,0
C00631,2026-03-01,1,0,0
C00631,2026-04-01,1,1,0
C00631,2026-05-01,1,0,0
C00631,2026-06-01,5,0,1
C00632,2025-02-01,7,1,1
C00632,2025-03-01,15,0,1
C00632,2025-04-01,12,0,1
C00632,2025-05-01,1,0,0
C00632,2025-06-01,1,0,0
C00632,2025-07-01,8,1,1
C00632,2025-08-01,4,0,1
C00632,2025-09-01,1,2,0
C00632,2025-10-01,8,0,1
C00632,2025-11-01,2,0,0
C00632,2025-12-01,7,0,1
C00632,2026-01-01,5,1,1
C00632,2026-02-01,2,0,0
C00632,2026-03-01,10,0,1
C00632,2026-04-01,10,1,1
C00632,2026-05-01,2,1,0
C00632,2026-06-01,0,0,0
C00633,2026-03-01,3,0,0
C00633,2026-04-01,0,0,0
C00633,2026-05-01,7,0,1
C00633,2026-06-01,3,0,1
C00634,2026-03-01,7,2,1
C00634,2026-04-01,7,0,1
C00634,2026-05-01,0,0,0
C00634,2026-06-01,0,0,0
C00635,2025-07-01,2,1,0
C00635,2025-08-01,8,1,1
C00635,2025-09-01,5,1,1
C00635,2025-10-01,4,0,1
C00635,2025-11-01,5,1,1
C00635,2025-12-01,6,0,1
C00635,2026-01-01,9,0,1
C00635,2026-02-01,7,0,1
C00635,2026-03-01,7,0,1
C00635,2026-04-01,12,1,1
C00635,2026-05-01,0,1,0
C00635,2026-06-01,14,0,1
C00636,2025-02-01,1,1,0
C00636,2025-03-01,8,0,1
C00636,2025-04-01,8,0,1
C00636,2025-05-01,9,0,1
C00636,2025-06-01,7,0,1
C00636,2025-07-01,5,1,1
C00636,2025-08-01,4,0,1
C00636,2025-09-01,6,0,1
C00636,2025-10-01,7,1,1
C00636,2025-11-01,2,0,0
C00636,2025-12-01,1,0,0
C00636,2026-01-01,3,0,0
C00636,2026-02-01,0,1,0
C00636,2026-03-01,8,0,1
C00636,2026-04-01,5,0,1
C00636,2026-05-01,8,2,1
C00636,2026-06-01,8,2,1
C00637,2026-01-01,6,1,1
C00637,2026-02-01,6,0,1
C00637,2026-03-01,2,0,0
C00637,2026-04-01,1,1,0
C00637,2026-05-01,5,0,1
C00637,2026-06-01,1,0,0
C00638,2025-11-01,2,1,0
C00638,2025-12-01,11,0,1
C00638,2026-01-01,4,0,1
C00638,2026-02-01,1,0,0
C00638,2026-03-01,3,0,0
C00638,2026-04-01,1,2,0
C00638,2026-05-01,1,0,0
C00638,2026-06-01,0,0,0
C00639,2025-10-01,5,0,1
C00639,2025-11-01,9,0,1
C00639,2025-12-01,7,1,1
C00639,2026-01-01,1,0,0
C00639,2026-02-01,1,1,0
C00639,2026-03-01,5,0,1
C00639,2026-04-01,0,0,0
C00639,2026-05-01,6,0,1
C00639,2026-06-01,12,1,1
C00640,2025-04-01,13,0,1
C00640,2025-05-01,9,1,1
C00640,2025-06-01,7,0,1
C00640,2025-07-01,7,0,1
C00640,2025-08-01,6,0,1
C00640,2025-09-01,7,1,1
C00640,2025-10-01,1,0,0
C00640,2025-11-01,9,0,1
C00640,2025-12-01,6,0,1
C00640,2026-01-01,9,1,1
C00640,2026-02-01,3,0,1
C00640,2026-03-01,2,0,0
C00640,2026-04-01,1,0,0
C00640,2026-05-01,8,0,1
C00640,2026-06-01,2,0,0
C00641,2025-05-01,6,0,1
C00641,2025-06-01,5,0,1
C00641,2025-07-01,3,0,1
C00641,2025-08-01,1,1,0
C00641,2025-09-01,5,1,1
C00641,2025-10-01,4,0,1
C00641,2025-11-01,2,1,1
C00641,2025-12-01,9,1,1
C00641,2026-01-01,1,2,0
C00641,2026-02-01,9,1,1
C00641,2026-03-01,3,0,1
C00641,2026-04-01,1,2,0
C00641,2026-05-01,3,0,0
C00641,2026-06-01,6,0,1
C00642,2026-02-01,8,0,1
C00642,2026-03-01,3,1,0
C00642,2026-04-01,7,0,1
C00642,2026-05-01,4,0,1
C00642,2026-06-01,8,0,1
C00643,2025-08-01,6,0,1
C00643,2025-09-01,10,0,1
C00643,2025-10-01,0,0,0
C00643,2025-11-01,5,0,1
C00643,2025-12-01,3,0,1
C00643,2026-01-01,0,0,0
C00643,2026-02-01,8,1,1
C00643,2026-03-01,7,0,1
C00643,2026-04-01,0,0,0
C00643,2026-05-01,9,0,1
C00643,2026-06-01,1,0,0
C00644,2025-10-01,2,0,1
C00644,2025-11-01,2,0,0
C00644,2025-12-01,7,1,1
C00644,2026-01-01,3,1,1
C00644,2026-02-01,10,0,1
C00644,2026-03-01,12,0,1
C00644,2026-04-01,10,0,1
C00644,2026-05-01,2,0,0
C00644,2026-06-01,7,1,1
C00645,2025-10-01,8,0,1
C00645,2025-11-01,1,0,0
C00645,2025-12-01,9,0,1
C00645,2026-01-01,3,0,0
C00645,2026-02-01,0,1,0
C00645,2026-03-01,1,0,0
C00645,2026-04-01,6,0,1
C00645,2026-05-01,5,1,1
C00645,2026-06-01,2,0,0
C00646,2025-04-01,11,1,1
C00646,2025-05-01,0,0,0
C00646,2025-06-01,3,0,1
C00646,2025-07-01,5,0,1
C00646,2025-08-01,6,0,1
C00646,2025-09-01,5,0,1
C00646,2025-10-01,9,0,1
C00646,2025-11-01,10,1,1
C00646,2025-12-01,1,0,0
C00646,2026-01-01,1,0,0
C00646,2026-02-01,7,0,1
C00646,2026-03-01,7,0,1
C00646,2026-04-01,3,0,0
C00646,2026-05-01,5,0,1
C00646,2026-06-01,0,0,0
C00647,2026-02-01,6,0,1
C00647,2026-03-01,6,1,1
C00647,2026-04-01,1,0,0
C00647,2026-05-01,6,0,1
C00647,2026-06-01,2,1,0
C00648,2026-05-01,2,0,0
C00648,2026-06-01,4,0,1
C00649,2025-05-01,10,2,1
C00649,2025-06-01,0,0,0
C00649,2025-07-01,7,0,1
C00649,2025-08-01,1,1,0
C00649,2025-09-01,8,0,1
C00649,2025-10-01,2,0,0
C00649,2025-11-01,6,1,1
C00649,2025-12-01,9,0,1
C00649,2026-01-01,6,0,1
C00649,2026-02-01,0,0,0
C00649,2026-03-01,2,0,0
C00649,2026-04-01,3,0,1
C00649,2026-05-01,1,0,0
C00649,2026-06-01,1,0,0
C00650,2025-07-01,8,0,1
C00650,2025-08-01,8,0,1
C00650,2025-09-01,2,1,0
C00650,2025-10-01,8,0,1
C00650,2025-11-01,1,0,0
C00650,2025-12-01,4,0,1
C00650,2026-01-01,6,0,1
C00650,2026-02-01,0,0,0
C00650,2026-03-01,2,0,0
C00650,2026-04-01,8,0,1
C00650,2026-05-01,0,0,0
C00650,2026-06-01,4,0,1
C00651,2025-04-01,8,0,1
C00651,2025-05-01,4,0,1
C00651,2025-06-01,4,0,1
C00651,2025-07-01,5,0,1
C00651,2025-08-01,4,0,1
C00651,2025-09-01,1,0,0
C00651,2025-10-01,4,1,1
C00651,2025-11-01,0,1,0
C00651,2025-12-01,1,0,0
C00651,2026-01-01,13,0,1
C00651,2026-02-01,4,3,1
C00651,2026-03-01,9,0,1
C00651,2026-04-01,0,1,0
C00651,2026-05-01,1,0,0
C00651,2026-06-01,3,1,0
C00652,2025-04-01,3,0,1
C00652,2025-05-01,1,0,0
C00652,2025-06-01,6,0,1
C00652,2025-07-01,8,0,1
C00652,2025-08-01,2,0,0
C00652,2025-09-01,1,0,0
C00652,2025-10-01,7,0,1
C00652,2025-11-01,0,0,0
C00652,2025-12-01,9,0,1
C00652,2026-01-01,6,0,1
C00652,2026-02-01,6,0,1
C00652,2026-03-01,1,0,0
C00652,2026-04-01,2,0,0
C00652,2026-05-01,7,0,1
C00652,2026-06-01,4,0,1
C00653,2026-05-01,1,0,0
C00653,2026-06-01,8,0,1
C00654,2026-05-01,6,1,1
C00654,2026-06-01,6,0,1
C00655,2026-05-01,1,0,0
C00655,2026-06-01,0,0,0
C00656,2025-10-01,7,0,1
C00656,2025-11-01,1,1,0
C00656,2025-12-01,10,0,1
C00656,2026-01-01,1,1,0
C00656,2026-02-01,0,2,0
C00656,2026-03-01,4,0,1
C00656,2026-04-01,0,0,0
C00656,2026-05-01,0,0,0
C00656,2026-06-01,6,0,1
C00657,2025-06-01,8,0,1
C00657,2025-07-01,0,0,0
C00657,2025-08-01,8,0,1
C00657,2025-09-01,5,1,1
C00657,2025-10-01,7,0,1
C00657,2025-11-01,9,0,1
C00657,2025-12-01,1,1,0
C00657,2026-01-01,11,0,1
C00657,2026-02-01,0,1,0
C00657,2026-03-01,0,0,0
C00657,2026-04-01,10,1,1
C00657,2026-05-01,1,0,0
C00657,2026-06-01,7,0,1
C00658,2026-05-01,4,0,1
C00658,2026-06-01,13,0,1
C00659,2026-02-01,8,0,1
C00659,2026-03-01,1,1,0
C00659,2026-04-01,8,0,1
C00659,2026-05-01,7,1,1
C00659,2026-06-01,2,0,0
C00660,2025-11-01,4,0,1
C00660,2025-12-01,7,0,1
C00660,2026-01-01,0,0,0
C00660,2026-02-01,2,0,0
C00660,2026-03-01,2,0,0
C00660,2026-04-01,3,0,1
C00660,2026-05-01,6,0,1
C00660,2026-06-01,4,1,1
C00661,2026-05-01,7,0,1
C00661,2026-06-01,8,1,1
C00662,2025-04-01,5,0,1
C00662,2025-05-01,0,0,0
C00662,2025-06-01,7,0,1
C00662,2025-07-01,8,0,1
C00662,2025-08-01,4,1,1
C00662,2025-09-01,7,1,1
C00662,2025-10-01,7,0,1
C00662,2025-11-01,1,0,0
C00662,2025-12-01,6,0,1
C00662,2026-01-01,0,1,0
C00662,2026-02-01,1,0,0
C00662,2026-03-01,2,1,0
C00662,2026-04-01,1,0,0
C00662,2026-05-01,4,0,1
C00662,2026-06-01,0,1,0
C00663,2025-08-01,12,0,1
C00663,2025-09-01,1,0,0
C00663,2025-10-01,8,1,1
C00663,2025-11-01,3,0,0
C00663,2025-12-01,12,1,1
C00663,2026-01-01,0,1,0
C00663,2026-02-01,3,0,1
C00663,2026-03-01,0,0,0
C00663,2026-04-01,5,0,1
C00663,2026-05-01,1,0,0
C00663,2026-06-01,1,1,0
C00664,2025-02-01,7,0,1
C00664,2025-03-01,4,0,1
C00664,2025-04-01,8,0,1
C00664,2025-05-01,6,1,1
C00664,2025-06-01,8,1,1
C00664,2025-07-01,1,0,0
C00664,2025-08-01,3,0,1
C00664,2025-09-01,9,1,1
C00664,2025-10-01,6,1,1
C00664,2025-11-01,1,0,0
C00664,2025-12-01,6,0,1
C00664,2026-01-01,1,0,0
C00664,2026-02-01,3,0,0
C00664,2026-03-01,0,0,0
C00664,2026-04-01,0,0,0
C00664,2026-05-01,2,1,0
C00664,2026-06-01,7,0,1
C00665,2025-06-01,8,0,1
C00665,2025-07-01,8,1,1
C00665,2025-08-01,1,0,0
C00665,2025-09-01,5,0,1
C00665,2025-10-01,8,0,1
C00665,2025-11-01,10,0,1
C00665,2025-12-01,1,0,0
C00665,2026-01-01,3,1,0
C00665,2026-02-01,1,0,0
C00665,2026-03-01,4,1,1
C00665,2026-04-01,0,0,0
C00665,2026-05-01,5,1,1
C00665,2026-06-01,0,0,0
C00666,2026-03-01,8,0,1
C00666,2026-04-01,7,1,1
C00666,2026-05-01,6,1,1
C00666,2026-06-01,7,1,1
C00667,2025-10-01,11,0,1
C00667,2025-11-01,5,0,1
C00667,2025-12-01,3,1,0
C00667,2026-01-01,4,0,1
C00667,2026-02-01,5,0,1
C00667,2026-03-01,2,0,0
C00667,2026-04-01,7,0,1
C00667,2026-05-01,1,0,0
C00667,2026-06-01,8,1,1
C00668,2025-08-01,6,0,1
C00668,2025-09-01,4,0,1
C00668,2025-10-01,4,0,1
C00668,2025-11-01,7,1,1
C00668,2025-12-01,8,0,1
C00668,2026-01-01,10,1,1
C00668,2026-02-01,6,0,1
C00668,2026-03-01,4,0,1
C00668,2026-04-01,7,1,1
C00668,2026-05-01,2,1,0
C00668,2026-06-01,2,2,0
C00669,2025-12-01,5,0,1
C00669,2026-01-01,4,1,1
C00669,2026-02-01,7,0,1
C00669,2026-03-01,3,0,0
C00669,2026-04-01,3,0,0
C00669,2026-05-01,6,1,1
C00669,2026-06-01,4,0,0
C00670,2025-02-01,1,0,0
C00670,2025-03-01,2,0,0
C00670,2025-04-01,1,1,0
C00670,2025-05-01,6,0,1
C00670,2025-06-01,8,0,1
C00670,2025-07-01,1,0,0
C00670,2025-08-01,5,0,1
C00670,2025-09-01,0,0,0
C00670,2025-10-01,7,0,1
C00670,2025-11-01,3,0,1
C00670,2025-12-01,1,0,0
C00670,2026-01-01,0,0,0
C00670,2026-02-01,2,1,0
C00670,2026-03-01,1,0,0
C00670,2026-04-01,0,0,0
C00670,2026-05-01,2,1,0
C00670,2026-06-01,1,0,0
C00671,2025-10-01,9,1,1
C00671,2025-11-01,5,0,1
C00671,2025-12-01,0,0,0
C00671,2026-01-01,6,0,1
C00671,2026-02-01,0,1,0
C00671,2026-03-01,0,1,0
C00671,2026-04-01,5,0,1
C00671,2026-05-01,6,0,1
C00671,2026-06-01,6,1,1
C00672,2026-05-01,0,0,0
C00672,2026-06-01,10,0,1
C00673,2026-02-01,0,0,0
C00673,2026-03-01,11,1,1
C00673,2026-04-01,1,0,0
C00673,2026-05-01,9,0,1
C00673,2026-06-01,3,0,1
C00674,2025-02-01,9,1,1
C00674,2025-03-01,1,0,0
C00674,2025-04-01,11,2,1
C00674,2025-05-01,2,2,0
C00674,2025-06-01,6,0,1
C00674,2025-07-01,8,0,1
C00674,2025-08-01,1,1,0
C00674,2025-09-01,4,0,1
C00674,2025-10-01,0,0,0
C00674,2025-11-01,9,0,1
C00674,2025-12-01,1,0,0
C00674,2026-01-01,0,1,0
C00674,2026-02-01,9,0,1
C00674,2026-03-01,0,0,0
C00674,2026-04-01,1,2,0
C00674,2026-05-01,11,0,1
C00674,2026-06-01,0,0,0
C00675,2026-05-01,9,1,1
C00675,2026-06-01,8,0,1
C00676,2025-12-01,8,0,1
C00676,2026-01-01,6,0,1
C00676,2026-02-01,13,1,1
C00676,2026-03-01,5,0,1
C00676,2026-04-01,6,0,1
C00676,2026-05-01,5,0,1
C00676,2026-06-01,7,1,1
C00677,2025-12-01,8,1,1
C00677,2026-01-01,11,0,1
C00677,2026-02-01,7,0,1
C00677,2026-03-01,4,1,1
C00677,2026-04-01,0,0,0
C00677,2026-05-01,4,1,1
C00677,2026-06-01,7,1,1
C00678,2025-12-01,4,0,1
C00678,2026-01-01,11,0,1
C00678,2026-02-01,7,0,1
C00678,2026-03-01,7,1,1
C00678,2026-04-01,4,1,1
C00678,2026-05-01,11,0,1
C00678,2026-06-01,8,0,1
C00679,2025-07-01,6,0,1
C00679,2025-08-01,9,1,1
C00679,2025-09-01,2,0,0
C00679,2025-10-01,7,1,1
C00679,2025-11-01,2,1,0
C00679,2025-12-01,9,0,1
C00679,2026-01-01,0,0,0
C00679,2026-02-01,6,1,1
C00679,2026-03-01,5,1,1
C00679,2026-04-01,6,0,1
C00679,2026-05-01,2,2,0
C00679,2026-06-01,2,1,0
C00680,2025-07-01,2,0,1
C00680,2025-08-01,3,0,1
C00680,2025-09-01,6,1,1
C00680,2025-10-01,7,0,1
C00680,2025-11-01,12,1,1
C00680,2025-12-01,7,1,1
C00680,2026-01-01,4,0,1
C00680,2026-02-01,11,0,1
C00680,2026-03-01,1,2,0
C00680,2026-04-01,1,1,0
C00680,2026-05-01,4,0,1
C00680,2026-06-01,11,1,1
C00681,2026-01-01,6,0,1
C00681,2026-02-01,2,0,0
C00681,2026-03-01,2,0,0
C00681,2026-04-01,10,0,1
C00681,2026-05-01,10,1,1
C00681,2026-06-01,7,0,1
C00682,2025-07-01,1,1,0
C00682,2025-08-01,10,0,1
C00682,2025-09-01,2,2,1
C00682,2025-10-01,5,0,1
C00682,2025-11-01,0,0,0
C00682,2025-12-01,6,0,1
C00682,2026-01-01,2,0,0
C00682,2026-02-01,2,1,0
C00682,2026-03-01,10,0,1
C00682,2026-04-01,0,0,0
C00682,2026-05-01,3,0,1
C00682,2026-06-01,3,0,0
C00683,2025-06-01,8,0,1
C00683,2025-07-01,0,1,0
C00683,2025-08-01,6,0,1
C00683,2025-09-01,3,0,0
C00683,2025-10-01,0,1,0
C00683,2025-11-01,7,3,1
C00683,2025-12-01,8,2,1
C00683,2026-01-01,7,2,1
C00683,2026-02-01,4,0,1
C00683,2026-03-01,1,0,0
C00683,2026-04-01,7,0,1
C00683,2026-05-01,9,0,1
C00683,2026-06-01,0,0,0
C00684,2026-01-01,5,1,1
C00684,2026-02-01,8,0,1
C00684,2026-03-01,0,0,0
C00684,2026-04-01,10,0,1
C00684,2026-05-01,0,0,0
C00684,2026-06-01,8,0,1
C00685,2025-10-01,5,0,1
C00685,2025-11-01,6,1,1
C00685,2025-12-01,4,1,0
C00685,2026-01-01,5,0,1
C00685,2026-02-01,2,0,1
C00685,2026-03-01,3,0,0
C00685,2026-04-01,0,0,0
C00685,2026-05-01,4,0,1
C00685,2026-06-01,1,0,0
C00686,2025-06-01,7,1,1
C00686,2025-07-01,0,0,0
C00686,2025-08-01,0,0,0
C00686,2025-09-01,4,1,1
C00686,2025-10-01,7,1,1
C00686,2025-11-01,6,0,1
C00686,2025-12-01,0,1,0
C00686,2026-01-01,2,0,0
C00686,2026-02-01,5,0,1
C00686,2026-03-01,6,0,1
C00686,2026-04-01,2,0,0
C00686,2026-05-01,7,0,1
C00686,2026-06-01,1,0,0
C00687,2025-10-01,5,0,1
C00687,2025-11-01,6,0,1
C00687,2025-12-01,5,0,1
C00687,2026-01-01,5,0,1
C00687,2026-02-01,7,2,1
C00687,2026-03-01,8,0,1
C00687,2026-04-01,9,0,1
C00687,2026-05-01,2,0,0
C00687,2026-06-01,6,1,1
C00688,2025-03-01,7,0,1
C00688,2025-04-01,1,0,0
C00688,2025-05-01,4,0,1
C00688,2025-06-01,0,1,0
C00688,2025-07-01,0,1,0
C00688,2025-08-01,8,0,1
C00688,2025-09-01,4,0,1
C00688,2025-10-01,4,0,1
C00688,2025-11-01,1,0,0
C00688,2025-12-01,0,0,0
C00688,2026-01-01,2,0,0
C00688,2026-02-01,0,0,0
C00688,2026-03-01,7,0,1
C00688,2026-04-01,3,1,1
C00688,2026-05-01,0,0,0
C00688,2026-06-01,7,0,1
C00689,2026-03-01,2,1,0
C00689,2026-04-01,9,0,1
C00689,2026-05-01,5,0,1
C00689,2026-06-01,1,0,0
C00690,2026-03-01,1,1,0
C00690,2026-04-01,5,1,1
C00690,2026-05-01,5,0,1
C00690,2026-06-01,0,2,0
C00691,2026-01-01,6,0,1
C00691,2026-02-01,5,0,1
C00691,2026-03-01,4,0,1
C00691,2026-04-01,4,0,1
C00691,2026-05-01,11,0,1
C00691,2026-06-01,11,1,1
C00692,2025-10-01,10,0,1
C00692,2025-11-01,5,3,1
C00692,2025-12-01,2,0,0
C00692,2026-01-01,11,0,1
C00692,2026-02-01,7,1,1
C00692,2026-03-01,8,0,1
C00692,2026-04-01,3,0,0
C00692,2026-05-01,0,0,1
C00692,2026-06-01,4,0,1
C00693,2025-06-01,12,2,1
C00693,2025-07-01,8,0,1
C00693,2025-08-01,1,0,0
C00693,2025-09-01,8,0,1
C00693,2025-10-01,7,1,1
C00693,2025-11-01,1,0,0
C00693,2025-12-01,6,0,1
C00693,2026-01-01,0,0,0
C00693,2026-02-01,14,0,1
C00693,2026-03-01,2,0,0
C00693,2026-04-01,3,0,1
C00693,2026-05-01,7,1,1
C00693,2026-06-01,8,1,1
C00694,2025-09-01,0,0,0
C00694,2025-10-01,6,1,1
C00694,2025-11-01,9,1,1
C00694,2025-12-01,7,4,1
C00694,2026-01-01,2,1,0
C00694,2026-02-01,0,0,0
C00694,2026-03-01,1,0,0
C00694,2026-04-01,8,0,1
C00694,2026-05-01,12,0,1
C00694,2026-06-01,0,1,0
C00695,2025-09-01,6,0,1
C00695,2025-10-01,5,0,1
C00695,2025-11-01,11,0,1
C00695,2025-12-01,5,0,1
C00695,2026-01-01,6,0,1
C00695,2026-02-01,2,0,0
C00695,2026-03-01,1,0,0
C00695,2026-04-01,0,1,0
C00695,2026-05-01,10,0,1
C00695,2026-06-01,8,0,1
C00696,2026-01-01,10,0,1
C00696,2026-02-01,6,1,1
C00696,2026-03-01,9,0,1
C00696,2026-04-01,5,0,1
C00696,2026-05-01,2,0,1
C00696,2026-06-01,10,0,1
C00697,2025-08-01,5,2,1
C00697,2025-09-01,1,1,0
C00697,2025-10-01,6,1,1
C00697,2025-11-01,0,0,0
C00697,2025-12-01,3,0,1
C00697,2026-01-01,1,0,0
C00697,2026-02-01,12,2,1
C00697,2026-03-01,8,0,1
C00697,2026-04-01,5,0,1
C00697,2026-05-01,4,0,1
C00697,2026-06-01,0,0,0
C00698,2025-04-01,5,1,1
C00698,2025-05-01,0,3,0
C00698,2025-06-01,2,2,0
C00698,2025-07-01,2,0,0
C00698,2025-08-01,6,0,1
C00698,2025-09-01,6,0,1
C00698,2025-10-01,0,1,0
C00698,2025-11-01,0,0,0
C00698,2025-12-01,5,0,1
C00698,2026-01-01,10,0,1
C00698,2026-02-01,9,0,1
C00698,2026-03-01,9,1,1
C00698,2026-04-01,6,1,1
C00698,2026-05-01,1,0,0
C00698,2026-06-01,0,0,0
C00699,2026-02-01,7,0,1
C00699,2026-03-01,7,0,1
C00699,2026-04-01,4,1,1
C00699,2026-05-01,0,0,0
C00699,2026-06-01,5,0,1
C00700,2025-02-01,6,1,1
C00700,2025-03-01,10,0,1
C00700,2025-04-01,8,1,1
C00700,2025-05-01,6,1,1
C00700,2025-06-01,5,0,1
C00700,2025-07-01,0,1,0
C00700,2025-08-01,6,0,1
C00700,2025-09-01,1,1,0
C00700,2025-10-01,4,1,1
C00700,2025-11-01,7,0,1
C00700,2025-12-01,11,0,1
C00700,2026-01-01,6,0,1
C00700,2026-02-01,7,1,1
C00700,2026-03-01,0,2,0
C00700,2026-04-01,4,0,0
C00700,2026-05-01,0,0,0
C00700,2026-06-01,2,0,0
C00701,2025-05-01,0,0,0
C00701,2025-06-01,7,1,1
C00701,2025-07-01,6,0,1
C00701,2025-08-01,5,0,1
C00701,2025-09-01,8,2,1
C00701,2025-10-01,6,0,1
C00701,2025-11-01,10,0,1
C00701,2025-12-01,8,0,1
C00701,2026-01-01,3,0,1
C00701,2026-02-01,1,0,0
C00701,2026-03-01,1,0,0
C00701,2026-04-01,5,0,1
C00701,2026-05-01,7,0,1
C00701,2026-06-01,2,0,0
C00702,2025-02-01,3,0,1
C00702,2025-03-01,0,1,0
C00702,2025-04-01,1,1,0
C00702,2025-05-01,6,0,1
C00702,2025-06-01,10,1,1
C00702,2025-07-01,5,0,1
C00702,2025-08-01,13,0,1
C00702,2025-09-01,9,0,1
C00702,2025-10-01,4,0,1
C00702,2025-11-01,0,0,0
C00702,2025-12-01,2,0,0
C00702,2026-01-01,0,0,0
C00702,2026-02-01,1,0,0
C00702,2026-03-01,4,1,1
C00702,2026-04-01,1,2,0
C00702,2026-05-01,2,2,1
C00702,2026-06-01,5,0,1
C00703,2026-04-01,6,0,1
C00703,2026-05-01,1,0,0
C00703,2026-06-01,1,0,0
C00704,2026-03-01,0,1,0
C00704,2026-04-01,5,1,1
C00704,2026-05-01,7,0,1
C00704,2026-06-01,8,0,1
C00705,2025-06-01,2,0,0
C00705,2025-07-01,7,2,1
C00705,2025-08-01,3,2,1
C00705,2025-09-01,7,1,1
C00705,2025-10-01,5,0,1
C00705,2025-11-01,5,0,1
C00705,2025-12-01,9,1,1
C00705,2026-01-01,11,0,1
C00705,2026-02-01,2,0,1
C00705,2026-03-01,1,0,0
C00705,2026-04-01,1,0,0
C00705,2026-05-01,8,1,1
C00705,2026-06-01,2,0,0
C00706,2025-09-01,2,1,0
C00706,2025-10-01,2,0,0
C00706,2025-11-01,14,0,1
C00706,2025-12-01,7,0,1
C00706,2026-01-01,1,0,0
C00706,2026-02-01,2,1,0
C00706,2026-03-01,11,0,1
C00706,2026-04-01,13,0,1
C00706,2026-05-01,8,0,1
C00706,2026-06-01,0,1,0
C00707,2026-01-01,1,0,0
C00707,2026-02-01,5,1,1
C00707,2026-03-01,6,2,1
C00707,2026-04-01,13,1,1
C00707,2026-05-01,0,2,0
C00707,2026-06-01,8,1,1
C00708,2025-09-01,1,1,0
C00708,2025-10-01,8,1,1
C00708,2025-11-01,5,0,1
C00708,2025-12-01,3,0,0
C00708,2026-01-01,7,0,1
C00708,2026-02-01,4,0,1
C00708,2026-03-01,1,0,0
C00708,2026-04-01,2,0,0
C00708,2026-05-01,2,0,0
C00708,2026-06-01,0,0,0
C00709,2025-09-01,6,0,1
C00709,2025-10-01,0,0,0
C00709,2025-11-01,6,1,1
C00709,2025-12-01,5,0,1
C00709,2026-01-01,0,0,0
C00709,2026-02-01,7,0,1
C00709,2026-03-01,2,0,0
C00709,2026-04-01,3,0,1
C00709,2026-05-01,0,0,0
C00709,2026-06-01,4,0,1
C00710,2025-09-01,9,1,1
C00710,2025-10-01,5,0,1
C00710,2025-11-01,4,0,1
C00710,2025-12-01,6,0,1
C00710,2026-01-01,8,1,1
C00710,2026-02-01,8,0,1
C00710,2026-03-01,10,0,1
C00710,2026-04-01,3,0,0
C00710,2026-05-01,6,0,1
C00710,2026-06-01,0,1,0
C00711,2026-03-01,5,0,1
C00711,2026-04-01,5,1,1
C00711,2026-05-01,5,1,1
C00711,2026-06-01,4,0,1
C00712,2026-05-01,0,1,0
C00712,2026-06-01,0,0,0
C00713,2025-06-01,0,0,0
C00713,2025-07-01,10,1,1
C00713,2025-08-01,7,0,1
C00713,2025-09-01,10,0,1
C00713,2025-10-01,5,0,1
C00713,2025-11-01,7,1,1
C00713,2025-12-01,7,0,1
C00713,2026-01-01,2,0,0
C00713,2026-02-01,3,0,1
C00713,2026-03-01,0,1,0
C00713,2026-04-01,9,0,1
C00713,2026-05-01,2,1,0
C00713,2026-06-01,2,2,0
C00714,2025-06-01,12,0,1
C00714,2025-07-01,6,0,1
C00714,2025-08-01,5,0,1
C00714,2025-09-01,8,1,1
C00714,2025-10-01,0,1,0
C00714,2025-11-01,4,0,1
C00714,2025-12-01,9,0,1
C00714,2026-01-01,11,0,1
C00714,2026-02-01,11,0,1
C00714,2026-03-01,8,0,1
C00714,2026-04-01,7,0,1
C00714,2026-05-01,10,0,1
C00714,2026-06-01,10,1,1
C00715,2025-06-01,2,0,1
C00715,2025-07-01,3,1,0
C00715,2025-08-01,11,0,1
C00715,2025-09-01,6,0,1
C00715,2025-10-01,7,0,1
C00715,2025-11-01,1,0,0
C00715,2025-12-01,1,0,0
C00715,2026-01-01,4,0,1
C00715,2026-02-01,6,0,1
C00715,2026-03-01,7,0,1
C00715,2026-04-01,9,1,1
C00715,2026-05-01,0,0,0
C00715,2026-06-01,1,0,0
C00716,2026-05-01,8,0,1
C00716,2026-06-01,5,1,1
C00717,2025-08-01,1,0,0
C00717,2025-09-01,6,0,1
C00717,2025-10-01,7,1,1
C00717,2025-11-01,0,0,0
C00717,2025-12-01,2,0,0
C00717,2026-01-01,2,0,1
C00717,2026-02-01,0,0,0
C00717,2026-03-01,1,0,0
C00717,2026-04-01,16,0,1
C00717,2026-05-01,0,0,0
C00717,2026-06-01,7,0,1
C00718,2025-10-01,2,0,0
C00718,2025-11-01,1,0,0
C00718,2025-12-01,0,0,0
C00718,2026-01-01,1,1,0
C00718,2026-02-01,6,0,1
C00718,2026-03-01,1,0,0
C00718,2026-04-01,2,0,0
C00718,2026-05-01,1,0,0
C00718,2026-06-01,4,1,1
C00719,2025-04-01,6,2,1
C00719,2025-05-01,0,0,0
C00719,2025-06-01,9,1,1
C00719,2025-07-01,6,0,1
C00719,2025-08-01,9,0,1
C00719,2025-09-01,7,0,1
C00719,2025-10-01,0,0,0
C00719,2025-11-01,1,0,0
C00719,2025-12-01,11,1,1
C00719,2026-01-01,3,1,0
C00719,2026-02-01,8,1,1
C00719,2026-03-01,2,1,0
C00719,2026-04-01,13,2,1
C00719,2026-05-01,8,0,1
C00719,2026-06-01,2,1,0
C00720,2025-05-01,7,1,1
C00720,2025-06-01,2,0,0
C00720,2025-07-01,6,1,1
C00720,2025-08-01,7,0,1
C00720,2025-09-01,3,0,1
C00720,2025-10-01,0,0,0
C00720,2025-11-01,2,1,0
C00720,2025-12-01,8,1,1
C00720,2026-01-01,5,0,1
C00720,2026-02-01,5,3,1
C00720,2026-03-01,5,0,1
C00720,2026-04-01,9,1,1
C00720,2026-05-01,2,0,0
C00720,2026-06-01,8,0,1
C00721,2026-01-01,1,1,0
C00721,2026-02-01,1,1,0
C00721,2026-03-01,9,3,1
C00721,2026-04-01,8,0,1
C00721,2026-05-01,1,0,0
C00721,2026-06-01,5,0,1
C00722,2025-07-01,8,0,1
C00722,2025-08-01,5,0,1
C00722,2025-09-01,9,0,1
C00722,2025-10-01,9,1,1
C00722,2025-11-01,1,0,0
C00722,2025-12-01,1,0,0
C00722,2026-01-01,5,0,1
C00722,2026-02-01,9,0,1
C00722,2026-03-01,0,0,0
C00722,2026-04-01,5,0,1
C00722,2026-05-01,6,1,1
C00722,2026-06-01,5,0,1
C00723,2025-12-01,11,0,1
C00723,2026-01-01,8,0,1
C00723,2026-02-01,2,0,0
C00723,2026-03-01,10,1,1
C00723,2026-04-01,1,1,0
C00723,2026-05-01,2,0,0
C00723,2026-06-01,8,0,1
C00724,2026-01-01,2,1,0
C00724,2026-02-01,6,0,1
C00724,2026-03-01,13,0,1
C00724,2026-04-01,12,0,1
C00724,2026-05-01,9,1,1
C00724,2026-06-01,9,1,1
C00725,2026-03-01,9,1,1
C00725,2026-04-01,5,0,1
C00725,2026-05-01,5,1,1
C00725,2026-06-01,0,0,0
C00726,2025-11-01,7,0,1
C00726,2025-12-01,10,0,1
C00726,2026-01-01,8,0,1
C00726,2026-02-01,8,1,1
C00726,2026-03-01,7,2,1
C00726,2026-04-01,7,0,1
C00726,2026-05-01,10,2,1
C00726,2026-06-01,1,0,0
C00727,2026-02-01,2,0,0
C00727,2026-03-01,4,0,1
C00727,2026-04-01,5,2,1
C00727,2026-05-01,6,0,1
C00727,2026-06-01,8,1,1
C00728,2025-04-01,9,1,1
C00728,2025-05-01,2,0,1
C00728,2025-06-01,3,0,1
C00728,2025-07-01,0,1,0
C00728,2025-08-01,3,1,1
C00728,2025-09-01,7,0,1
C00728,2025-10-01,10,1,1
C00728,2025-11-01,7,0,1
C00728,2025-12-01,1,1,0
C00728,2026-01-01,1,0,0
C00728,2026-02-01,3,0,0
C00728,2026-03-01,6,1,1
C00728,2026-04-01,0,0,0
C00728,2026-05-01,8,0,1
C00728,2026-06-01,9,0,1
C00729,2026-01-01,1,0,0
C00729,2026-02-01,6,0,1
C00729,2026-03-01,9,0,1
C00729,2026-04-01,6,1,1
C00729,2026-05-01,8,0,1
C00729,2026-06-01,1,1,0
C00730,2025-10-01,0,0,0
C00730,2025-11-01,8,1,1
C00730,2025-12-01,7,0,1
C00730,2026-01-01,6,0,1
C00730,2026-02-01,2,0,0
C00730,2026-03-01,9,0,1
C00730,2026-04-01,6,0,1
C00730,2026-05-01,2,0,0
C00730,2026-06-01,3,0,1
C00731,2026-01-01,5,0,1
C00731,2026-02-01,6,0,1
C00731,2026-03-01,1,1,0
C00731,2026-04-01,0,0,0
C00731,2026-05-01,0,0,0
C00731,2026-06-01,2,0,0
C00732,2025-09-01,14,0,1
C00732,2025-10-01,3,1,1
C00732,2025-11-01,9,0,1
C00732,2025-12-01,0,0,0
C00732,2026-01-01,6,0,1
C00732,2026-02-01,8,0,1
C00732,2026-03-01,0,0,0
C00732,2026-04-01,0,1,0
C00732,2026-05-01,0,0,0
C00732,2026-06-01,2,0,0
C00733,2025-02-01,0,0,0
C00733,2025-03-01,10,0,1
C00733,2025-04-01,6,0,1
C00733,2025-05-01,2,0,1
C00733,2025-06-01,5,0,1
C00733,2025-07-01,8,0,1
C00733,2025-08-01,0,1,0
C00733,2025-09-01,4,0,1
C00733,2025-10-01,7,0,1
C00733,2025-11-01,1,1,0
C00733,2025-12-01,3,0,1
C00733,2026-01-01,3,0,1
C00733,2026-02-01,4,0,1
C00733,2026-03-01,6,0,1
C00733,2026-04-01,1,1,0
C00733,2026-05-01,1,0,0
C00733,2026-06-01,8,0,1
C00734,2025-02-01,3,1,1
C00734,2025-03-01,2,1,0
C00734,2025-04-01,9,1,1
C00734,2025-05-01,7,1,1
C00734,2025-06-01,1,0,0
C00734,2025-07-01,3,0,1
C00734,2025-08-01,6,0,1
C00734,2025-09-01,5,1,1
C00734,2025-10-01,8,0,1
C00734,2025-11-01,0,0,0
C00734,2025-12-01,6,1,1
C00734,2026-01-01,9,0,1
C00734,2026-02-01,1,2,0
C00734,2026-03-01,2,0,0
C00734,2026-04-01,6,0,1
C00734,2026-05-01,1,0,0
C00734,2026-06-01,5,2,1
C00735,2025-12-01,5,0,1
C00735,2026-01-01,4,0,1
C00735,2026-02-01,5,0,1
C00735,2026-03-01,9,0,1
C00735,2026-04-01,3,0,1
C00735,2026-05-01,8,0,1
C00735,2026-06-01,7,0,1
C00736,2026-04-01,3,0,0
C00736,2026-05-01,3,1,1
C00736,2026-06-01,1,0,0
C00737,2025-09-01,5,0,1
C00737,2025-10-01,1,1,0
C00737,2025-11-01,0,0,0
C00737,2025-12-01,6,0,1
C00737,2026-01-01,2,1,0
C00737,2026-02-01,1,0,0
C00737,2026-03-01,3,0,1
C00737,2026-04-01,5,1,1
C00737,2026-05-01,1,1,0
C00737,2026-06-01,2,0,0
C00738,2025-07-01,7,0,1
C00738,2025-08-01,3,1,0
C00738,2025-09-01,1,1,0
C00738,2025-10-01,8,0,1
C00738,2025-11-01,5,1,1
C00738,2025-12-01,0,0,0
C00738,2026-01-01,7,0,1
C00738,2026-02-01,6,0,1
C00738,2026-03-01,7,0,1
C00738,2026-04-01,9,0,1
C00738,2026-05-01,2,0,0
C00738,2026-06-01,2,0,0
C00739,2025-11-01,0,1,0
C00739,2025-12-01,9,0,1
C00739,2026-01-01,4,0,1
C00739,2026-02-01,1,0,0
C00739,2026-03-01,1,1,0
C00739,2026-04-01,5,0,1
C00739,2026-05-01,10,1,1
C00739,2026-06-01,0,1,0
C00740,2025-12-01,9,1,1
C00740,2026-01-01,6,0,1
C00740,2026-02-01,1,0,0
C00740,2026-03-01,0,0,0
C00740,2026-04-01,1,2,0
C00740,2026-05-01,3,0,1
C00740,2026-06-01,0,0,0
C00741,2025-05-01,0,0,0
C00741,2025-06-01,0,0,0
C00741,2025-07-01,1,1,0
C00741,2025-08-01,5,0,1
C00741,2025-09-01,1,0,0
C00741,2025-10-01,1,1,0
C00741,2025-11-01,5,1,1
C00741,2025-12-01,1,1,1
C00741,2026-01-01,5,0,1
C00741,2026-02-01,4,0,1
C00741,2026-03-01,9,0,1
C00741,2026-04-01,4,2,1
C00741,2026-05-01,9,1,1
C00741,2026-06-01,7,0,1
C00742,2025-08-01,0,0,0
C00742,2025-09-01,7,1,1
C00742,2025-10-01,8,1,1
C00742,2025-11-01,1,1,0
C00742,2025-12-01,1,1,0
C00742,2026-01-01,8,0,1
C00742,2026-02-01,4,0,1
C00742,2026-03-01,1,0,0
C00742,2026-04-01,7,0,1
C00742,2026-05-01,8,1,1
C00742,2026-06-01,0,1,0
C00743,2026-05-01,8,1,1
C00743,2026-06-01,4,1,1
C00744,2026-01-01,8,0,1
C00744,2026-02-01,8,1,1
C00744,2026-03-01,0,0,0
C00744,2026-04-01,2,0,0
C00744,2026-05-01,5,1,1
C00744,2026-06-01,8,0,1
C00745,2025-09-01,1,0,0
C00745,2025-10-01,7,0,1
C00745,2025-11-01,0,1,0
C00745,2025-12-01,6,0,1
C00745,2026-01-01,8,0,1
C00745,2026-02-01,5,0,1
C00745,2026-03-01,7,2,1
C00745,2026-04-01,10,1,1
C00745,2026-05-01,6,0,1
C00745,2026-06-01,4,0,1
C00746,2025-12-01,8,0,1
C00746,2026-01-01,8,0,1
C00746,2026-02-01,7,0,1
C00746,2026-03-01,9,0,1
C00746,2026-04-01,1,0,0
C00746,2026-05-01,5,1,1
C00746,2026-06-01,0,0,0
C00747,2025-05-01,5,0,1
C00747,2025-06-01,0,0,0
C00747,2025-07-01,3,0,0
C00747,2025-08-01,2,0,0
C00747,2025-09-01,3,0,1
C00747,2025-10-01,6,0,1
C00747,2025-11-01,1,0,0
C00747,2025-12-01,9,0,1
C00747,2026-01-01,5,1,1
C00747,2026-02-01,1,2,0
C00747,2026-03-01,0,0,0
C00747,2026-04-01,1,0,0
C00747,2026-05-01,4,0,0
C00747,2026-06-01,7,0,1
C00748,2025-05-01,10,0,1
C00748,2025-06-01,10,0,1
C00748,2025-07-01,2,1,0
C00748,2025-08-01,2,1,0
C00748,2025-09-01,9,1,1
C00748,2025-10-01,6,1,1
C00748,2025-11-01,2,1,0
C00748,2025-12-01,0,0,0
C00748,2026-01-01,1,1,0
C00748,2026-02-01,4,0,1
C00748,2026-03-01,0,0,0
C00748,2026-04-01,0,0,0
C00748,2026-05-01,1,1,0
C00748,2026-06-01,3,1,1
C00749,2026-01-01,2,0,0
C00749,2026-02-01,6,0,1
C00749,2026-03-01,6,0,1
C00749,2026-04-01,10,0,1
C00749,2026-05-01,4,0,0
C00749,2026-06-01,5,0,1
C00750,2026-02-01,2,0,0
C00750,2026-03-01,8,2,1
C00750,2026-04-01,1,0,0
C00750,2026-05-01,12,0,1
C00750,2026-06-01,7,0,1
C00751,2025-03-01,9,2,1
C00751,2025-04-01,9,0,1
C00751,2025-05-01,6,0,1
C00751,2025-06-01,1,1,1
C00751,2025-07-01,8,0,1
C00751,2025-08-01,0,0,0
C00751,2025-09-01,6,0,1
C00751,2025-10-01,7,0,1
C00751,2025-11-01,10,1,1
C00751,2025-12-01,8,0,1
C00751,2026-01-01,1,0,0
C00751,2026-02-01,6,0,1
C00751,2026-03-01,7,0,1
C00751,2026-04-01,0,1,0
C00751,2026-05-01,0,0,0
C00751,2026-06-01,2,1,0
C00752,2025-04-01,7,1,1
C00752,2025-05-01,4,2,1
C00752,2025-06-01,10,0,1
C00752,2025-07-01,9,0,1
C00752,2025-08-01,1,0,0
C00752,2025-09-01,0,1,0
C00752,2025-10-01,7,0,1
C00752,2025-11-01,0,0,0
C00752,2025-12-01,7,0,1
C00752,2026-01-01,3,1,0
C00752,2026-02-01,0,0,0
C00752,2026-03-01,0,0,0
C00752,2026-04-01,2,0,0
C00752,2026-05-01,7,0,1
C00752,2026-06-01,6,0,1
C00753,2025-04-01,11,0,1
C00753,2025-05-01,0,0,0
C00753,2025-06-01,5,0,1
C00753,2025-07-01,4,1,1
C00753,2025-08-01,2,0,0
C00753,2025-09-01,8,0,1
C00753,2025-10-01,2,0,0
C00753,2025-11-01,5,0,1
C00753,2025-12-01,1,1,0
C00753,2026-01-01,1,1,0
C00753,2026-02-01,1,0,0
C00753,2026-03-01,5,0,1
C00753,2026-04-01,8,2,1
C00753,2026-05-01,2,0,0
C00753,2026-06-01,0,0,0
C00754,2025-03-01,0,0,0
C00754,2025-04-01,10,0,1
C00754,2025-05-01,7,0,1
C00754,2025-06-01,0,0,0
C00754,2025-07-01,10,0,1
C00754,2025-08-01,7,1,1
C00754,2025-09-01,0,0,0
C00754,2025-10-01,7,1,1
C00754,2025-11-01,6,0,1
C00754,2025-12-01,1,0,1
C00754,2026-01-01,2,0,1
C00754,2026-02-01,9,0,1
C00754,2026-03-01,1,2,0
C00754,2026-04-01,6,0,1
C00754,2026-05-01,7,0,1
C00754,2026-06-01,0,1,0
C00755,2026-03-01,7,1,1
C00755,2026-04-01,5,1,1
C00755,2026-05-01,7,0,1
C00755,2026-06-01,9,0,1
C00756,2025-12-01,9,0,1
C00756,2026-01-01,9,0,1
C00756,2026-02-01,4,0,1
C00756,2026-03-01,0,0,0
C00756,2026-04-01,5,0,1
C00756,2026-05-01,0,0,0
C00756,2026-06-01,5,2,1
C00757,2025-07-01,7,1,1
C00757,2025-08-01,7,0,1
C00757,2025-09-01,7,1,1
C00757,2025-10-01,5,0,1
C00757,2025-11-01,6,1,1
C00757,2025-12-01,6,0,1
C00757,2026-01-01,2,0,0
C00757,2026-02-01,0,0,0
C00757,2026-03-01,3,0,1
C00757,2026-04-01,0,0,0
C00757,2026-05-01,2,1,1
C00757,2026-06-01,5,0,1
C00758,2025-03-01,3,1,1
C00758,2025-04-01,2,0,0
C00758,2025-05-01,5,0,1
C00758,2025-06-01,7,0,1
C00758,2025-07-01,6,0,1
C00758,2025-08-01,11,0,1
C00758,2025-09-01,3,0,0
C00758,2025-10-01,2,1,0
C00758,2025-11-01,1,0,0
C00758,2025-12-01,1,0,0
C00758,2026-01-01,0,1,0
C00758,2026-02-01,10,0,1
C00758,2026-03-01,0,0,0
C00758,2026-04-01,8,0,1
C00758,2026-05-01,6,0,1
C00758,2026-06-01,2,0,0
C00759,2025-04-01,1,0,0
C00759,2025-05-01,6,0,1
C00759,2025-06-01,0,0,0
C00759,2025-07-01,9,1,1
C00759,2025-08-01,6,0,1
C00759,2025-09-01,0,0,0
C00759,2025-10-01,2,0,0
C00759,2025-11-01,2,0,0
C00759,2025-12-01,9,1,1
C00759,2026-01-01,5,0,1
C00759,2026-02-01,8,0,1
C00759,2026-03-01,0,0,0
C00759,2026-04-01,7,0,1
C00759,2026-05-01,10,1,1
C00759,2026-06-01,3,1,0
C00760,2025-03-01,10,0,1
C00760,2025-04-01,4,0,1
C00760,2025-05-01,9,1,1
C00760,2025-06-01,5,1,1
C00760,2025-07-01,2,0,0
C00760,2025-08-01,1,0,0
C00760,2025-09-01,7,0,1
C00760,2025-10-01,2,1,1
C00760,2025-11-01,1,0,0
C00760,2025-12-01,2,0,0
C00760,2026-01-01,7,0,1
C00760,2026-02-01,2,0,0
C00760,2026-03-01,10,1,1
C00760,2026-04-01,1,0,0
C00760,2026-05-01,0,1,0
C00760,2026-06-01,1,0,0
C00761,2025-05-01,5,0,1
C00761,2025-06-01,7,0,1
C00761,2025-07-01,7,0,1
C00761,2025-08-01,1,0,0
C00761,2025-09-01,8,0,1
C00761,2025-10-01,9,1,1
C00761,2025-11-01,8,0,1
C00761,2025-12-01,3,0,1
C00761,2026-01-01,7,0,1
C00761,2026-02-01,13,0,1
C00761,2026-03-01,7,0,1
C00761,2026-04-01,6,2,1
C00761,2026-05-01,7,0,1
C00761,2026-06-01,1,0,0
C00762,2025-08-01,3,1,1
C00762,2025-09-01,0,2,0
C00762,2025-10-01,5,1,1
C00762,2025-11-01,0,0,0
C00762,2025-12-01,6,0,1
C00762,2026-01-01,6,0,1
C00762,2026-02-01,0,0,0
C00762,2026-03-01,5,1,1
C00762,2026-04-01,11,0,1
C00762,2026-05-01,1,0,0
C00762,2026-06-01,0,0,0
C00763,2025-05-01,3,0,1
C00763,2025-06-01,8,0,1
C00763,2025-07-01,9,0,1
C00763,2025-08-01,2,0,0
C00763,2025-09-01,0,0,0
C00763,2025-10-01,1,0,0
C00763,2025-11-01,5,0,1
C00763,2025-12-01,3,0,1
C00763,2026-01-01,1,0,0
C00763,2026-02-01,3,0,1
C00763,2026-03-01,7,0,1
C00763,2026-04-01,10,1,1
C00763,2026-05-01,1,0,0
C00763,2026-06-01,3,0,0
C00764,2025-10-01,5,1,1
C00764,2025-11-01,4,0,1
C00764,2025-12-01,2,0,0
C00764,2026-01-01,10,0,1
C00764,2026-02-01,9,0,1
C00764,2026-03-01,6,2,1
C00764,2026-04-01,3,0,0
C00764,2026-05-01,11,0,1
C00764,2026-06-01,6,1,1
C00765,2025-12-01,7,0,1
C00765,2026-01-01,5,1,1
C00765,2026-02-01,1,0,0
C00765,2026-03-01,11,0,1
C00765,2026-04-01,8,0,1
C00765,2026-05-01,1,0,0
C00765,2026-06-01,7,1,1
C00766,2025-04-01,5,1,1
C00766,2025-05-01,10,1,1
C00766,2025-06-01,9,0,1
C00766,2025-07-01,9,1,1
C00766,2025-08-01,5,1,1
C00766,2025-09-01,5,0,1
C00766,2025-10-01,1,0,0
C00766,2025-11-01,4,1,1
C00766,2025-12-01,10,0,1
C00766,2026-01-01,3,1,0
C00766,2026-02-01,0,2,0
C00766,2026-03-01,1,0,0
C00766,2026-04-01,9,0,1
C00766,2026-05-01,8,2,1
C00766,2026-06-01,6,0,1
C00767,2025-07-01,11,0,1
C00767,2025-08-01,13,0,1
C00767,2025-09-01,1,1,0
C00767,2025-10-01,1,0,0
C00767,2025-11-01,9,1,1
C00767,2025-12-01,4,0,1
C00767,2026-01-01,1,0,0
C00767,2026-02-01,1,0,0
C00767,2026-03-01,5,0,1
C00767,2026-04-01,6,0,1
C00767,2026-05-01,1,0,0
C00767,2026-06-01,13,0,1
C00768,2026-02-01,5,0,1
C00768,2026-03-01,1,0,0
C00768,2026-04-01,9,1,1
C00768,2026-05-01,6,0,1
C00768,2026-06-01,12,0,1
C00769,2025-06-01,0,0,0
C00769,2025-07-01,8,0,1
C00769,2025-08-01,12,0,1
C00769,2025-09-01,9,0,1
C00769,2025-10-01,1,0,0
C00769,2025-11-01,11,0,1
C00769,2025-12-01,2,0,0
C00769,2026-01-01,9,0,1
C00769,2026-02-01,1,0,0
C00769,2026-03-01,0,0,0
C00769,2026-04-01,1,0,0
C00769,2026-05-01,9,1,1
C00769,2026-06-01,0,1,0
C00770,2025-07-01,6,0,1
C00770,2025-08-01,2,0,0
C00770,2025-09-01,7,1,1
C00770,2025-10-01,0,0,0
C00770,2025-11-01,6,0,1
C00770,2025-12-01,10,0,1
C00770,2026-01-01,10,1,1
C00770,2026-02-01,11,0,1
C00770,2026-03-01,0,0,0
C00770,2026-04-01,9,0,1
C00770,2026-05-01,6,1,1
C00770,2026-06-01,2,0,0
C00771,2026-03-01,0,2,0
C00771,2026-04-01,1,0,0
C00771,2026-05-01,4,3,1
C00771,2026-06-01,15,0,1
C00772,2025-10-01,1,0,0
C00772,2025-11-01,6,2,1
C00772,2025-12-01,4,0,1
C00772,2026-01-01,10,1,1
C00772,2026-02-01,7,1,1
C00772,2026-03-01,1,0,0
C00772,2026-04-01,3,1,0
C00772,2026-05-01,2,0,0
C00772,2026-06-01,10,0,1
C00773,2025-09-01,1,0,0
C00773,2025-10-01,1,0,0
C00773,2025-11-01,4,0,1
C00773,2025-12-01,6,2,1
C00773,2026-01-01,2,0,0
C00773,2026-02-01,2,0,1
C00773,2026-03-01,4,1,1
C00773,2026-04-01,5,0,1
C00773,2026-05-01,6,0,1
C00773,2026-06-01,11,0,1
C00774,2025-04-01,7,0,1
C00774,2025-05-01,0,0,0
C00774,2025-06-01,10,0,1
C00774,2025-07-01,12,0,1
C00774,2025-08-01,3,0,0
C00774,2025-09-01,9,0,1
C00774,2025-10-01,6,0,1
C00774,2025-11-01,8,0,1
C00774,2025-12-01,11,1,1
C00774,2026-01-01,7,0,1
C00774,2026-02-01,6,1,1
C00774,2026-03-01,0,1,0
C00774,2026-04-01,0,0,0
C00774,2026-05-01,7,3,1
C00774,2026-06-01,5,0,1
C00775,2025-07-01,10,0,1
C00775,2025-08-01,7,0,1
C00775,2025-09-01,0,0,0
C00775,2025-10-01,5,0,1
C00775,2025-11-01,4,1,1
C00775,2025-12-01,4,0,1
C00775,2026-01-01,0,0,0
C00775,2026-02-01,8,1,1
C00775,2026-03-01,0,0,0
C00775,2026-04-01,5,0,1
C00775,2026-05-01,1,0,0
C00775,2026-06-01,3,0,1
C00776,2025-12-01,3,0,1
C00776,2026-01-01,3,1,1
C00776,2026-02-01,5,0,1
C00776,2026-03-01,0,0,0
C00776,2026-04-01,10,0,1
C00776,2026-05-01,3,0,0
C00776,2026-06-01,0,0,0
C00777,2025-02-01,4,1,1
C00777,2025-03-01,7,0,1
C00777,2025-04-01,4,0,1
C00777,2025-05-01,3,0,1
C00777,2025-06-01,11,0,1
C00777,2025-07-01,4,1,0
C00777,2025-08-01,6,3,1
C00777,2025-09-01,4,0,1
C00777,2025-10-01,4,1,1
C00777,2025-11-01,13,0,1
C00777,2025-12-01,11,0,1
C00777,2026-01-01,10,0,1
C00777,2026-02-01,1,0,0
C00777,2026-03-01,1,0,0
C00777,2026-04-01,1,0,0
C00777,2026-05-01,1,0,0
C00777,2026-06-01,2,1,0
C00778,2026-02-01,1,1,0
C00778,2026-03-01,7,0,1
C00778,2026-04-01,1,1,0
C00778,2026-05-01,1,0,0
C00778,2026-06-01,2,2,1
C00779,2025-02-01,8,0,1
C00779,2025-03-01,15,1,1
C00779,2025-04-01,7,0,1
C00779,2025-05-01,10,1,1
C00779,2025-06-01,5,2,1
C00779,2025-07-01,1,1,0
C00779,2025-08-01,7,1,1
C00779,2025-09-01,6,0,1
C00779,2025-10-01,2,0,0
C00779,2025-11-01,5,0,1
C00779,2025-12-01,1,0,0
C00779,2026-01-01,5,0,1
C00779,2026-02-01,3,1,0
C00779,2026-03-01,2,0,0
C00779,2026-04-01,1,0,0
C00779,2026-05-01,3,0,1
C00779,2026-06-01,1,0,0
C00780,2026-01-01,12,0,1
C00780,2026-02-01,6,1,1
C00780,2026-03-01,0,0,0
C00780,2026-04-01,1,0,0
C00780,2026-05-01,4,1,1
C00780,2026-06-01,4,0,1
C00781,2026-03-01,2,0,1
C00781,2026-04-01,3,1,1
C00781,2026-05-01,4,0,1
C00781,2026-06-01,1,1,0
C00782,2026-01-01,0,0,0
C00782,2026-02-01,4,0,1
C00782,2026-03-01,8,1,1
C00782,2026-04-01,1,1,0
C00782,2026-05-01,0,2,0
C00782,2026-06-01,12,0,1
C00783,2025-11-01,4,0,1
C00783,2025-12-01,9,1,1
C00783,2026-01-01,8,1,1
C00783,2026-02-01,1,0,0
C00783,2026-03-01,4,0,1
C00783,2026-04-01,10,0,1
C00783,2026-05-01,4,0,1
C00783,2026-06-01,2,0,1
C00784,2025-11-01,7,0,1
C00784,2025-12-01,1,0,0
C00784,2026-01-01,7,0,1
C00784,2026-02-01,0,0,0
C00784,2026-03-01,7,0,1
C00784,2026-04-01,1,1,0
C00784,2026-05-01,6,0,1
C00784,2026-06-01,0,0,0
C00785,2025-09-01,3,1,1
C00785,2025-10-01,8,0,1
C00785,2025-11-01,8,0,1
C00785,2025-12-01,1,0,0
C00785,2026-01-01,8,0,1
C00785,2026-02-01,7,0,1
C00785,2026-03-01,6,0,1
C00785,2026-04-01,5,0,1
C00785,2026-05-01,9,0,1
C00785,2026-06-01,1,0,0
C00786,2026-05-01,0,0,0
C00786,2026-06-01,8,1,1
C00787,2025-05-01,8,0,1
C00787,2025-06-01,1,0,0
C00787,2025-07-01,2,1,0
C00787,2025-08-01,0,1,0
C00787,2025-09-01,0,1,0
C00787,2025-10-01,8,0,1
C00787,2025-11-01,13,0,1
C00787,2025-12-01,5,0,1
C00787,2026-01-01,2,0,0
C00787,2026-02-01,6,0,1
C00787,2026-03-01,7,0,1
C00787,2026-04-01,11,0,1
C00787,2026-05-01,1,0,0
C00787,2026-06-01,1,0,0
C00788,2026-03-01,4,0,1
C00788,2026-04-01,7,0,1
C00788,2026-05-01,5,0,1
C00788,2026-06-01,1,0,1
C00789,2025-05-01,11,0,1
C00789,2025-06-01,5,2,1
C00789,2025-07-01,11,1,1
C00789,2025-08-01,4,1,1
C00789,2025-09-01,5,1,1
C00789,2025-10-01,5,0,1
C00789,2025-11-01,10,0,1
C00789,2025-12-01,1,0,0
C00789,2026-01-01,0,0,0
C00789,2026-02-01,11,0,1
C00789,2026-03-01,8,0,1
C00789,2026-04-01,0,0,0
C00789,2026-05-01,2,0,0
C00789,2026-06-01,2,1,0
C00790,2026-04-01,7,0,1
C00790,2026-05-01,1,0,0
C00790,2026-06-01,4,1,1
C00791,2025-02-01,2,0,1
C00791,2025-03-01,0,1,0
C00791,2025-04-01,2,1,1
C00791,2025-05-01,0,0,0
C00791,2025-06-01,8,0,1
C00791,2025-07-01,4,0,1
C00791,2025-08-01,1,0,0
C00791,2025-09-01,4,1,1
C00791,2025-10-01,9,0,1
C00791,2025-11-01,0,0,0
C00791,2025-12-01,0,0,0
C00791,2026-01-01,0,0,0
C00791,2026-02-01,1,0,0
C00791,2026-03-01,6,0,1
C00791,2026-04-01,0,0,0
C00791,2026-05-01,0,1,0
C00791,2026-06-01,0,0,0
C00792,2025-04-01,10,1,1
C00792,2025-05-01,0,0,0
C00792,2025-06-01,11,0,1
C00792,2025-07-01,1,1,1
C00792,2025-08-01,3,1,1
C00792,2025-09-01,0,0,0
C00792,2025-10-01,6,0,1
C00792,2025-11-01,0,0,0
C00792,2025-12-01,0,1,0
C00792,2026-01-01,6,0,1
C00792,2026-02-01,5,0,1
C00792,2026-03-01,11,1,1
C00792,2026-04-01,0,0,0
C00792,2026-05-01,4,0,1
C00792,2026-06-01,4,0,1
C00793,2025-12-01,1,0,0
C00793,2026-01-01,5,0,1
C00793,2026-02-01,4,0,1
C00793,2026-03-01,1,1,0
C00793,2026-04-01,9,0,1
C00793,2026-05-01,0,0,0
C00793,2026-06-01,14,1,1
C00794,2025-06-01,1,0,0
C00794,2025-07-01,6,1,1
C00794,2025-08-01,0,0,0
C00794,2025-09-01,0,0,0
C00794,2025-10-01,6,1,1
C00794,2025-11-01,5,0,1
C00794,2025-12-01,7,1,1
C00794,2026-01-01,6,0,1
C00794,2026-02-01,1,0,0
C00794,2026-03-01,4,0,1
C00794,2026-04-01,4,1,1
C00794,2026-05-01,13,1,1
C00794,2026-06-01,0,0,0
C00795,2026-04-01,7,0,1
C00795,2026-05-01,0,1,0
C00795,2026-06-01,4,0,1
C00796,2026-03-01,4,0,1
C00796,2026-04-01,4,1,1
C00796,2026-05-01,5,0,1
C00796,2026-06-01,0,0,0
C00797,2025-04-01,9,0,1
C00797,2025-05-01,10,0,1
C00797,2025-06-01,2,0,0
C00797,2025-07-01,6,0,1
C00797,2025-08-01,10,2,1
C00797,2025-09-01,9,0,1
C00797,2025-10-01,2,0,0
C00797,2025-11-01,7,2,1
C00797,2025-12-01,10,1,1
C00797,2026-01-01,4,1,1
C00797,2026-02-01,0,1,0
C00797,2026-03-01,2,2,0
C00797,2026-04-01,7,0,1
C00797,2026-05-01,1,1,0
C00797,2026-06-01,1,0,0
C00798,2025-05-01,9,0,1
C00798,2025-06-01,7,0,1
C00798,2025-07-01,9,0,1
C00798,2025-08-01,9,0,1
C00798,2025-09-01,1,0,0
C00798,2025-10-01,10,1,1
C00798,2025-11-01,1,1,0
C00798,2025-12-01,2,0,1
C00798,2026-01-01,7,0,1
C00798,2026-02-01,6,0,1
C00798,2026-03-01,0,0,0
C00798,2026-04-01,0,0,0
C00798,2026-05-01,0,0,0
C00798,2026-06-01,6,0,1
C00799,2025-09-01,6,0,1
C00799,2025-10-01,5,0,1
C00799,2025-11-01,9,0,1
C00799,2025-12-01,5,1,1
C00799,2026-01-01,3,0,1
C00799,2026-02-01,8,0,1
C00799,2026-03-01,7,0,1
C00799,2026-04-01,2,1,0
C00799,2026-05-01,3,0,1
C00799,2026-06-01,5,0,1
C00800,2025-05-01,0,0,0
C00800,2025-06-01,2,2,1
C00800,2025-07-01,3,1,1
C00800,2025-08-01,0,0,0
C00800,2025-09-01,12,2,1
C00800,2025-10-01,6,0,1
C00800,2025-11-01,1,1,0
C00800,2025-12-01,7,0,1
C00800,2026-01-01,1,1,0
C00800,2026-02-01,4,0,1
C00800,2026-03-01,12,0,1
C00800,2026-04-01,3,1,0
C00800,2026-05-01,3,0,1
C00800,2026-06-01,0,0,0
C00801,2026-05-01,2,1,1
C00801,2026-06-01,6,0,1
C00802,2025-10-01,9,0,1
C00802,2025-11-01,10,1,1
C00802,2025-12-01,1,1,0
C00802,2026-01-01,9,0,1
C00802,2026-02-01,9,1,1
C00802,2026-03-01,0,1,0
C00802,2026-04-01,13,1,1
C00802,2026-05-01,9,0,1
C00802,2026-06-01,7,0,1
C00803,2026-01-01,6,0,1
C00803,2026-02-01,2,0,0
C00803,2026-03-01,1,0,0
C00803,2026-04-01,11,1,1
C00803,2026-05-01,0,1,0
C00803,2026-06-01,0,1,0
C00804,2026-03-01,4,2,1
C00804,2026-04-01,6,0,1
C00804,2026-05-01,6,0,1
C00804,2026-06-01,3,1,0
C00805,2025-10-01,10,0,1
C00805,2025-11-01,10,1,1
C00805,2025-12-01,6,0,1
C00805,2026-01-01,9,1,1
C00805,2026-02-01,1,0,0
C00805,2026-03-01,7,1,1
C00805,2026-04-01,0,1,0
C00805,2026-05-01,9,1,1
C00805,2026-06-01,2,2,0
C00806,2026-04-01,9,0,1
C00806,2026-05-01,0,0,0
C00806,2026-06-01,7,1,1
C00807,2026-04-01,2,0,0
C00807,2026-05-01,5,1,1
C00807,2026-06-01,6,0,1
C00808,2025-08-01,0,0,0
C00808,2025-09-01,10,0,1
C00808,2025-10-01,1,0,0
C00808,2025-11-01,8,1,1
C00808,2025-12-01,0,0,0
C00808,2026-01-01,1,0,0
C00808,2026-02-01,5,0,1
C00808,2026-03-01,4,0,1
C00808,2026-04-01,1,0,0
C00808,2026-05-01,0,0,0
C00808,2026-06-01,10,0,1
C00809,2025-02-01,3,1,0
C00809,2025-03-01,0,1,0
C00809,2025-04-01,1,1,0
C00809,2025-05-01,7,1,1
C00809,2025-06-01,1,0,0
C00809,2025-07-01,13,0,1
C00809,2025-08-01,1,1,0
C00809,2025-09-01,5,0,1
C00809,2025-10-01,10,0,1
C00809,2025-11-01,4,1,1
C00809,2025-12-01,4,0,1
C00809,2026-01-01,7,0,1
C00809,2026-02-01,9,2,1
C00809,2026-03-01,8,1,1
C00809,2026-04-01,9,1,1
C00809,2026-05-01,6,0,1
C00809,2026-06-01,3,1,0
C00810,2025-07-01,2,0,0
C00810,2025-08-01,6,0,1
C00810,2025-09-01,6,0,1
C00810,2025-10-01,5,0,1
C00810,2025-11-01,0,0,0
C00810,2025-12-01,0,0,0
C00810,2026-01-01,8,0,1
C00810,2026-02-01,4,1,1
C00810,2026-03-01,7,0,1
C00810,2026-04-01,7,0,1
C00810,2026-05-01,8,0,1
C00810,2026-06-01,10,0,1
C00811,2026-01-01,2,0,1
C00811,2026-02-01,2,0,0
C00811,2026-03-01,5,0,1
C00811,2026-04-01,9,0,1
C00811,2026-05-01,4,1,1
C00811,2026-06-01,6,1,1
C00812,2025-04-01,6,0,1
C00812,2025-05-01,0,0,0
C00812,2025-06-01,5,0,1
C00812,2025-07-01,2,1,0
C00812,2025-08-01,9,0,1
C00812,2025-09-01,4,0,1
C00812,2025-10-01,6,0,1
C00812,2025-11-01,1,2,0
C00812,2025-12-01,1,1,0
C00812,2026-01-01,6,0,1
C00812,2026-02-01,0,0,0
C00812,2026-03-01,1,0,0
C00812,2026-04-01,8,0,1
C00812,2026-05-01,1,0,0
C00812,2026-06-01,13,0,1
C00813,2025-05-01,5,0,1
C00813,2025-06-01,3,0,1
C00813,2025-07-01,7,1,1
C00813,2025-08-01,2,1,0
C00813,2025-09-01,11,0,1
C00813,2025-10-01,8,0,1
C00813,2025-11-01,0,0,0
C00813,2025-12-01,6,0,1
C00813,2026-01-01,6,0,1
C00813,2026-02-01,0,0,0
C00813,2026-03-01,8,0,1
C00813,2026-04-01,4,0,1
C00813,2026-05-01,0,0,0
C00813,2026-06-01,0,0,0
C00814,2025-04-01,0,0,0
C00814,2025-05-01,2,1,0
C00814,2025-06-01,8,1,1
C00814,2025-07-01,5,0,1
C00814,2025-08-01,7,0,1
C00814,2025-09-01,8,0,1
C00814,2025-10-01,7,0,1
C00814,2025-11-01,2,0,0
C00814,2025-12-01,0,1,0
C00814,2026-01-01,10,0,1
C00814,2026-02-01,8,1,1
C00814,2026-03-01,7,0,1
C00814,2026-04-01,0,0,0
C00814,2026-05-01,1,0,0
C00814,2026-06-01,8,0,1
C00815,2026-01-01,5,0,1
C00815,2026-02-01,2,1,1
C00815,2026-03-01,2,0,0
C00815,2026-04-01,1,0,0
C00815,2026-05-01,0,0,0
C00815,2026-06-01,1,0,0
C00816,2025-09-01,0,0,0
C00816,2025-10-01,8,0,1
C00816,2025-11-01,3,0,0
C00816,2025-12-01,1,0,0
C00816,2026-01-01,6,0,1
C00816,2026-02-01,1,0,0
C00816,2026-03-01,1,0,0
C00816,2026-04-01,6,0,1
C00816,2026-05-01,0,0,0
C00816,2026-06-01,1,0,0
C00817,2025-01-01,11,0,1
C00817,2025-02-01,1,1,0
C00817,2025-03-01,4,0,1
C00817,2025-04-01,9,0,1
C00817,2025-05-01,6,0,1
C00817,2025-06-01,4,2,1
C00817,2025-07-01,2,3,0
C00817,2025-08-01,1,2,0
C00817,2025-09-01,1,0,0
C00817,2025-10-01,1,1,0
C00817,2025-11-01,6,1,1
C00817,2025-12-01,0,0,0
C00817,2026-01-01,1,0,0
C00817,2026-02-01,1,0,0
C00817,2026-03-01,1,0,0
C00817,2026-04-01,0,1,0
C00817,2026-05-01,6,0,1
C00817,2026-06-01,2,0,0
C00818,2025-07-01,4,0,1
C00818,2025-08-01,9,0,1
C00818,2025-09-01,0,0,0
C00818,2025-10-01,8,0,1
C00818,2025-11-01,3,0,1
C00818,2025-12-01,7,0,1
C00818,2026-01-01,0,1,0
C00818,2026-02-01,16,0,1
C00818,2026-03-01,7,1,1
C00818,2026-04-01,7,2,1
C00818,2026-05-01,0,0,0
C00818,2026-06-01,12,0,1
C00819,2026-01-01,9,1,1
C00819,2026-02-01,0,0,0
C00819,2026-03-01,2,0,1
C00819,2026-04-01,6,0,1
C00819,2026-05-01,6,0,1
C00819,2026-06-01,1,0,0
C00820,2025-09-01,2,0,0
C00820,2025-10-01,8,0,1
C00820,2025-11-01,11,0,1
C00820,2025-12-01,1,0,0
C00820,2026-01-01,6,0,1
C00820,2026-02-01,1,1,0
C00820,2026-03-01,5,0,1
C00820,2026-04-01,7,0,1
C00820,2026-05-01,5,1,1
C00820,2026-06-01,13,1,1
C00821,2025-10-01,2,0,0
C00821,2025-11-01,4,0,1
C00821,2025-12-01,0,0,0
C00821,2026-01-01,12,0,1
C00821,2026-02-01,8,1,1
C00821,2026-03-01,0,0,0
C00821,2026-04-01,4,0,0
C00821,2026-05-01,12,1,1
C00821,2026-06-01,2,1,0
C00822,2026-02-01,5,0,1
C00822,2026-03-01,2,0,1
C00822,2026-04-01,1,0,0
C00822,2026-05-01,4,2,1
C00822,2026-06-01,6,0,1
C00823,2025-10-01,5,0,1
C00823,2025-11-01,5,0,1
C00823,2025-12-01,11,0,1
C00823,2026-01-01,11,0,1
C00823,2026-02-01,0,0,0
C00823,2026-03-01,0,1,0
C00823,2026-04-01,0,0,0
C00823,2026-05-01,0,0,0
C00823,2026-06-01,7,0,1
C00824,2026-01-01,8,1,1
C00824,2026-02-01,7,0,1
C00824,2026-03-01,7,0,1
C00824,2026-04-01,5,1,1
C00824,2026-05-01,0,1,0
C00824,2026-06-01,4,0,1
C00825,2026-01-01,1,1,0
C00825,2026-02-01,4,0,1
C00825,2026-03-01,1,2,0
C00825,2026-04-01,5,0,1
C00825,2026-05-01,1,1,0
C00825,2026-06-01,8,1,1
C00826,2026-03-01,4,0,1
C00826,2026-04-01,6,0,1
C00826,2026-05-01,6,1,1
C00826,2026-06-01,5,0,1
C00827,2025-07-01,5,0,1
C00827,2025-08-01,0,1,0
C00827,2025-09-01,6,0,1
C00827,2025-10-01,7,1,1
C00827,2025-11-01,2,1,1
C00827,2025-12-01,2,1,0
C00827,2026-01-01,1,0,0
C00827,2026-02-01,0,1,0
C00827,2026-03-01,3,0,0
C00827,2026-04-01,0,0,0
C00827,2026-05-01,5,0,1
C00827,2026-06-01,8,0,1
C00828,2025-07-01,6,0,1
C00828,2025-08-01,0,1,0
C00828,2025-09-01,6,1,1
C00828,2025-10-01,7,0,1
C00828,2025-11-01,1,2,0
C00828,2025-12-01,0,0,0
C00828,2026-01-01,8,0,1
C00828,2026-02-01,7,2,1
C00828,2026-03-01,2,0,0
C00828,2026-04-01,4,0,1
C00828,2026-05-01,0,0,0
C00828,2026-06-01,8,0,1
C00829,2025-10-01,8,0,1
C00829,2025-11-01,6,1,1
C00829,2025-12-01,8,0,1
C00829,2026-01-01,3,0,0
C00829,2026-02-01,8,0,1
C00829,2026-03-01,6,0,1
C00829,2026-04-01,0,1,0
C00829,2026-05-01,4,0,1
C00829,2026-06-01,3,0,1
C00830,2026-03-01,5,4,1
C00830,2026-04-01,5,0,1
C00830,2026-05-01,7,0,1
C00830,2026-06-01,8,1,1
C00831,2025-04-01,0,0,0
C00831,2025-05-01,12,0,1
C00831,2025-06-01,5,0,1
C00831,2025-07-01,3,1,1
C00831,2025-08-01,0,0,0
C00831,2025-09-01,9,1,1
C00831,2025-10-01,7,1,1
C00831,2025-11-01,4,0,1
C00831,2025-12-01,1,0,0
C00831,2026-01-01,1,0,0
C00831,2026-02-01,10,0,1
C00831,2026-03-01,2,0,0
C00831,2026-04-01,1,0,0
C00831,2026-05-01,2,1,0
C00831,2026-06-01,2,0,0
C00832,2025-03-01,1,0,0
C00832,2025-04-01,13,0,1
C00832,2025-05-01,10,1,1
C00832,2025-06-01,7,1,1
C00832,2025-07-01,10,0,1
C00832,2025-08-01,1,1,0
C00832,2025-09-01,5,0,1
C00832,2025-10-01,1,0,0
C00832,2025-11-01,8,0,1
C00832,2025-12-01,0,0,0
C00832,2026-01-01,6,1,1
C00832,2026-02-01,2,1,0
C00832,2026-03-01,1,1,0
C00832,2026-04-01,5,0,1
C00832,2026-05-01,0,0,0
C00832,2026-06-01,9,0,1
C00833,2026-04-01,7,0,1
C00833,2026-05-01,7,1,1
C00833,2026-06-01,5,2,1
C00834,2025-11-01,7,2,1
C00834,2025-12-01,5,0,1
C00834,2026-01-01,4,0,1
C00834,2026-02-01,2,0,0
C00834,2026-03-01,9,0,1
C00834,2026-04-01,9,0,1
C00834,2026-05-01,1,0,0
C00834,2026-06-01,0,1,0
C00835,2026-03-01,7,0,1
C00835,2026-04-01,6,0,1
C00835,2026-05-01,2,0,0
C00835,2026-06-01,7,0,1
C00836,2025-06-01,6,1,1
C00836,2025-07-01,12,0,1
C00836,2025-08-01,2,0,0
C00836,2025-09-01,0,1,0
C00836,2025-10-01,9,1,1
C00836,2025-11-01,10,1,1
C00836,2025-12-01,13,0,1
C00836,2026-01-01,7,1,1
C00836,2026-02-01,11,0,1
C00836,2026-03-01,8,0,1
C00836,2026-04-01,1,1,0
C00836,2026-05-01,1,0,0
C00836,2026-06-01,1,0,0
C00837,2025-06-01,6,1,1
C00837,2025-07-01,5,0,1
C00837,2025-08-01,3,0,0
C00837,2025-09-01,3,0,0
C00837,2025-10-01,6,1,1
C00837,2025-11-01,3,1,1
C00837,2025-12-01,1,3,0
C00837,2026-01-01,6,0,1
C00837,2026-02-01,10,1,1
C00837,2026-03-01,5,0,1
C00837,2026-04-01,11,0,1
C00837,2026-05-01,7,1,1
C00837,2026-06-01,1,0,0
C00838,2026-04-01,6,0,1
C00838,2026-05-01,1,0,1
C00838,2026-06-01,0,0,0
C00839,2025-03-01,1,0,0
C00839,2025-04-01,5,0,1
C00839,2025-05-01,5,0,1
C00839,2025-06-01,9,1,1
C00839,2025-07-01,1,0,0
C00839,2025-08-01,9,0,1
C00839,2025-09-01,9,0,1
C00839,2025-10-01,6,2,1
C00839,2025-11-01,3,0,0
C00839,2025-12-01,3,0,1
C00839,2026-01-01,0,2,0
C00839,2026-02-01,0,0,0
C00839,2026-03-01,0,1,0
C00839,2026-04-01,2,1,0
C00839,2026-05-01,8,0,1
C00839,2026-06-01,2,0,1
C00840,2026-05-01,6,0,1
C00840,2026-06-01,1,0,0
C00841,2025-12-01,2,0,1
C00841,2026-01-01,1,0,0
C00841,2026-02-01,5,1,1
C00841,2026-03-01,0,1,0
C00841,2026-04-01,1,1,0
C00841,2026-05-01,6,1,1
C00841,2026-06-01,11,0,1
C00842,2025-08-01,7,1,1
C00842,2025-09-01,4,0,1
C00842,2025-10-01,1,1,0
C00842,2025-11-01,2,0,0
C00842,2025-12-01,7,0,1
C00842,2026-01-01,10,0,1
C00842,2026-02-01,8,1,1
C00842,2026-03-01,1,0,0
C00842,2026-04-01,4,0,1
C00842,2026-05-01,2,0,0
C00842,2026-06-01,5,0,1
C00843,2025-09-01,1,0,0
C00843,2025-10-01,5,0,1
C00843,2025-11-01,11,0,1
C00843,2025-12-01,3,0,1
C00843,2026-01-01,8,2,1
C00843,2026-02-01,1,0,0
C00843,2026-03-01,10,0,1
C00843,2026-04-01,3,0,0
C00843,2026-05-01,0,0,0
C00843,2026-06-01,4,1,1
C00844,2026-02-01,8,0,1
C00844,2026-03-01,6,0,1
C00844,2026-04-01,0,0,0
C00844,2026-05-01,1,0,0
C00844,2026-06-01,6,0,1
C00845,2025-03-01,7,0,1
C00845,2025-04-01,8,0,1
C00845,2025-05-01,6,0,1
C00845,2025-06-01,0,0,0
C00845,2025-07-01,8,0,1
C00845,2025-08-01,5,1,1
C00845,2025-09-01,5,0,1
C00845,2025-10-01,1,2,0
C00845,2025-11-01,7,0,1
C00845,2025-12-01,3,1,0
C00845,2026-01-01,9,2,1
C00845,2026-02-01,0,1,0
C00845,2026-03-01,0,1,0
C00845,2026-04-01,0,1,0
C00845,2026-05-01,0,1,0
C00845,2026-06-01,3,0,0
C00846,2026-05-01,0,0,0
C00846,2026-06-01,1,0,0
C00847,2025-09-01,10,1,1
C00847,2025-10-01,5,0,1
C00847,2025-11-01,6,1,1
C00847,2025-12-01,7,0,1
C00847,2026-01-01,6,0,1
C00847,2026-02-01,5,0,1
C00847,2026-03-01,6,0,1
C00847,2026-04-01,3,0,0
C00847,2026-05-01,0,0,0
C00847,2026-06-01,0,0,0
C00848,2025-10-01,6,0,1
C00848,2025-11-01,1,1,0
C00848,2025-12-01,9,0,1
C00848,2026-01-01,1,1,0
C00848,2026-02-01,9,0,1
C00848,2026-03-01,10,1,1
C00848,2026-04-01,3,1,1
C00848,2026-05-01,6,0,1
C00848,2026-06-01,7,0,1
C00849,2026-02-01,9,0,1
C00849,2026-03-01,3,1,1
C00849,2026-04-01,8,0,1
C00849,2026-05-01,3,1,1
C00849,2026-06-01,15,0,1
C00850,2026-05-01,10,0,1
C00850,2026-06-01,0,0,0
C00851,2025-09-01,2,0,0
C00851,2025-10-01,3,0,1
C00851,2025-11-01,1,0,0
C00851,2025-12-01,9,1,1
C00851,2026-01-01,15,0,1
C00851,2026-02-01,0,2,0
C00851,2026-03-01,9,1,1
C00851,2026-04-01,11,0,1
C00851,2026-05-01,3,0,0
C00851,2026-06-01,0,1,0
C00852,2026-03-01,3,0,1
C00852,2026-04-01,0,1,0
C00852,2026-05-01,10,0,1
C00852,2026-06-01,0,1,0
C00853,2026-02-01,3,0,1
C00853,2026-03-01,5,0,1
C00853,2026-04-01,7,0,1
C00853,2026-05-01,7,0,1
C00853,2026-06-01,4,1,1
C00854,2025-07-01,1,1,0
C00854,2025-08-01,10,0,1
C00854,2025-09-01,0,0,0
C00854,2025-10-01,1,0,0
C00854,2025-11-01,7,0,1
C00854,2025-12-01,1,0,0
C00854,2026-01-01,7,0,1
C00854,2026-02-01,2,1,0
C00854,2026-03-01,3,0,1
C00854,2026-04-01,4,0,1
C00854,2026-05-01,0,0,0
C00854,2026-06-01,7,1,1
C00855,2025-03-01,1,0,0
C00855,2025-04-01,10,1,1
C00855,2025-05-01,5,0,1
C00855,2025-06-01,3,0,1
C00855,2025-07-01,6,0,1
C00855,2025-08-01,7,0,1
C00855,2025-09-01,7,0,1
C00855,2025-10-01,8,1,1
C00855,2025-11-01,1,0,0
C00855,2025-12-01,10,1,1
C00855,2026-01-01,9,0,1
C00855,2026-02-01,2,0,0
C00855,2026-03-01,0,1,0
C00855,2026-04-01,0,0,0
C00855,2026-05-01,8,1,1
C00855,2026-06-01,0,1,0
C00856,2025-03-01,8,0,1
C00856,2025-04-01,13,0,1
C00856,2025-05-01,9,0,1
C00856,2025-06-01,7,1,1
C00856,2025-07-01,8,0,1
C00856,2025-08-01,9,0,1
C00856,2025-09-01,0,0,0
C00856,2025-10-01,2,1,1
C00856,2025-11-01,5,0,1
C00856,2025-12-01,10,0,1
C00856,2026-01-01,2,0,0
C00856,2026-02-01,4,0,0
C00856,2026-03-01,7,1,1
C00856,2026-04-01,1,1,0
C00856,2026-05-01,10,0,1
C00856,2026-06-01,5,0,1
C00857,2025-11-01,1,1,0
C00857,2025-12-01,2,0,0
C00857,2026-01-01,1,0,0
C00857,2026-02-01,1,1,0
C00857,2026-03-01,1,2,0
C00857,2026-04-01,5,1,1
C00857,2026-05-01,7,1,1
C00857,2026-06-01,0,1,0
C00858,2025-05-01,11,0,1
C00858,2025-06-01,4,0,1
C00858,2025-07-01,9,0,1
C00858,2025-08-01,10,0,1
C00858,2025-09-01,6,0,1
C00858,2025-10-01,1,1,0
C00858,2025-11-01,7,0,1
C00858,2025-12-01,4,0,1
C00858,2026-01-01,9,0,1
C00858,2026-02-01,6,1,1
C00858,2026-03-01,2,0,0
C00858,2026-04-01,5,2,1
C00858,2026-05-01,7,1,1
C00858,2026-06-01,7,0,1
C00859,2026-04-01,9,2,1
C00859,2026-05-01,3,1,1
C00859,2026-06-01,5,0,1
C00860,2025-09-01,8,0,1
C00860,2025-10-01,6,1,1
C00860,2025-11-01,2,1,0
C00860,2025-12-01,0,0,0
C00860,2026-01-01,3,0,0
C00860,2026-02-01,1,0,0
C00860,2026-03-01,2,0,1
C00860,2026-04-01,3,1,1
C00860,2026-05-01,1,0,0
C00860,2026-06-01,6,0,1
C00861,2025-07-01,5,0,1
C00861,2025-08-01,9,0,1
C00861,2025-09-01,0,0,0
C00861,2025-10-01,5,0,1
C00861,2025-11-01,12,1,1
C00861,2025-12-01,8,1,1
C00861,2026-01-01,10,0,1
C00861,2026-02-01,10,0,1
C00861,2026-03-01,0,0,0
C00861,2026-04-01,4,0,1
C00861,2026-05-01,0,1,0
C00861,2026-06-01,14,1,1
C00862,2026-02-01,0,0,0
C00862,2026-03-01,11,0,1
C00862,2026-04-01,8,0,1
C00862,2026-05-01,7,1,1
C00862,2026-06-01,7,0,1
C00863,2026-05-01,1,0,0
C00863,2026-06-01,4,0,1
C00864,2025-04-01,4,0,1
C00864,2025-05-01,9,0,1
C00864,2025-06-01,7,1,1
C00864,2025-07-01,7,0,1
C00864,2025-08-01,11,0,1
C00864,2025-09-01,11,0,1
C00864,2025-10-01,0,1,0
C00864,2025-11-01,2,1,0
C00864,2025-12-01,6,1,1
C00864,2026-01-01,7,0,1
C00864,2026-02-01,3,0,1
C00864,2026-03-01,6,0,1
C00864,2026-04-01,0,1,0
C00864,2026-05-01,0,0,0
C00864,2026-06-01,1,0,0
C00865,2025-08-01,0,0,0
C00865,2025-09-01,0,0,0
C00865,2025-10-01,9,0,1
C00865,2025-11-01,5,0,1
C00865,2025-12-01,13,0,1
C00865,2026-01-01,14,0,1
C00865,2026-02-01,9,1,1
C00865,2026-03-01,1,0,0
C00865,2026-04-01,12,0,1
C00865,2026-05-01,5,0,1
C00865,2026-06-01,7,0,1
C00866,2026-02-01,8,0,1
C00866,2026-03-01,6,0,1
C00866,2026-04-01,0,0,0
C00866,2026-05-01,0,1,0
C00866,2026-06-01,0,0,0
C00867,2026-05-01,9,1,1
C00867,2026-06-01,5,0,1
C00868,2026-03-01,5,2,1
C00868,2026-04-01,7,1,1
C00868,2026-05-01,5,0,1
C00868,2026-06-01,6,1,1
C00869,2025-02-01,0,0,0
C00869,2025-03-01,13,0,1
C00869,2025-04-01,5,0,1
C00869,2025-05-01,7,1,1
C00869,2025-06-01,4,0,1
C00869,2025-07-01,3,0,0
C00869,2025-08-01,7,0,1
C00869,2025-09-01,7,0,1
C00869,2025-10-01,6,0,1
C00869,2025-11-01,6,0,1
C00869,2025-12-01,7,0,1
C00869,2026-01-01,1,1,0
C00869,2026-02-01,0,0,0
C00869,2026-03-01,0,0,0
C00869,2026-04-01,0,0,0
C00869,2026-05-01,3,0,0
C00869,2026-06-01,11,2,1
C00870,2026-04-01,11,0,1
C00870,2026-05-01,2,0,1
C00870,2026-06-01,4,0,1
C00871,2026-05-01,1,0,0
C00871,2026-06-01,0,0,0
C00872,2026-04-01,2,1,1
C00872,2026-05-01,10,2,1
C00872,2026-06-01,6,0,1
C00873,2026-05-01,3,0,0
C00873,2026-06-01,8,0,1
C00874,2026-03-01,2,1,0
C00874,2026-04-01,5,1,1
C00874,2026-05-01,2,0,0
C00874,2026-06-01,4,0,1
C00875,2026-03-01,4,0,1
C00875,2026-04-01,9,1,1
C00875,2026-05-01,7,0,1
C00875,2026-06-01,1,0,0
C00876,2025-08-01,3,0,1
C00876,2025-09-01,0,0,0
C00876,2025-10-01,2,0,0
C00876,2025-11-01,5,0,1
C00876,2025-12-01,10,0,1
C00876,2026-01-01,1,0,0
C00876,2026-02-01,4,0,1
C00876,2026-03-01,6,1,1
C00876,2026-04-01,2,0,0
C00876,2026-05-01,1,0,0
C00876,2026-06-01,8,0,1
C00877,2025-09-01,1,1,0
C00877,2025-10-01,1,0,0
C00877,2025-11-01,0,0,0
C00877,2025-12-01,6,0,1
C00877,2026-01-01,12,0,1
C00877,2026-02-01,8,0,1
C00877,2026-03-01,4,1,1
C00877,2026-04-01,4,1,1
C00877,2026-05-01,9,1,1
C00877,2026-06-01,3,1,1
C00878,2026-02-01,1,0,0
C00878,2026-03-01,4,0,1
C00878,2026-04-01,0,0,0
C00878,2026-05-01,9,1,1
C00878,2026-06-01,7,0,1
C00879,2026-01-01,1,1,0
C00879,2026-02-01,7,2,1
C00879,2026-03-01,1,0,0
C00879,2026-04-01,2,1,0
C00879,2026-05-01,0,2,0
C00879,2026-06-01,10,1,1
C00880,2025-05-01,0,1,0
C00880,2025-06-01,1,1,0
C00880,2025-07-01,7,0,1
C00880,2025-08-01,1,0,0
C00880,2025-09-01,1,0,0
C00880,2025-10-01,8,0,1
C00880,2025-11-01,6,0,1
C00880,2025-12-01,11,0,1
C00880,2026-01-01,2,0,0
C00880,2026-02-01,8,0,1
C00880,2026-03-01,4,0,1
C00880,2026-04-01,9,0,1
C00880,2026-05-01,6,0,1
C00880,2026-06-01,3,0,1
C00881,2025-09-01,9,0,1
C00881,2025-10-01,0,1,0
C00881,2025-11-01,6,0,1
C00881,2025-12-01,2,0,0
C00881,2026-01-01,1,1,0
C00881,2026-02-01,5,1,1
C00881,2026-03-01,0,0,0
C00881,2026-04-01,12,1,1
C00881,2026-05-01,1,0,0
C00881,2026-06-01,1,1,0
C00882,2025-06-01,5,0,1
C00882,2025-07-01,2,0,0
C00882,2025-08-01,0,0,0
C00882,2025-09-01,9,0,1
C00882,2025-10-01,0,0,0
C00882,2025-11-01,0,2,0
C00882,2025-12-01,0,2,0
C00882,2026-01-01,6,0,1
C00882,2026-02-01,4,0,1
C00882,2026-03-01,0,0,0
C00882,2026-04-01,1,1,0
C00882,2026-05-01,13,0,1
C00882,2026-06-01,11,0,1
C00883,2025-11-01,2,0,0
C00883,2025-12-01,1,0,0
C00883,2026-01-01,6,0,1
C00883,2026-02-01,9,1,1
C00883,2026-03-01,0,0,0
C00883,2026-04-01,0,1,0
C00883,2026-05-01,1,1,0
C00883,2026-06-01,3,0,0
C00884,2025-04-01,12,0,1
C00884,2025-05-01,7,0,1
C00884,2025-06-01,2,1,0
C00884,2025-07-01,10,0,1
C00884,2025-08-01,5,0,1
C00884,2025-09-01,9,1,1
C00884,2025-10-01,5,0,1
C00884,2025-11-01,5,1,1
C00884,2025-12-01,3,0,1
C00884,2026-01-01,7,0,1
C00884,2026-02-01,0,0,0
C00884,2026-03-01,8,0,1
C00884,2026-04-01,2,0,1
C00884,2026-05-01,5,0,1
C00884,2026-06-01,6,0,1
C00885,2025-12-01,6,0,1
C00885,2026-01-01,6,0,1
C00885,2026-02-01,1,0,0
C00885,2026-03-01,7,0,1
C00885,2026-04-01,0,0,0
C00885,2026-05-01,1,0,0
C00885,2026-06-01,4,0,1
C00886,2026-05-01,9,0,1
C00886,2026-06-01,7,0,1
C00887,2025-12-01,0,0,0
C00887,2026-01-01,6,0,1
C00887,2026-02-01,6,0,1
C00887,2026-03-01,6,1,1
C00887,2026-04-01,1,1,0
C00887,2026-05-01,0,1,0
C00887,2026-06-01,9,0,1
C00888,2025-08-01,1,0,0
C00888,2025-09-01,0,0,0
C00888,2025-10-01,6,1,1
C00888,2025-11-01,3,1,0
C00888,2025-12-01,0,0,0
C00888,2026-01-01,11,2,1
C00888,2026-02-01,11,0,1
C00888,2026-03-01,1,0,0
C00888,2026-04-01,11,0,1
C00888,2026-05-01,2,1,0
C00888,2026-06-01,3,1,0
C00889,2026-01-01,10,0,1
C00889,2026-02-01,6,1,1
C00889,2026-03-01,8,0,1
C00889,2026-04-01,8,0,1
C00889,2026-05-01,0,0,0
C00889,2026-06-01,8,0,1
C00890,2025-03-01,2,0,0
C00890,2025-04-01,0,0,0
C00890,2025-05-01,0,0,0
C00890,2025-06-01,7,2,1
C00890,2025-07-01,7,0,1
C00890,2025-08-01,5,0,1
C00890,2025-09-01,8,0,1
C00890,2025-10-01,0,0,0
C00890,2025-11-01,9,2,1
C00890,2025-12-01,8,0,1
C00890,2026-01-01,1,1,0
C00890,2026-02-01,7,0,1
C00890,2026-03-01,2,1,0
C00890,2026-04-01,9,0,1
C00890,2026-05-01,10,0,1
C00890,2026-06-01,0,1,0
C00891,2026-03-01,6,0,1
C00891,2026-04-01,6,0,1
C00891,2026-05-01,3,1,1
C00891,2026-06-01,1,0,0
C00892,2025-08-01,1,0,0
C00892,2025-09-01,9,0,1
C00892,2025-10-01,9,0,1
C00892,2025-11-01,7,0,1
C00892,2025-12-01,0,1,0
C00892,2026-01-01,5,0,1
C00892,2026-02-01,8,1,1
C00892,2026-03-01,1,0,0
C00892,2026-04-01,0,0,0
C00892,2026-05-01,11,0,1
C00892,2026-06-01,10,1,1
C00893,2026-01-01,6,0,1
C00893,2026-02-01,0,1,0
C00893,2026-03-01,8,1,1
C00893,2026-04-01,4,1,1
C00893,2026-05-01,2,0,0
C00893,2026-06-01,3,0,0
C00894,2025-10-01,0,2,0
C00894,2025-11-01,1,1,0
C00894,2025-12-01,7,1,1
C00894,2026-01-01,2,1,0
C00894,2026-02-01,8,0,1
C00894,2026-03-01,5,0,1
C00894,2026-04-01,3,1,1
C00894,2026-05-01,1,0,0
C00894,2026-06-01,1,1,0
C00895,2026-04-01,8,0,1
C00895,2026-05-01,6,1,1
C00895,2026-06-01,11,0,1
C00896,2025-04-01,6,0,1
C00896,2025-05-01,1,0,0
C00896,2025-06-01,10,0,1
C00896,2025-07-01,0,2,0
C00896,2025-08-01,0,0,0
C00896,2025-09-01,1,0,0
C00896,2025-10-01,0,0,0
C00896,2025-11-01,6,0,1
C00896,2025-12-01,1,1,0
C00896,2026-01-01,7,0,1
C00896,2026-02-01,7,0,1
C00896,2026-03-01,4,0,1
C00896,2026-04-01,6,0,1
C00896,2026-05-01,0,1,0
C00896,2026-06-01,2,0,0
C00897,2025-08-01,5,0,1
C00897,2025-09-01,0,0,0
C00897,2025-10-01,7,0,1
C00897,2025-11-01,5,1,1
C00897,2025-12-01,9,0,1
C00897,2026-01-01,2,1,0
C00897,2026-02-01,2,0,0
C00897,2026-03-01,5,0,1
C00897,2026-04-01,1,1,0
C00897,2026-05-01,13,0,1
C00897,2026-06-01,4,0,1
C00898,2025-06-01,4,1,1
C00898,2025-07-01,5,1,1
C00898,2025-08-01,8,0,1
C00898,2025-09-01,16,1,1
C00898,2025-10-01,1,0,0
C00898,2025-11-01,8,0,1
C00898,2025-12-01,11,0,1
C00898,2026-01-01,7,0,1
C00898,2026-02-01,0,1,0
C00898,2026-03-01,7,0,1
C00898,2026-04-01,1,0,0
C00898,2026-05-01,0,0,0
C00898,2026-06-01,6,1,1
C00899,2025-07-01,6,0,1
C00899,2025-08-01,6,0,1
C00899,2025-09-01,0,1,0
C00899,2025-10-01,14,0,1
C00899,2025-11-01,0,0,0
C00899,2025-12-01,5,1,1
C00899,2026-01-01,6,0,1
C00899,2026-02-01,12,0,1
C00899,2026-03-01,2,0,0
C00899,2026-04-01,8,0,1
C00899,2026-05-01,1,0,0
C00899,2026-06-01,1,0,0
C00900,2025-02-01,2,0,1
C00900,2025-03-01,0,1,0
C00900,2025-04-01,7,0,1
C00900,2025-05-01,3,2,1
C00900,2025-06-01,0,0,0
C00900,2025-07-01,1,0,0
C00900,2025-08-01,8,0,1
C00900,2025-09-01,10,1,1
C00900,2025-10-01,12,0,1
C00900,2025-11-01,11,0,1
C00900,2025-12-01,0,0,0
C00900,2026-01-01,2,0,1
C00900,2026-02-01,12,0,1
C00900,2026-03-01,4,0,1
C00900,2026-04-01,8,0,1
C00900,2026-05-01,9,0,1
C00900,2026-06-01,0,0,0
C00901,2025-07-01,8,1,1
C00901,2025-08-01,1,1,0
C00901,2025-09-01,10,0,1
C00901,2025-10-01,8,1,1
C00901,2025-11-01,0,0,0
C00901,2025-12-01,8,0,1
C00901,2026-01-01,6,0,1
C00901,2026-02-01,0,1,0
C00901,2026-03-01,8,0,1
C00901,2026-04-01,13,0,1
C00901,2026-05-01,6,0,1
C00901,2026-06-01,7,2,1
C00902,2026-03-01,3,0,1
C00902,2026-04-01,8,2,1
C00902,2026-05-01,7,0,1
C00902,2026-06-01,8,0,1
C00903,2026-05-01,16,0,1
C00903,2026-06-01,5,0,1
C00904,2025-06-01,10,1,1
C00904,2025-07-01,5,2,1
C00904,2025-08-01,10,0,1
C00904,2025-09-01,6,0,1
C00904,2025-10-01,4,1,1
C00904,2025-11-01,12,0,1
C00904,2025-12-01,13,0,1
C00904,2026-01-01,10,0,1
C00904,2026-02-01,3,0,1
C00904,2026-03-01,7,2,1
C00904,2026-04-01,6,0,1
C00904,2026-05-01,0,0,0
C00904,2026-06-01,10,0,1
C00905,2025-03-01,3,1,0
C00905,2025-04-01,8,0,1
C00905,2025-05-01,7,0,1
C00905,2025-06-01,6,0,1
C00905,2025-07-01,13,2,1
C00905,2025-08-01,1,1,0
C00905,2025-09-01,6,0,1
C00905,2025-10-01,1,0,0
C00905,2025-11-01,3,0,1
C00905,2025-12-01,12,0,1
C00905,2026-01-01,10,0,1
C00905,2026-02-01,8,1,1
C00905,2026-03-01,5,0,1
C00905,2026-04-01,8,0,1
C00905,2026-05-01,0,0,0
C00905,2026-06-01,0,0,0
C00906,2025-12-01,2,0,1
C00906,2026-01-01,8,2,1
C00906,2026-02-01,3,0,1
C00906,2026-03-01,7,1,1
C00906,2026-04-01,1,1,0
C00906,2026-05-01,9,0,1
C00906,2026-06-01,6,0,1
C00907,2026-03-01,1,0,0
C00907,2026-04-01,0,0,0
C00907,2026-05-01,7,0,1
C00907,2026-06-01,0,0,0
C00908,2026-03-01,5,1,1
C00908,2026-04-01,7,0,1
C00908,2026-05-01,7,0,1
C00908,2026-06-01,0,0,0
C00909,2025-03-01,1,0,0
C00909,2025-04-01,6,0,1
C00909,2025-05-01,3,0,0
C00909,2025-06-01,11,0,1
C00909,2025-07-01,7,1,1
C00909,2025-08-01,0,0,0
C00909,2025-09-01,5,0,1
C00909,2025-10-01,13,0,1
C00909,2025-11-01,7,1,1
C00909,2025-12-01,10,1,1
C00909,2026-01-01,1,1,0
C00909,2026-02-01,5,1,1
C00909,2026-03-01,3,0,1
C00909,2026-04-01,10,0,1
C00909,2026-05-01,1,0,0
C00909,2026-06-01,2,0,0
C00910,2026-03-01,10,0,1
C00910,2026-04-01,2,0,0
C00910,2026-05-01,0,1,0
C00910,2026-06-01,7,0,1
C00911,2025-08-01,0,0,0
C00911,2025-09-01,1,2,0
C00911,2025-10-01,1,1,0
C00911,2025-11-01,5,1,1
C00911,2025-12-01,1,1,0
C00911,2026-01-01,10,0,1
C00911,2026-02-01,7,0,1
C00911,2026-03-01,0,0,0
C00911,2026-04-01,2,0,0
C00911,2026-05-01,5,0,1
C00911,2026-06-01,5,0,1
C00912,2025-04-01,2,0,0
C00912,2025-05-01,4,0,1
C00912,2025-06-01,3,1,1
C00912,2025-07-01,12,0,1
C00912,2025-08-01,8,0,1
C00912,2025-09-01,1,0,0
C00912,2025-10-01,7,0,1
C00912,2025-11-01,1,1,0
C00912,2025-12-01,5,0,1
C00912,2026-01-01,2,0,0
C00912,2026-02-01,0,1,0
C00912,2026-03-01,2,1,0
C00912,2026-04-01,4,0,1
C00912,2026-05-01,1,0,1
C00912,2026-06-01,10,1,1
C00913,2026-03-01,1,0,0
C00913,2026-04-01,7,0,1
C00913,2026-05-01,5,0,1
C00913,2026-06-01,1,1,0
C00914,2026-01-01,11,1,1
C00914,2026-02-01,2,0,0
C00914,2026-03-01,0,1,0
C00914,2026-04-01,1,0,0
C00914,2026-05-01,0,0,0
C00914,2026-06-01,9,0,1
C00915,2026-05-01,1,0,0
C00915,2026-06-01,7,0,1
C00916,2025-12-01,1,0,0
C00916,2026-01-01,0,0,0
C00916,2026-02-01,11,0,1
C00916,2026-03-01,4,1,1
C00916,2026-04-01,10,2,1
C00916,2026-05-01,10,0,1
C00916,2026-06-01,9,1,1
C00917,2025-02-01,6,1,1
C00917,2025-03-01,1,0,0
C00917,2025-04-01,8,0,1
C00917,2025-05-01,1,0,0
C00917,2025-06-01,0,0,0
C00917,2025-07-01,8,0,1
C00917,2025-08-01,5,1,1
C00917,2025-09-01,7,0,1
C00917,2025-10-01,1,0,0
C00917,2025-11-01,2,0,1
C00917,2025-12-01,8,0,1
C00917,2026-01-01,0,0,0
C00917,2026-02-01,2,0,0
C00917,2026-03-01,1,0,0
C00917,2026-04-01,1,0,0
C00917,2026-05-01,2,1,1
C00917,2026-06-01,5,1,1
C00918,2026-01-01,8,0,1
C00918,2026-02-01,5,1,1
C00918,2026-03-01,0,1,0
C00918,2026-04-01,0,1,0
C00918,2026-05-01,7,0,1
C00918,2026-06-01,0,1,0
C00919,2025-11-01,1,0,0
C00919,2025-12-01,4,0,1
C00919,2026-01-01,3,0,1
C00919,2026-02-01,7,0,1
C00919,2026-03-01,0,0,0
C00919,2026-04-01,2,1,1
C00919,2026-05-01,1,0,0
C00919,2026-06-01,0,0,0
C00920,2025-02-01,14,0,1
C00920,2025-03-01,0,1,0
C00920,2025-04-01,3,0,1
C00920,2025-05-01,1,1,0
C00920,2025-06-01,0,0,0
C00920,2025-07-01,0,2,0
C00920,2025-08-01,10,0,1
C00920,2025-09-01,4,1,1
C00920,2025-10-01,4,1,0
C00920,2025-11-01,12,0,1
C00920,2025-12-01,2,0,0
C00920,2026-01-01,1,0,0
C00920,2026-02-01,0,0,0
C00920,2026-03-01,6,0,1
C00920,2026-04-01,9,0,1
C00920,2026-05-01,1,2,0
C00920,2026-06-01,2,1,0
C00921,2025-10-01,11,0,1
C00921,2025-11-01,10,0,1
C00921,2025-12-01,4,0,1
C00921,2026-01-01,2,0,0
C00921,2026-02-01,3,0,1
C00921,2026-03-01,6,0,1
C00921,2026-04-01,8,1,1
C00921,2026-05-01,5,0,1
C00921,2026-06-01,11,2,1
C00922,2026-04-01,1,0,0
C00922,2026-05-01,7,0,1
C00922,2026-06-01,2,1,0
C00923,2025-05-01,0,1,0
C00923,2025-06-01,5,0,1
C00923,2025-07-01,5,1,1
C00923,2025-08-01,9,0,1
C00923,2025-09-01,1,0,0
C00923,2025-10-01,3,0,1
C00923,2025-11-01,4,0,1
C00923,2025-12-01,8,3,1
C00923,2026-01-01,7,1,1
C00923,2026-02-01,1,0,0
C00923,2026-03-01,7,0,1
C00923,2026-04-01,8,0,1
C00923,2026-05-01,6,0,1
C00923,2026-06-01,3,1,0
C00924,2025-04-01,3,1,1
C00924,2025-05-01,3,0,1
C00924,2025-06-01,6,0,1
C00924,2025-07-01,1,0,0
C00924,2025-08-01,7,0,1
C00924,2025-09-01,7,1,1
C00924,2025-10-01,7,0,1
C00924,2025-11-01,0,0,0
C00924,2025-12-01,4,1,1
C00924,2026-01-01,0,0,0
C00924,2026-02-01,1,0,0
C00924,2026-03-01,0,1,0
C00924,2026-04-01,9,0,1
C00924,2026-05-01,3,2,1
C00924,2026-06-01,7,2,1
C00925,2025-03-01,7,1,1
C00925,2025-04-01,1,0,0
C00925,2025-05-01,1,1,0
C00925,2025-06-01,5,1,1
C00925,2025-07-01,4,0,1
C00925,2025-08-01,0,0,0
C00925,2025-09-01,1,1,0
C00925,2025-10-01,1,2,0
C00925,2025-11-01,5,0,1
C00925,2025-12-01,0,0,0
C00925,2026-01-01,6,0,1
C00925,2026-02-01,5,0,1
C00925,2026-03-01,0,3,0
C00925,2026-04-01,7,0,1
C00925,2026-05-01,7,0,1
C00925,2026-06-01,2,0,0
C00926,2025-08-01,9,1,1
C00926,2025-09-01,2,0,0
C00926,2025-10-01,2,0,1
C00926,2025-11-01,1,0,0
C00926,2025-12-01,0,0,0
C00926,2026-01-01,10,0,1
C00926,2026-02-01,5,0,1
C00926,2026-03-01,6,0,1
C00926,2026-04-01,12,1,1
C00926,2026-05-01,7,0,1
C00926,2026-06-01,2,1,0
C00927,2025-12-01,6,0,1
C00927,2026-01-01,10,0,1
C00927,2026-02-01,6,0,1
C00927,2026-03-01,4,2,1
C00927,2026-04-01,8,1,1
C00927,2026-05-01,7,0,1
C00927,2026-06-01,9,0,1
C00928,2025-03-01,7,0,1
C00928,2025-04-01,10,0,1
C00928,2025-05-01,7,0,1
C00928,2025-06-01,8,0,1
C00928,2025-07-01,1,0,0
C00928,2025-08-01,12,0,1
C00928,2025-09-01,9,1,1
C00928,2025-10-01,1,0,0
C00928,2025-11-01,11,0,1
C00928,2025-12-01,11,1,1
C00928,2026-01-01,2,0,0
C00928,2026-02-01,1,2,0
C00928,2026-03-01,1,0,0
C00928,2026-04-01,6,1,1
C00928,2026-05-01,1,0,0
C00928,2026-06-01,1,1,0
C00929,2025-10-01,0,0,0
C00929,2025-11-01,0,1,0
C00929,2025-12-01,3,0,0
C00929,2026-01-01,7,0,1
C00929,2026-02-01,14,0,1
C00929,2026-03-01,5,0,1
C00929,2026-04-01,9,0,1
C00929,2026-05-01,8,0,1
C00929,2026-06-01,11,0,1
C00930,2026-05-01,2,0,0
C00930,2026-06-01,3,1,1
C00931,2025-03-01,6,0,1
C00931,2025-04-01,1,1,0
C00931,2025-05-01,2,0,0
C00931,2025-06-01,7,0,1
C00931,2025-07-01,0,0,0
C00931,2025-08-01,1,0,0
C00931,2025-09-01,9,2,1
C00931,2025-10-01,2,0,0
C00931,2025-11-01,3,0,1
C00931,2025-12-01,7,0,1
C00931,2026-01-01,8,0,1
C00931,2026-02-01,0,0,0
C00931,2026-03-01,8,0,1
C00931,2026-04-01,10,0,1
C00931,2026-05-01,3,0,1
C00931,2026-06-01,0,2,0
C00932,2025-11-01,0,0,0
C00932,2025-12-01,10,0,1
C00932,2026-01-01,6,0,1
C00932,2026-02-01,8,0,1
C00932,2026-03-01,4,0,1
C00932,2026-04-01,2,1,0
C00932,2026-05-01,10,2,1
C00932,2026-06-01,13,0,1
C00933,2026-05-01,7,0,1
C00933,2026-06-01,6,0,1
C00934,2025-09-01,8,0,1
C00934,2025-10-01,7,0,1
C00934,2025-11-01,0,0,0
C00934,2025-12-01,1,0,0
C00934,2026-01-01,1,0,0
C00934,2026-02-01,2,0,0
C00934,2026-03-01,10,1,1
C00934,2026-04-01,7,0,1
C00934,2026-05-01,7,2,1
C00934,2026-06-01,0,0,0
C00935,2026-04-01,1,0,0
C00935,2026-05-01,10,1,1
C00935,2026-06-01,12,0,1
C00936,2026-02-01,9,0,1
C00936,2026-03-01,0,0,0
C00936,2026-04-01,2,0,0
C00936,2026-05-01,1,0,0
C00936,2026-06-01,14,2,1
C00937,2026-02-01,9,1,1
C00937,2026-03-01,5,1,1
C00937,2026-04-01,6,0,1
C00937,2026-05-01,5,1,1
C00937,2026-06-01,8,0,1
C00938,2025-02-01,7,0,1
C00938,2025-03-01,13,0,1
C00938,2025-04-01,8,0,1
C00938,2025-05-01,11,1,1
C00938,2025-06-01,7,0,1
C00938,2025-07-01,2,0,0
C00938,2025-08-01,4,0,1
C00938,2025-09-01,6,1,1
C00938,2025-10-01,1,3,0
C00938,2025-11-01,5,1,1
C00938,2025-12-01,1,0,0
C00938,2026-01-01,0,0,0
C00938,2026-02-01,1,0,0
C00938,2026-03-01,3,0,0
C00938,2026-04-01,0,0,0
C00938,2026-05-01,7,1,1
C00938,2026-06-01,1,0,0
C00939,2026-01-01,5,0,1
C00939,2026-02-01,4,3,1
C00939,2026-03-01,1,0,0
C00939,2026-04-01,5,2,1
C00939,2026-05-01,6,0,1
C00939,2026-06-01,5,1,1
C00940,2026-05-01,7,0,1
C00940,2026-06-01,2,1,1
C00941,2026-04-01,2,0,0
C00941,2026-05-01,10,0,1
C00941,2026-06-01,0,0,0
C00942,2025-06-01,5,0,1
C00942,2025-07-01,1,0,0
C00942,2025-08-01,1,0,0
C00942,2025-09-01,6,1,1
C00942,2025-10-01,9,0,1
C00942,2025-11-01,5,0,1
C00942,2025-12-01,7,0,1
C00942,2026-01-01,1,0,0
C00942,2026-02-01,1,0,0
C00942,2026-03-01,7,0,1
C00942,2026-04-01,2,0,0
C00942,2026-05-01,6,0,1
C00942,2026-06-01,5,2,1
C00943,2025-07-01,3,1,1
C00943,2025-08-01,0,0,0
C00943,2025-09-01,7,0,1
C00943,2025-10-01,4,1,1
C00943,2025-11-01,1,0,0
C00943,2025-12-01,0,0,0
C00943,2026-01-01,0,0,0
C00943,2026-02-01,8,0,1
C00943,2026-03-01,10,0,1
C00943,2026-04-01,9,0,1
C00943,2026-05-01,2,1,0
C00943,2026-06-01,1,0,0
C00944,2026-03-01,5,0,1
C00944,2026-04-01,5,0,1
C00944,2026-05-01,0,2,0
C00944,2026-06-01,0,0,0
C00945,2026-02-01,2,1,1
C00945,2026-03-01,2,1,1
C00945,2026-04-01,0,2,0
C00945,2026-05-01,7,0,1
C00945,2026-06-01,5,1,1
C00946,2025-08-01,8,0,1
C00946,2025-09-01,4,0,1
C00946,2025-10-01,10,0,1
C00946,2025-11-01,2,1,0
C00946,2025-12-01,1,0,0
C00946,2026-01-01,1,0,0
C00946,2026-02-01,5,1,1
C00946,2026-03-01,7,0,1
C00946,2026-04-01,6,1,1
C00946,2026-05-01,4,0,1
C00946,2026-06-01,8,0,1
C00947,2025-05-01,3,0,1
C00947,2025-06-01,2,0,0
C00947,2025-07-01,12,1,1
C00947,2025-08-01,5,0,1
C00947,2025-09-01,14,0,1
C00947,2025-10-01,7,1,1
C00947,2025-11-01,2,0,0
C00947,2025-12-01,6,1,1
C00947,2026-01-01,7,1,1
C00947,2026-02-01,3,0,1
C00947,2026-03-01,8,0,1
C00947,2026-04-01,9,1,1
C00947,2026-05-01,4,0,1
C00947,2026-06-01,10,1,1
C00948,2026-02-01,8,0,1
C00948,2026-03-01,6,1,1
C00948,2026-04-01,0,0,0
C00948,2026-05-01,9,2,1
C00948,2026-06-01,6,0,1
C00949,2025-09-01,6,2,1
C00949,2025-10-01,6,1,1
C00949,2025-11-01,7,1,1
C00949,2025-12-01,4,0,1
C00949,2026-01-01,7,1,1
C00949,2026-02-01,0,0,0
C00949,2026-03-01,1,0,0
C00949,2026-04-01,0,0,0
C00949,2026-05-01,3,0,1
C00949,2026-06-01,4,0,1
C00950,2025-04-01,6,0,1
C00950,2025-05-01,5,2,1
C00950,2025-06-01,3,0,1
C00950,2025-07-01,7,0,1
C00950,2025-08-01,5,0,1
C00950,2025-09-01,11,0,1
C00950,2025-10-01,1,1,0
C00950,2025-11-01,1,0,0
C00950,2025-12-01,7,0,1
C00950,2026-01-01,6,1,1
C00950,2026-02-01,10,0,1
C00950,2026-03-01,1,1,0
C00950,2026-04-01,0,1,0
C00950,2026-05-01,7,0,1
C00950,2026-06-01,7,0,1
C00951,2025-04-01,0,0,0
C00951,2025-05-01,7,1,1
C00951,2025-06-01,0,0,0
C00951,2025-07-01,5,0,1
C00951,2025-08-01,7,0,1
C00951,2025-09-01,2,0,1
C00951,2025-10-01,6,1,1
C00951,2025-11-01,4,0,1
C00951,2025-12-01,10,0,1
C00951,2026-01-01,6,0,1
C00951,2026-02-01,8,1,1
C00951,2026-03-01,7,0,1
C00951,2026-04-01,8,3,1
C00951,2026-05-01,8,0,1
C00951,2026-06-01,3,0,0
C00952,2025-02-01,11,0,1
C00952,2025-03-01,8,1,1
C00952,2025-04-01,5,0,1
C00952,2025-05-01,10,0,1
C00952,2025-06-01,2,0,0
C00952,2025-07-01,10,0,1
C00952,2025-08-01,6,0,1
C00952,2025-09-01,0,1,0
C00952,2025-10-01,7,1,1
C00952,2025-11-01,8,0,1
C00952,2025-12-01,0,0,0
C00952,2026-01-01,0,0,0
C00952,2026-02-01,1,1,0
C00952,2026-03-01,5,0,1
C00952,2026-04-01,8,1,1
C00952,2026-05-01,0,0,0
C00952,2026-06-01,5,0,1
C00953,2025-08-01,1,1,0
C00953,2025-09-01,0,0,0
C00953,2025-10-01,12,2,1
C00953,2025-11-01,1,0,0
C00953,2025-12-01,1,2,0
C00953,2026-01-01,3,0,1
C00953,2026-02-01,12,1,1
C00953,2026-03-01,5,0,1
C00953,2026-04-01,0,0,0
C00953,2026-05-01,0,1,0
C00953,2026-06-01,9,0,1
C00954,2025-03-01,0,0,0
C00954,2025-04-01,6,0,1
C00954,2025-05-01,8,1,1
C00954,2025-06-01,9,0,1
C00954,2025-07-01,0,0,0
C00954,2025-08-01,1,1,0
C00954,2025-09-01,0,0,0
C00954,2025-10-01,2,0,1
C00954,2025-11-01,0,1,0
C00954,2025-12-01,3,0,1
C00954,2026-01-01,9,1,1
C00954,2026-02-01,0,1,0
C00954,2026-03-01,6,0,1
C00954,2026-04-01,13,0,1
C00954,2026-05-01,0,1,0
C00954,2026-06-01,0,0,0
C00955,2025-10-01,2,0,0
C00955,2025-11-01,1,0,0
C00955,2025-12-01,3,0,0
C00955,2026-01-01,10,0,1
C00955,2026-02-01,4,0,1
C00955,2026-03-01,0,0,0
C00955,2026-04-01,2,0,0
C00955,2026-05-01,1,0,0
C00955,2026-06-01,1,0,0
C00956,2025-06-01,10,0,1
C00956,2025-07-01,9,0,1
C00956,2025-08-01,0,0,0
C00956,2025-09-01,7,0,1
C00956,2025-10-01,2,0,0
C00956,2025-11-01,5,0,1
C00956,2025-12-01,7,0,1
C00956,2026-01-01,2,0,0
C00956,2026-02-01,12,0,1
C00956,2026-03-01,7,0,1
C00956,2026-04-01,4,1,1
C00956,2026-05-01,1,0,0
C00956,2026-06-01,12,0,1
C00957,2025-04-01,8,0,1
C00957,2025-05-01,4,1,1
C00957,2025-06-01,6,0,1
C00957,2025-07-01,10,1,1
C00957,2025-08-01,6,1,1
C00957,2025-09-01,8,0,1
C00957,2025-10-01,4,2,1
C00957,2025-11-01,8,1,1
C00957,2025-12-01,3,1,0
C00957,2026-01-01,8,1,1
C00957,2026-02-01,3,1,0
C00957,2026-03-01,3,1,1
C00957,2026-04-01,11,0,1
C00957,2026-05-01,9,0,1
C00957,2026-06-01,5,1,1
C00958,2025-03-01,5,0,1
C00958,2025-04-01,1,1,0
C00958,2025-05-01,0,0,0
C00958,2025-06-01,10,0,1
C00958,2025-07-01,10,1,1
C00958,2025-08-01,0,1,0
C00958,2025-09-01,8,0,1
C00958,2025-10-01,3,1,1
C00958,2025-11-01,10,0,1
C00958,2025-12-01,1,1,0
C00958,2026-01-01,7,1,1
C00958,2026-02-01,6,0,1
C00958,2026-03-01,4,1,1
C00958,2026-04-01,0,1,0
C00958,2026-05-01,11,0,1
C00958,2026-06-01,3,0,0
C00959,2025-08-01,6,0,1
C00959,2025-09-01,3,0,1
C00959,2025-10-01,7,3,1
C00959,2025-11-01,0,0,0
C00959,2025-12-01,4,0,0
C00959,2026-01-01,6,0,1
C00959,2026-02-01,3,0,0
C00959,2026-03-01,7,0,1
C00959,2026-04-01,2,1,0
C00959,2026-05-01,8,0,1
C00959,2026-06-01,2,0,0
C00960,2025-04-01,1,0,0
C00960,2025-05-01,9,2,1
C00960,2025-06-01,4,0,0
C00960,2025-07-01,4,1,1
C00960,2025-08-01,8,1,1
C00960,2025-09-01,6,0,1
C00960,2025-10-01,2,0,0
C00960,2025-11-01,3,0,1
C00960,2025-12-01,2,0,0
C00960,2026-01-01,9,0,1
C00960,2026-02-01,6,1,1
C00960,2026-03-01,2,1,0
C00960,2026-04-01,1,0,0
C00960,2026-05-01,1,0,0
C00960,2026-06-01,6,0,1
C00961,2026-05-01,8,0,1
C00961,2026-06-01,8,0,1
C00962,2025-12-01,1,1,0
C00962,2026-01-01,9,1,1
C00962,2026-02-01,1,0,0
C00962,2026-03-01,1,0,0
C00962,2026-04-01,8,0,1
C00962,2026-05-01,11,0,1
C00962,2026-06-01,1,0,0
C00963,2026-04-01,1,0,0
C00963,2026-05-01,2,0,0
C00963,2026-06-01,0,0,0
C00964,2025-11-01,11,0,1
C00964,2025-12-01,2,0,0
C00964,2026-01-01,9,1,1
C00964,2026-02-01,10,0,1
C00964,2026-03-01,2,0,0
C00964,2026-04-01,1,0,0
C00964,2026-05-01,5,1,1
C00964,2026-06-01,4,0,1
C00965,2025-07-01,0,0,0
C00965,2025-08-01,4,0,1
C00965,2025-09-01,6,2,1
C00965,2025-10-01,2,0,0
C00965,2025-11-01,6,0,1
C00965,2025-12-01,0,0,0
C00965,2026-01-01,10,1,1
C00965,2026-02-01,4,0,1
C00965,2026-03-01,6,0,1
C00965,2026-04-01,2,0,0
C00965,2026-05-01,4,1,1
C00965,2026-06-01,3,1,0
C00966,2025-07-01,7,0,1
C00966,2025-08-01,3,0,1
C00966,2025-09-01,9,0,1
C00966,2025-10-01,5,1,1
C00966,2025-11-01,7,0,1
C00966,2025-12-01,9,0,1
C00966,2026-01-01,10,0,1
C00966,2026-02-01,1,0,0
C00966,2026-03-01,2,0,0
C00966,2026-04-01,7,0,1
C00966,2026-05-01,0,0,0
C00966,2026-06-01,6,0,1
C00967,2025-04-01,7,0,1
C00967,2025-05-01,4,1,1
C00967,2025-06-01,8,0,1
C00967,2025-07-01,9,2,1
C00967,2025-08-01,6,0,1
C00967,2025-09-01,0,0,0
C00967,2025-10-01,1,0,0
C00967,2025-11-01,6,0,1
C00967,2025-12-01,0,0,0
C00967,2026-01-01,1,0,0
C00967,2026-02-01,11,1,1
C00967,2026-03-01,9,0,1
C00967,2026-04-01,1,1,0
C00967,2026-05-01,3,0,0
C00967,2026-06-01,7,0,1
C00968,2025-06-01,9,0,1
C00968,2025-07-01,4,2,1
C00968,2025-08-01,1,0,0
C00968,2025-09-01,7,1,1
C00968,2025-10-01,1,0,0
C00968,2025-11-01,8,0,1
C00968,2025-12-01,9,2,1
C00968,2026-01-01,2,0,0
C00968,2026-02-01,9,3,1
C00968,2026-03-01,4,0,1
C00968,2026-04-01,6,1,1
C00968,2026-05-01,1,0,0
C00968,2026-06-01,8,0,1
C00969,2026-05-01,6,1,1
C00969,2026-06-01,4,0,1
C00970,2025-12-01,2,1,1
C00970,2026-01-01,0,0,0
C00970,2026-02-01,0,0,0
C00970,2026-03-01,9,0,1
C00970,2026-04-01,2,1,0
C00970,2026-05-01,0,0,0
C00970,2026-06-01,1,1,0
C00971,2025-07-01,7,1,1
C00971,2025-08-01,4,1,1
C00971,2025-09-01,8,1,1
C00971,2025-10-01,8,0,1
C00971,2025-11-01,9,0,1
C00971,2025-12-01,7,0,1
C00971,2026-01-01,9,0,1
C00971,2026-02-01,12,1,1
C00971,2026-03-01,0,0,0
C00971,2026-04-01,5,1,1
C00971,2026-05-01,13,0,1
C00971,2026-06-01,12,0,1
C00972,2025-06-01,6,1,1
C00972,2025-07-01,10,0,1
C00972,2025-08-01,8,0,1
C00972,2025-09-01,6,0,1
C00972,2025-10-01,1,1,0
C00972,2025-11-01,7,0,1
C00972,2025-12-01,1,0,0
C00972,2026-01-01,7,0,1
C00972,2026-02-01,1,0,0
C00972,2026-03-01,9,0,1
C00972,2026-04-01,8,1,1
C00972,2026-05-01,2,1,0
C00972,2026-06-01,8,1,1
C00973,2025-12-01,11,0,1
C00973,2026-01-01,6,0,1
C00973,2026-02-01,7,0,1
C00973,2026-03-01,6,0,1
C00973,2026-04-01,7,0,1
C00973,2026-05-01,7,0,1
C00973,2026-06-01,10,1,1
C00974,2025-05-01,11,0,1
C00974,2025-06-01,6,0,1
C00974,2025-07-01,5,0,1
C00974,2025-08-01,9,1,1
C00974,2025-09-01,6,0,1
C00974,2025-10-01,7,1,1
C00974,2025-11-01,1,0,0
C00974,2025-12-01,8,0,1
C00974,2026-01-01,7,0,1
C00974,2026-02-01,1,0,0
C00974,2026-03-01,7,0,1
C00974,2026-04-01,6,0,1
C00974,2026-05-01,10,1,1
C00974,2026-06-01,0,1,0
C00975,2026-04-01,8,0,1
C00975,2026-05-01,7,0,1
C00975,2026-06-01,5,0,1
C00976,2025-09-01,8,0,1
C00976,2025-10-01,10,0,1
C00976,2025-11-01,5,0,1
C00976,2025-12-01,10,1,1
C00976,2026-01-01,8,1,1
C00976,2026-02-01,9,0,1
C00976,2026-03-01,1,0,0
C00976,2026-04-01,10,0,1
C00976,2026-05-01,7,1,1
C00976,2026-06-01,7,0,1
C00977,2025-03-01,7,0,1
C00977,2025-04-01,2,1,0
C00977,2025-05-01,6,1,1
C00977,2025-06-01,1,1,0
C00977,2025-07-01,6,1,1
C00977,2025-08-01,10,0,1
C00977,2025-09-01,1,1,0
C00977,2025-10-01,0,0,0
C00977,2025-11-01,3,1,0
C00977,2025-12-01,1,0,0
C00977,2026-01-01,11,1,1
C00977,2026-02-01,5,0,1
C00977,2026-03-01,0,0,0
C00977,2026-04-01,4,0,1
C00977,2026-05-01,12,0,1
C00977,2026-06-01,0,0,0
C00978,2026-04-01,6,0,1
C00978,2026-05-01,7,0,1
C00978,2026-06-01,2,0,1
C00979,2025-11-01,6,1,1
C00979,2025-12-01,4,1,1
C00979,2026-01-01,10,0,1
C00979,2026-02-01,0,1,0
C00979,2026-03-01,8,1,1
C00979,2026-04-01,0,0,0
C00979,2026-05-01,8,1,1
C00979,2026-06-01,5,0,1
C00980,2026-02-01,1,0,0
C00980,2026-03-01,5,0,1
C00980,2026-04-01,7,0,1
C00980,2026-05-01,6,0,1
C00980,2026-06-01,1,1,0
C00981,2025-05-01,8,1,1
C00981,2025-06-01,1,0,0
C00981,2025-07-01,1,0,0
C00981,2025-08-01,8,0,1
C00981,2025-09-01,6,0,1
C00981,2025-10-01,11,0,1
C00981,2025-11-01,6,1,1
C00981,2025-12-01,8,0,1
C00981,2026-01-01,4,0,1
C00981,2026-02-01,3,2,1
C00981,2026-03-01,9,1,1
C00981,2026-04-01,0,0,0
C00981,2026-05-01,2,0,0
C00981,2026-06-01,11,0,1
C00982,2025-10-01,4,0,1
C00982,2025-11-01,1,0,0
C00982,2025-12-01,12,1,1
C00982,2026-01-01,0,1,0
C00982,2026-02-01,5,1,1
C00982,2026-03-01,8,0,1
C00982,2026-04-01,6,1,1
C00982,2026-05-01,6,0,1
C00982,2026-06-01,1,0,0
C00983,2025-05-01,12,0,1
C00983,2025-06-01,5,0,1
C00983,2025-07-01,13,1,1
C00983,2025-08-01,4,1,1
C00983,2025-09-01,6,1,1
C00983,2025-10-01,2,0,0
C00983,2025-11-01,1,0,0
C00983,2025-12-01,8,1,1
C00983,2026-01-01,2,1,0
C00983,2026-02-01,2,0,1
C00983,2026-03-01,2,0,0
C00983,2026-04-01,11,0,1
C00983,2026-05-01,6,0,1
C00983,2026-06-01,11,1,1
C00984,2025-10-01,0,0,0
C00984,2025-11-01,7,0,1
C00984,2025-12-01,6,0,1
C00984,2026-01-01,9,2,1
C00984,2026-02-01,7,1,1
C00984,2026-03-01,10,0,1
C00984,2026-04-01,7,2,1
C00984,2026-05-01,6,0,1
C00984,2026-06-01,3,1,1
C00985,2025-12-01,7,1,1
C00985,2026-01-01,0,1,0
C00985,2026-02-01,11,2,1
C00985,2026-03-01,0,0,0
C00985,2026-04-01,4,0,1
C00985,2026-05-01,1,0,0
C00985,2026-06-01,0,0,0
C00986,2026-02-01,1,0,0
C00986,2026-03-01,9,0,1
C00986,2026-04-01,0,0,0
C00986,2026-05-01,2,3,1
C00986,2026-06-01,5,0,1
C00987,2025-04-01,4,0,1
C00987,2025-05-01,6,0,1
C00987,2025-06-01,1,0,1
C00987,2025-07-01,6,0,1
C00987,2025-08-01,9,0,1
C00987,2025-09-01,0,0,0
C00987,2025-10-01,1,0,0
C00987,2025-11-01,7,0,1
C00987,2025-12-01,11,0,1
C00987,2026-01-01,1,0,0
C00987,2026-02-01,0,0,0
C00987,2026-03-01,2,0,0
C00987,2026-04-01,4,0,1
C00987,2026-05-01,6,0,1
C00987,2026-06-01,3,1,0
C00988,2026-04-01,2,0,0
C00988,2026-05-01,0,2,0
C00988,2026-06-01,9,0,1
C00989,2025-09-01,1,0,0
C00989,2025-10-01,8,0,1
C00989,2025-11-01,2,0,1
C00989,2025-12-01,8,0,1
C00989,2026-01-01,4,0,1
C00989,2026-02-01,9,0,1
C00989,2026-03-01,7,1,1
C00989,2026-04-01,1,0,0
C00989,2026-05-01,2,0,0
C00989,2026-06-01,0,0,0
C00990,2025-02-01,10,0,1
C00990,2025-03-01,0,1,0
C00990,2025-04-01,8,3,1
C00990,2025-05-01,13,1,1
C00990,2025-06-01,7,0,1
C00990,2025-07-01,9,2,1
C00990,2025-08-01,2,1,1
C00990,2025-09-01,13,0,1
C00990,2025-10-01,2,0,0
C00990,2025-11-01,9,0,1
C00990,2025-12-01,6,2,1
C00990,2026-01-01,4,2,1
C00990,2026-02-01,0,0,0
C00990,2026-03-01,2,0,1
C00990,2026-04-01,1,0,0
C00990,2026-05-01,4,0,1
C00990,2026-06-01,3,0,0
C00991,2025-05-01,4,0,1
C00991,2025-06-01,2,1,1
C00991,2025-07-01,0,0,0
C00991,2025-08-01,6,0,1
C00991,2025-09-01,1,1,0
C00991,2025-10-01,8,1,1
C00991,2025-11-01,14,0,1
C00991,2025-12-01,9,0,1
C00991,2026-01-01,2,1,0
C00991,2026-02-01,13,2,1
C00991,2026-03-01,1,0,0
C00991,2026-04-01,7,1,1
C00991,2026-05-01,6,0,1
C00991,2026-06-01,1,2,0
C00992,2025-06-01,1,1,0
C00992,2025-07-01,6,0,1
C00992,2025-08-01,12,1,1
C00992,2025-09-01,6,0,1
C00992,2025-10-01,5,1,1
C00992,2025-11-01,10,0,1
C00992,2025-12-01,5,0,1
C00992,2026-01-01,4,1,1
C00992,2026-02-01,3,0,0
C00992,2026-03-01,1,0,0
C00992,2026-04-01,3,0,0
C00992,2026-05-01,6,1,1
C00992,2026-06-01,4,0,1
C00993,2025-04-01,10,0,1
C00993,2025-05-01,8,2,1
C00993,2025-06-01,5,0,1
C00993,2025-07-01,6,0,1
C00993,2025-08-01,7,0,1
C00993,2025-09-01,1,1,0
C00993,2025-10-01,0,0,0
C00993,2025-11-01,4,0,1
C00993,2025-12-01,5,1,1
C00993,2026-01-01,1,1,0
C00993,2026-02-01,5,0,1
C00993,2026-03-01,5,0,1
C00993,2026-04-01,2,0,1
C00993,2026-05-01,2,0,0
C00993,2026-06-01,3,0,0
C00994,2025-12-01,7,0,1
C00994,2026-01-01,8,1,1
C00994,2026-02-01,5,1,1
C00994,2026-03-01,9,1,1
C00994,2026-04-01,8,1,1
C00994,2026-05-01,0,0,0
C00994,2026-06-01,0,1,0
C00995,2025-09-01,4,0,1
C00995,2025-10-01,2,1,0
C00995,2025-11-01,3,1,1
C00995,2025-12-01,7,2,1
C00995,2026-01-01,6,1,1
C00995,2026-02-01,2,0,1
C00995,2026-03-01,2,2,0
C00995,2026-04-01,8,1,1
C00995,2026-05-01,9,2,1
C00995,2026-06-01,1,0,0
C00996,2026-05-01,1,0,0
C00996,2026-06-01,9,0,1
C00997,2026-02-01,2,0,0
C00997,2026-03-01,5,0,1
C00997,2026-04-01,9,0,1
C00997,2026-05-01,2,1,0
C00997,2026-06-01,5,0,1
C00998,2026-03-01,1,0,0
C00998,2026-04-01,6,0,1
C00998,2026-05-01,6,0,1
C00998,2026-06-01,9,0,1
C00999,2025-07-01,8,0,1
C00999,2025-08-01,9,0,1
C00999,2025-09-01,4,1,1
C00999,2025-10-01,7,0,1
C00999,2025-11-01,1,1,0
C00999,2025-12-01,4,0,1
C00999,2026-01-01,7,0,1
C00999,2026-02-01,4,0,1
C00999,2026-03-01,2,0,1
C00999,2026-04-01,10,0,1
C00999,2026-05-01,12,0,1
C00999,2026-06-01,2,0,0
C01000,2025-02-01,8,1,1
C01000,2025-03-01,1,0,0
C01000,2025-04-01,0,1,0
C01000,2025-05-01,8,2,1
C01000,2025-06-01,3,1,1
C01000,2025-07-01,2,2,0
C01000,2025-08-01,0,0,0
C01000,2025-09-01,3,1,1
C01000,2025-10-01,9,0,1
C01000,2025-11-01,2,0,0
C01000,2025-12-01,0,0,0
C01000,2026-01-01,0,0,0
C01000,2026-02-01,0,0,0
C01000,2026-03-01,0,1,0
C01000,2026-04-01,7,1,1
C01000,2026-05-01,0,0,0
C01000,2026-06-01,0,0,0
C01001,2025-07-01,7,0,1
C01001,2025-08-01,5,0,1
C01001,2025-09-01,11,1,1
C01001,2025-10-01,6,0,1
C01001,2025-11-01,6,0,1
C01001,2025-12-01,3,0,1
C01001,2026-01-01,2,1,0
C01001,2026-02-01,1,1,0
C01001,2026-03-01,7,0,1
C01001,2026-04-01,5,0,1
C01001,2026-05-01,1,0,0
C01001,2026-06-01,0,1,0
C01002,2025-02-01,2,0,0
C01002,2025-03-01,0,1,0
C01002,2025-04-01,2,0,0
C01002,2025-05-01,1,0,0
C01002,2025-06-01,0,0,0
C01002,2025-07-01,0,0,0
C01002,2025-08-01,5,1,1
C01002,2025-09-01,11,1,1
C01002,2025-10-01,0,1,0
C01002,2025-11-01,1,0,0
C01002,2025-12-01,2,1,0
C01002,2026-01-01,1,1,0
C01002,2026-02-01,5,0,1
C01002,2026-03-01,1,0,0
C01002,2026-04-01,2,0,0
C01002,2026-05-01,5,0,1
C01002,2026-06-01,0,0,0
C01003,2025-05-01,0,0,0
C01003,2025-06-01,5,0,1
C01003,2025-07-01,7,0,1
C01003,2025-08-01,0,2,0
C01003,2025-09-01,5,0,1
C01003,2025-10-01,6,0,1
C01003,2025-11-01,9,0,1
C01003,2025-12-01,0,0,0
C01003,2026-01-01,0,0,0
C01003,2026-02-01,6,1,1
C01003,2026-03-01,7,0,1
C01003,2026-04-01,3,0,1
C01003,2026-05-01,6,1,1
C01003,2026-06-01,6,0,1
C01004,2025-11-01,11,0,1
C01004,2025-12-01,3,2,1
C01004,2026-01-01,0,0,0
C01004,2026-02-01,5,0,1
C01004,2026-03-01,6,0,1
C01004,2026-04-01,2,0,1
C01004,2026-05-01,2,0,0
C01004,2026-06-01,1,1,0
C01005,2025-02-01,7,0,1
C01005,2025-03-01,0,0,0
C01005,2025-04-01,8,0,1
C01005,2025-05-01,0,0,0
C01005,2025-06-01,1,0,0
C01005,2025-07-01,15,0,1
C01005,2025-08-01,2,1,0
C01005,2025-09-01,5,0,1
C01005,2025-10-01,2,0,0
C01005,2025-11-01,8,0,1
C01005,2025-12-01,5,1,1
C01005,2026-01-01,4,2,1
C01005,2026-02-01,2,2,0
C01005,2026-03-01,11,0,1
C01005,2026-04-01,5,0,1
C01005,2026-05-01,3,0,0
C01005,2026-06-01,1,1,0
C01006,2026-04-01,1,0,0
C01006,2026-05-01,7,1,1
C01006,2026-06-01,6,0,1
C01007,2025-08-01,9,0,1
C01007,2025-09-01,0,0,0
C01007,2025-10-01,7,0,1
C01007,2025-11-01,0,0,0
C01007,2025-12-01,11,0,1
C01007,2026-01-01,7,0,1
C01007,2026-02-01,5,3,1
C01007,2026-03-01,2,1,0
C01007,2026-04-01,1,1,0
C01007,2026-05-01,6,0,1
C01007,2026-06-01,12,0,1
C01008,2025-03-01,8,0,1
C01008,2025-04-01,7,0,1
C01008,2025-05-01,10,2,1
C01008,2025-06-01,1,2,0
C01008,2025-07-01,2,0,1
C01008,2025-08-01,1,1,0
C01008,2025-09-01,1,0,0
C01008,2025-10-01,0,0,0
C01008,2025-11-01,0,0,0
C01008,2025-12-01,0,0,0
C01008,2026-01-01,3,0,1
C01008,2026-02-01,5,0,1
C01008,2026-03-01,3,0,0
C01008,2026-04-01,8,1,1
C01008,2026-05-01,5,0,1
C01008,2026-06-01,9,0,1
C01009,2025-05-01,6,2,1
C01009,2025-06-01,5,0,0
C01009,2025-07-01,6,0,1
C01009,2025-08-01,9,1,1
C01009,2025-09-01,6,0,1
C01009,2025-10-01,8,0,1
C01009,2025-11-01,10,0,1
C01009,2025-12-01,5,2,1
C01009,2026-01-01,7,0,1
C01009,2026-02-01,2,0,0
C01009,2026-03-01,0,0,0
C01009,2026-04-01,0,0,0
C01009,2026-05-01,2,0,0
C01009,2026-06-01,11,0,1
C01010,2025-02-01,10,1,1
C01010,2025-03-01,6,0,1
C01010,2025-04-01,1,0,0
C01010,2025-05-01,5,1,1
C01010,2025-06-01,6,0,1
C01010,2025-07-01,0,0,0
C01010,2025-08-01,1,1,0
C01010,2025-09-01,0,0,0
C01010,2025-10-01,6,2,1
C01010,2025-11-01,2,1,0
C01010,2025-12-01,1,0,0
C01010,2026-01-01,11,1,1
C01010,2026-02-01,2,0,0
C01010,2026-03-01,6,0,1
C01010,2026-04-01,9,0,1
C01010,2026-05-01,8,2,1
C01010,2026-06-01,1,0,0
C01011,2026-02-01,2,0,0
C01011,2026-03-01,3,0,1
C01011,2026-04-01,4,0,1
C01011,2026-05-01,1,0,0
C01011,2026-06-01,10,0,1
C01012,2026-01-01,4,1,1
C01012,2026-02-01,0,1,0
C01012,2026-03-01,8,0,1
C01012,2026-04-01,7,0,1
C01012,2026-05-01,7,1,1
C01012,2026-06-01,0,1,0
C01013,2025-08-01,13,0,1
C01013,2025-09-01,8,0,1
C01013,2025-10-01,5,0,1
C01013,2025-11-01,8,1,1
C01013,2025-12-01,1,0,0
C01013,2026-01-01,0,2,0
C01013,2026-02-01,6,1,1
C01013,2026-03-01,2,0,0
C01013,2026-04-01,6,0,1
C01013,2026-05-01,13,1,1
C01013,2026-06-01,7,0,1
C01014,2025-09-01,4,0,0
C01014,2025-10-01,3,0,1
C01014,2025-11-01,3,0,1
C01014,2025-12-01,1,0,0
C01014,2026-01-01,10,0,1
C01014,2026-02-01,8,1,1
C01014,2026-03-01,0,0,0
C01014,2026-04-01,5,0,1
C01014,2026-05-01,8,0,1
C01014,2026-06-01,0,0,0
C01015,2026-02-01,6,0,1
C01015,2026-03-01,8,1,1
C01015,2026-04-01,1,0,0
C01015,2026-05-01,5,0,1
C01015,2026-06-01,7,0,1
C01016,2026-04-01,12,0,1
C01016,2026-05-01,7,1,1
C01016,2026-06-01,0,2,0
C01017,2025-11-01,2,0,0
C01017,2025-12-01,9,1,1
C01017,2026-01-01,4,1,1
C01017,2026-02-01,1,0,0
C01017,2026-03-01,12,0,1
C01017,2026-04-01,2,0,1
C01017,2026-05-01,5,1,1
C01017,2026-06-01,2,0,0
C01018,2025-09-01,5,0,1
C01018,2025-10-01,8,0,1
C01018,2025-11-01,0,0,0
C01018,2025-12-01,7,1,1
C01018,2026-01-01,0,3,0
C01018,2026-02-01,5,1,1
C01018,2026-03-01,0,0,0
C01018,2026-04-01,0,2,0
C01018,2026-05-01,1,1,0
C01018,2026-06-01,1,0,0
C01019,2025-09-01,3,0,1
C01019,2025-10-01,9,0,1
C01019,2025-11-01,1,0,0
C01019,2025-12-01,1,0,0
C01019,2026-01-01,7,0,1
C01019,2026-02-01,1,0,0
C01019,2026-03-01,5,0,1
C01019,2026-04-01,6,0,1
C01019,2026-05-01,16,0,1
C01019,2026-06-01,1,2,0
C01020,2025-03-01,5,0,1
C01020,2025-04-01,6,1,1
C01020,2025-05-01,2,0,0
C01020,2025-06-01,10,0,1
C01020,2025-07-01,2,1,0
C01020,2025-08-01,3,0,1
C01020,2025-09-01,1,0,0
C01020,2025-10-01,3,0,0
C01020,2025-11-01,5,1,1
C01020,2025-12-01,4,0,1
C01020,2026-01-01,7,0,1
C01020,2026-02-01,7,1,1
C01020,2026-03-01,10,0,1
C01020,2026-04-01,3,0,0
C01020,2026-05-01,0,1,0
C01020,2026-06-01,8,0,1
C01021,2025-12-01,6,0,1
C01021,2026-01-01,7,0,1
C01021,2026-02-01,1,0,0
C01021,2026-03-01,1,0,0
C01021,2026-04-01,3,1,0
C01021,2026-05-01,4,0,1
C01021,2026-06-01,0,1,0
C01022,2025-07-01,9,1,1
C01022,2025-08-01,5,0,1
C01022,2025-09-01,5,1,1
C01022,2025-10-01,9,1,1
C01022,2025-11-01,11,0,1
C01022,2025-12-01,11,0,1
C01022,2026-01-01,8,0,1
C01022,2026-02-01,0,0,0
C01022,2026-03-01,5,1,1
C01022,2026-04-01,2,0,0
C01022,2026-05-01,8,0,1
C01022,2026-06-01,4,0,1
C01023,2025-06-01,1,1,1
C01023,2025-07-01,1,0,0
C01023,2025-08-01,7,1,1
C01023,2025-09-01,2,0,0
C01023,2025-10-01,4,0,1
C01023,2025-11-01,2,2,0
C01023,2025-12-01,2,0,0
C01023,2026-01-01,1,0,0
C01023,2026-02-01,4,0,1
C01023,2026-03-01,9,0,1
C01023,2026-04-01,2,0,0
C01023,2026-05-01,0,2,0
C01023,2026-06-01,8,0,1
C01024,2025-09-01,1,1,0
C01024,2025-10-01,8,0,1
C01024,2025-11-01,4,1,0
C01024,2025-12-01,5,1,1
C01024,2026-01-01,1,0,0
C01024,2026-02-01,2,0,0
C01024,2026-03-01,0,0,0
C01024,2026-04-01,8,1,1
C01024,2026-05-01,12,0,1
C01024,2026-06-01,9,0,1
C01025,2025-03-01,4,1,1
C01025,2025-04-01,14,0,1
C01025,2025-05-01,4,0,1
C01025,2025-06-01,13,1,1
C01025,2025-07-01,7,0,1
C01025,2025-08-01,5,0,1
C01025,2025-09-01,1,0,0
C01025,2025-10-01,0,0,0
C01025,2025-11-01,5,1,1
C01025,2025-12-01,8,0,1
C01025,2026-01-01,8,1,1
C01025,2026-02-01,7,0,1
C01025,2026-03-01,1,0,0
C01025,2026-04-01,9,1,1
C01025,2026-05-01,8,1,1
C01025,2026-06-01,6,0,1
C01026,2026-05-01,4,0,1
C01026,2026-06-01,4,0,1
C01027,2026-04-01,10,0,1
C01027,2026-05-01,9,0,1
C01027,2026-06-01,7,0,1
C01028,2025-07-01,0,0,0
C01028,2025-08-01,3,0,0
C01028,2025-09-01,1,0,0
C01028,2025-10-01,7,0,1
C01028,2025-11-01,0,0,0
C01028,2025-12-01,13,0,1
C01028,2026-01-01,14,0,1
C01028,2026-02-01,1,0,0
C01028,2026-03-01,7,1,1
C01028,2026-04-01,8,0,1
C01028,2026-05-01,2,2,0
C01028,2026-06-01,2,0,0
C01029,2025-05-01,8,0,1
C01029,2025-06-01,7,0,1
C01029,2025-07-01,11,0,1
C01029,2025-08-01,8,1,1
C01029,2025-09-01,4,1,0
C01029,2025-10-01,2,0,0
C01029,2025-11-01,8,0,1
C01029,2025-12-01,4,0,1
C01029,2026-01-01,1,1,0
C01029,2026-02-01,3,2,0
C01029,2026-03-01,0,0,0
C01029,2026-04-01,6,0,1
C01029,2026-05-01,2,0,0
C01029,2026-06-01,1,0,0
C01030,2026-01-01,7,0,1
C01030,2026-02-01,11,0,1
C01030,2026-03-01,7,0,1
C01030,2026-04-01,0,0,0
C01030,2026-05-01,6,0,1
C01030,2026-06-01,8,0,1
C01031,2026-05-01,6,2,1
C01031,2026-06-01,9,0,1
C01032,2025-08-01,1,0,0
C01032,2025-09-01,7,0,1
C01032,2025-10-01,0,0,0
C01032,2025-11-01,3,0,1
C01032,2025-12-01,4,1,1
C01032,2026-01-01,0,0,0
C01032,2026-02-01,7,0,1
C01032,2026-03-01,0,2,0
C01032,2026-04-01,5,0,1
C01032,2026-05-01,10,2,1
C01032,2026-06-01,4,0,1
C01033,2026-04-01,4,1,1
C01033,2026-05-01,6,0,1
C01033,2026-06-01,7,1,1
C01034,2026-02-01,6,0,1
C01034,2026-03-01,5,0,1
C01034,2026-04-01,7,0,1
C01034,2026-05-01,0,0,0
C01034,2026-06-01,2,2,0
C01035,2026-05-01,7,0,1
C01035,2026-06-01,12,0,1
C01036,2025-08-01,11,1,1
C01036,2025-09-01,0,0,0
C01036,2025-10-01,12,0,1
C01036,2025-11-01,6,0,1
C01036,2025-12-01,2,0,1
C01036,2026-01-01,9,2,1
C01036,2026-02-01,2,0,1
C01036,2026-03-01,2,0,0
C01036,2026-04-01,0,1,0
C01036,2026-05-01,7,0,1
C01036,2026-06-01,15,1,1
C01037,2026-02-01,8,0,1
C01037,2026-03-01,0,1,0
C01037,2026-04-01,7,1,1
C01037,2026-05-01,1,2,0
C01037,2026-06-01,6,0,1
C01038,2026-02-01,7,0,1
C01038,2026-03-01,3,1,0
C01038,2026-04-01,1,0,0
C01038,2026-05-01,4,0,1
C01038,2026-06-01,1,0,0
C01039,2026-05-01,1,0,0
C01039,2026-06-01,1,0,0
C01040,2025-04-01,8,0,1
C01040,2025-05-01,7,0,1
C01040,2025-06-01,6,0,1
C01040,2025-07-01,1,0,0
C01040,2025-08-01,2,0,1
C01040,2025-09-01,7,0,1
C01040,2025-10-01,1,1,0
C01040,2025-11-01,1,0,0
C01040,2025-12-01,0,0,0
C01040,2026-01-01,10,0,1
C01040,2026-02-01,5,2,1
C01040,2026-03-01,2,0,0
C01040,2026-04-01,7,2,1
C01040,2026-05-01,2,0,0
C01040,2026-06-01,8,0,1
C01041,2025-08-01,8,0,1
C01041,2025-09-01,0,0,0
C01041,2025-10-01,8,2,1
C01041,2025-11-01,0,0,0
C01041,2025-12-01,6,0,1
C01041,2026-01-01,2,0,0
C01041,2026-02-01,1,1,0
C01041,2026-03-01,4,1,1
C01041,2026-04-01,6,0,1
C01041,2026-05-01,0,0,0
C01041,2026-06-01,7,1,1
C01042,2026-01-01,8,0,1
C01042,2026-02-01,15,0,1
C01042,2026-03-01,0,0,0
C01042,2026-04-01,0,1,0
C01042,2026-05-01,2,0,0
C01042,2026-06-01,8,2,1
C01043,2025-12-01,1,2,0
C01043,2026-01-01,5,2,1
C01043,2026-02-01,10,1,1
C01043,2026-03-01,5,0,1
C01043,2026-04-01,4,1,1
C01043,2026-05-01,1,1,0
C01043,2026-06-01,0,0,0
C01044,2025-11-01,9,0,1
C01044,2025-12-01,13,1,1
C01044,2026-01-01,1,1,0
C01044,2026-02-01,9,0,1
C01044,2026-03-01,8,1,1
C01044,2026-04-01,7,0,1
C01044,2026-05-01,1,0,0
C01044,2026-06-01,6,1,1
C01045,2025-08-01,6,0,1
C01045,2025-09-01,0,0,0
C01045,2025-10-01,2,0,0
C01045,2025-11-01,1,1,0
C01045,2025-12-01,5,0,1
C01045,2026-01-01,1,0,0
C01045,2026-02-01,0,0,0
C01045,2026-03-01,6,0,1
C01045,2026-04-01,3,0,1
C01045,2026-05-01,3,0,1
C01045,2026-06-01,11,0,1
C01046,2026-02-01,0,0,0
C01046,2026-03-01,6,0,1
C01046,2026-04-01,5,0,1
C01046,2026-05-01,4,1,1
C01046,2026-06-01,7,0,1
C01047,2025-05-01,9,0,1
C01047,2025-06-01,1,0,0
C01047,2025-07-01,5,1,1
C01047,2025-08-01,3,0,0
C01047,2025-09-01,7,1,1
C01047,2025-10-01,9,1,1
C01047,2025-11-01,1,0,0
C01047,2025-12-01,6,0,1
C01047,2026-01-01,11,0,1
C01047,2026-02-01,0,1,0
C01047,2026-03-01,13,1,1
C01047,2026-04-01,1,1,0
C01047,2026-05-01,11,0,1
C01047,2026-06-01,9,0,1
C01048,2025-08-01,4,1,1
C01048,2025-09-01,2,0,1
C01048,2025-10-01,7,0,1
C01048,2025-11-01,0,1,0
C01048,2025-12-01,9,0,1
C01048,2026-01-01,1,0,0
C01048,2026-02-01,1,0,0
C01048,2026-03-01,6,1,1
C01048,2026-04-01,9,1,1
C01048,2026-05-01,2,0,0
C01048,2026-06-01,10,1,1
C01049,2025-03-01,0,0,0
C01049,2025-04-01,4,0,1
C01049,2025-05-01,2,0,0
C01049,2025-06-01,6,0,1
C01049,2025-07-01,10,1,1
C01049,2025-08-01,12,0,1
C01049,2025-09-01,3,0,0
C01049,2025-10-01,6,0,1
C01049,2025-11-01,8,1,1
C01049,2025-12-01,9,0,1
C01049,2026-01-01,0,0,0
C01049,2026-02-01,4,0,1
C01049,2026-03-01,6,0,1
C01049,2026-04-01,0,1,0
C01049,2026-05-01,5,1,1
C01049,2026-06-01,3,0,0
C01050,2025-03-01,2,1,0
C01050,2025-04-01,9,0,1
C01050,2025-05-01,3,0,1
C01050,2025-06-01,0,1,0
C01050,2025-07-01,7,0,1
C01050,2025-08-01,1,1,0
C01050,2025-09-01,0,1,0
C01050,2025-10-01,7,0,1
C01050,2025-11-01,8,1,1
C01050,2025-12-01,7,0,1
C01050,2026-01-01,6,0,1
C01050,2026-02-01,3,0,0
C01050,2026-03-01,12,0,1
C01050,2026-04-01,6,0,1
C01050,2026-05-01,4,0,1
C01050,2026-06-01,2,0,0
C01051,2025-12-01,6,1,1
C01051,2026-01-01,0,0,0
C01051,2026-02-01,4,1,1
C01051,2026-03-01,5,0,1
C01051,2026-04-01,2,1,0
C01051,2026-05-01,7,1,1
C01051,2026-06-01,7,0,1
C01052,2025-11-01,0,0,0
C01052,2025-12-01,5,1,1
C01052,2026-01-01,0,0,0
C01052,2026-02-01,1,0,0
C01052,2026-03-01,7,0,1
C01052,2026-04-01,0,1,0
C01052,2026-05-01,4,0,1
C01052,2026-06-01,9,0,1
C01053,2025-12-01,6,0,1
C01053,2026-01-01,3,0,0
C01053,2026-02-01,6,0,1
C01053,2026-03-01,5,0,1
C01053,2026-04-01,8,0,1
C01053,2026-05-01,5,0,1
C01053,2026-06-01,7,1,1
C01054,2025-02-01,12,0,1
C01054,2025-03-01,7,1,1
C01054,2025-04-01,1,0,0
C01054,2025-05-01,4,0,1
C01054,2025-06-01,8,1,1
C01054,2025-07-01,6,0,1
C01054,2025-08-01,9,0,1
C01054,2025-09-01,3,0,1
C01054,2025-10-01,5,1,1
C01054,2025-11-01,3,1,1
C01054,2025-12-01,4,1,0
C01054,2026-01-01,8,0,1
C01054,2026-02-01,7,0,1
C01054,2026-03-01,11,0,1
C01054,2026-04-01,11,1,1
C01054,2026-05-01,4,1,1
C01054,2026-06-01,7,2,1
C01055,2025-11-01,0,0,0
C01055,2025-12-01,2,0,0
C01055,2026-01-01,1,0,0
C01055,2026-02-01,2,1,0
C01055,2026-03-01,9,1,1
C01055,2026-04-01,1,0,0
C01055,2026-05-01,6,0,1
C01055,2026-06-01,5,0,1
C01056,2026-04-01,5,0,1
C01056,2026-05-01,8,0,1
C01056,2026-06-01,1,0,0
C01057,2025-10-01,7,0,1
C01057,2025-11-01,0,0,0
C01057,2025-12-01,1,0,0
C01057,2026-01-01,1,1,0
C01057,2026-02-01,0,0,0
C01057,2026-03-01,6,0,1
C01057,2026-04-01,3,1,0
C01057,2026-05-01,1,0,0
C01057,2026-06-01,8,2,1
C01058,2025-04-01,10,0,1
C01058,2025-05-01,6,0,1
C01058,2025-06-01,0,0,0
C01058,2025-07-01,5,0,1
C01058,2025-08-01,1,0,0
C01058,2025-09-01,8,0,1
C01058,2025-10-01,3,0,0
C01058,2025-11-01,4,3,0
C01058,2025-12-01,1,0,0
C01058,2026-01-01,9,0,1
C01058,2026-02-01,9,1,1
C01058,2026-03-01,1,1,0
C01058,2026-04-01,2,1,0
C01058,2026-05-01,3,0,0
C01058,2026-06-01,5,2,1
C01059,2025-04-01,5,1,1
C01059,2025-05-01,7,0,1
C01059,2025-06-01,15,0,1
C01059,2025-07-01,5,1,1
C01059,2025-08-01,1,1,0
C01059,2025-09-01,11,0,1
C01059,2025-10-01,1,1,0
C01059,2025-11-01,11,0,1
C01059,2025-12-01,2,1,0
C01059,2026-01-01,9,0,1
C01059,2026-02-01,1,0,0
C01059,2026-03-01,8,0,1
C01059,2026-04-01,1,0,0
C01059,2026-05-01,8,0,1
C01059,2026-06-01,1,1,0
C01060,2025-05-01,9,0,1
C01060,2025-06-01,1,1,0
C01060,2025-07-01,5,0,1
C01060,2025-08-01,4,0,1
C01060,2025-09-01,9,0,1
C01060,2025-10-01,6,1,1
C01060,2025-11-01,6,0,1
C01060,2025-12-01,6,0,1
C01060,2026-01-01,1,2,0
C01060,2026-02-01,7,1,1
C01060,2026-03-01,1,0,0
C01060,2026-04-01,8,0,1
C01060,2026-05-01,5,0,1
C01060,2026-06-01,0,1,0
C01061,2025-02-01,7,1,1
C01061,2025-03-01,1,1,0
C01061,2025-04-01,5,0,1
C01061,2025-05-01,4,0,1
C01061,2025-06-01,7,0,1
C01061,2025-07-01,8,0,1
C01061,2025-08-01,5,0,1
C01061,2025-09-01,1,1,0
C01061,2025-10-01,2,0,0
C01061,2025-11-01,3,1,0
C01061,2025-12-01,9,1,1
C01061,2026-01-01,2,0,0
C01061,2026-02-01,1,0,0
C01061,2026-03-01,12,1,1
C01061,2026-04-01,0,0,0
C01061,2026-05-01,0,0,0
C01061,2026-06-01,5,0,1
C01062,2025-02-01,3,1,1
C01062,2025-03-01,5,0,1
C01062,2025-04-01,8,0,1
C01062,2025-05-01,10,0,1
C01062,2025-06-01,6,1,1
C01062,2025-07-01,7,2,1
C01062,2025-08-01,10,1,1
C01062,2025-09-01,0,0,0
C01062,2025-10-01,6,0,1
C01062,2025-11-01,2,0,1
C01062,2025-12-01,10,0,1
C01062,2026-01-01,3,0,0
C01062,2026-02-01,1,0,0
C01062,2026-03-01,2,0,0
C01062,2026-04-01,11,2,1
C01062,2026-05-01,1,0,0
C01062,2026-06-01,5,1,1
C01063,2025-12-01,3,1,1
C01063,2026-01-01,6,0,1
C01063,2026-02-01,1,1,0
C01063,2026-03-01,7,0,1
C01063,2026-04-01,6,0,1
C01063,2026-05-01,6,0,1
C01063,2026-06-01,7,0,1
C01064,2026-03-01,6,0,1
C01064,2026-04-01,1,2,0
C01064,2026-05-01,8,0,1
C01064,2026-06-01,7,0,1
C01065,2026-05-01,0,1,0
C01065,2026-06-01,11,0,1
C01066,2026-02-01,3,0,0
C01066,2026-03-01,8,0,1
C01066,2026-04-01,6,1,1
C01066,2026-05-01,5,1,1
C01066,2026-06-01,1,0,0
C01067,2025-10-01,6,0,1
C01067,2025-11-01,4,0,1
C01067,2025-12-01,10,0,1
C01067,2026-01-01,2,0,0
C01067,2026-02-01,10,0,1
C01067,2026-03-01,5,1,1
C01067,2026-04-01,5,0,1
C01067,2026-05-01,5,0,1
C01067,2026-06-01,1,0,0
C01068,2025-10-01,11,0,1
C01068,2025-11-01,5,1,1
C01068,2025-12-01,7,0,1
C01068,2026-01-01,9,1,1
C01068,2026-02-01,1,0,0
C01068,2026-03-01,5,0,1
C01068,2026-04-01,2,0,0
C01068,2026-05-01,0,0,0
C01068,2026-06-01,0,0,0
C01069,2026-04-01,2,0,0
C01069,2026-05-01,0,0,0
C01069,2026-06-01,5,1,1
C01070,2025-04-01,1,1,0
C01070,2025-05-01,7,1,1
C01070,2025-06-01,0,0,0
C01070,2025-07-01,7,0,1
C01070,2025-08-01,4,0,1
C01070,2025-09-01,0,0,0
C01070,2025-10-01,4,0,1
C01070,2025-11-01,3,0,0
C01070,2025-12-01,4,1,1
C01070,2026-01-01,0,0,0
C01070,2026-02-01,7,1,1
C01070,2026-03-01,2,1,0
C01070,2026-04-01,6,0,1
C01070,2026-05-01,1,0,0
C01070,2026-06-01,5,0,1
C01071,2025-03-01,0,0,0
C01071,2025-04-01,2,1,0
C01071,2025-05-01,9,2,1
C01071,2025-06-01,1,0,0
C01071,2025-07-01,0,1,0
C01071,2025-08-01,0,1,0
C01071,2025-09-01,1,0,0
C01071,2025-10-01,10,0,1
C01071,2025-11-01,8,0,1
C01071,2025-12-01,5,0,1
C01071,2026-01-01,9,0,1
C01071,2026-02-01,1,1,0
C01071,2026-03-01,3,0,0
C01071,2026-04-01,1,0,0
C01071,2026-05-01,0,0,0
C01071,2026-06-01,11,1,1
C01072,2025-03-01,0,0,0
C01072,2025-04-01,12,2,1
C01072,2025-05-01,8,0,1
C01072,2025-06-01,0,0,0
C01072,2025-07-01,11,0,1
C01072,2025-08-01,4,1,1
C01072,2025-09-01,1,0,0
C01072,2025-10-01,0,0,0
C01072,2025-11-01,11,0,1
C01072,2025-12-01,3,0,1
C01072,2026-01-01,8,0,1
C01072,2026-02-01,9,0,1
C01072,2026-03-01,8,0,1
C01072,2026-04-01,5,0,1
C01072,2026-05-01,1,0,0
C01072,2026-06-01,4,0,1
C01073,2026-03-01,1,0,0
C01073,2026-04-01,5,1,1
C01073,2026-05-01,8,0,1
C01073,2026-06-01,0,1,0
C01074,2026-04-01,7,0,1
C01074,2026-05-01,10,1,1
C01074,2026-06-01,6,2,1
C01075,2026-02-01,1,0,0
C01075,2026-03-01,5,1,1
C01075,2026-04-01,0,0,0
C01075,2026-05-01,0,1,0
C01075,2026-06-01,0,0,0
C01076,2026-03-01,0,1,0
C01076,2026-04-01,11,0,1
C01076,2026-05-01,0,1,0
C01076,2026-06-01,8,0,1
C01077,2025-08-01,15,0,1
C01077,2025-09-01,9,0,1
C01077,2025-10-01,10,0,1
C01077,2025-11-01,2,0,0
C01077,2025-12-01,8,0,1
C01077,2026-01-01,6,0,1
C01077,2026-02-01,6,0,1
C01077,2026-03-01,2,2,0
C01077,2026-04-01,11,0,1
C01077,2026-05-01,4,0,1
C01077,2026-06-01,5,0,1
C01078,2025-07-01,8,1,1
C01078,2025-08-01,7,0,1
C01078,2025-09-01,0,0,0
C01078,2025-10-01,2,1,0
C01078,2025-11-01,0,0,0
C01078,2025-12-01,10,1,1
C01078,2026-01-01,6,1,1
C01078,2026-02-01,1,0,0
C01078,2026-03-01,3,0,1
C01078,2026-04-01,7,0,1
C01078,2026-05-01,0,0,0
C01078,2026-06-01,4,0,1
C01079,2025-08-01,6,1,1
C01079,2025-09-01,3,1,1
C01079,2025-10-01,11,0,1
C01079,2025-11-01,9,0,1
C01079,2025-12-01,5,0,1
C01079,2026-01-01,11,0,1
C01079,2026-02-01,6,1,1
C01079,2026-03-01,7,0,1
C01079,2026-04-01,1,0,0
C01079,2026-05-01,2,0,0
C01079,2026-06-01,0,0,0
C01080,2025-08-01,6,0,1
C01080,2025-09-01,3,0,0
C01080,2025-10-01,6,0,1
C01080,2025-11-01,9,2,1
C01080,2025-12-01,5,0,1
C01080,2026-01-01,7,0,1
C01080,2026-02-01,0,0,0
C01080,2026-03-01,4,1,1
C01080,2026-04-01,13,0,1
C01080,2026-05-01,0,1,0
C01080,2026-06-01,1,0,0
C01081,2025-09-01,4,0,1
C01081,2025-10-01,9,1,1
C01081,2025-11-01,1,1,0
C01081,2025-12-01,5,0,1
C01081,2026-01-01,10,0,1
C01081,2026-02-01,6,0,1
C01081,2026-03-01,8,1,1
C01081,2026-04-01,5,0,1
C01081,2026-05-01,1,0,0
C01081,2026-06-01,6,0,1
C01082,2025-11-01,8,0,1
C01082,2025-12-01,2,0,1
C01082,2026-01-01,2,0,1
C01082,2026-02-01,6,1,1
C01082,2026-03-01,1,1,0
C01082,2026-04-01,4,1,1
C01082,2026-05-01,4,0,1
C01082,2026-06-01,5,0,1
C01083,2026-05-01,5,0,1
C01083,2026-06-01,12,0,1
C01084,2025-08-01,7,0,1
C01084,2025-09-01,5,0,1
C01084,2025-10-01,8,2,1
C01084,2025-11-01,11,0,1
C01084,2025-12-01,6,0,1
C01084,2026-01-01,3,0,0
C01084,2026-02-01,10,0,1
C01084,2026-03-01,4,0,1
C01084,2026-04-01,1,1,0
C01084,2026-05-01,1,1,0
C01084,2026-06-01,1,0,0
C01085,2025-12-01,6,0,1
C01085,2026-01-01,1,0,0
C01085,2026-02-01,0,0,0
C01085,2026-03-01,7,0,1
C01085,2026-04-01,6,2,1
C01085,2026-05-01,8,2,1
C01085,2026-06-01,0,0,0
C01086,2025-06-01,13,0,1
C01086,2025-07-01,6,0,1
C01086,2025-08-01,5,0,1
C01086,2025-09-01,6,0,1
C01086,2025-10-01,6,1,1
C01086,2025-11-01,7,0,1
C01086,2025-12-01,6,0,1
C01086,2026-01-01,5,0,1
C01086,2026-02-01,1,1,0
C01086,2026-03-01,6,1,1
C01086,2026-04-01,7,1,1
C01086,2026-05-01,1,0,0
C01086,2026-06-01,0,1,0
C01087,2025-02-01,5,0,1
C01087,2025-03-01,1,0,0
C01087,2025-04-01,0,0,0
C01087,2025-05-01,9,0,1
C01087,2025-06-01,10,1,1
C01087,2025-07-01,4,0,1
C01087,2025-08-01,0,1,0
C01087,2025-09-01,8,0,1
C01087,2025-10-01,3,0,1
C01087,2025-11-01,8,0,1
C01087,2025-12-01,11,0,1
C01087,2026-01-01,2,1,0
C01087,2026-02-01,2,0,0
C01087,2026-03-01,3,2,1
C01087,2026-04-01,5,2,1
C01087,2026-05-01,8,0,1
C01087,2026-06-01,8,0,1
C01088,2025-12-01,6,0,1
C01088,2026-01-01,7,0,1
C01088,2026-02-01,2,0,0
C01088,2026-03-01,8,0,1
C01088,2026-04-01,4,0,1
C01088,2026-05-01,1,0,0
C01088,2026-06-01,1,0,0
C01089,2025-06-01,5,0,1
C01089,2025-07-01,0,1,0
C01089,2025-08-01,6,0,1
C01089,2025-09-01,3,0,1
C01089,2025-10-01,2,2,0
C01089,2025-11-01,1,0,0
C01089,2025-12-01,0,2,0
C01089,2026-01-01,0,0,0
C01089,2026-02-01,10,0,1
C01089,2026-03-01,8,1,1
C01089,2026-04-01,13,1,1
C01089,2026-05-01,5,0,1
C01089,2026-06-01,5,2,1
C01090,2026-04-01,4,1,1
C01090,2026-05-01,0,1,0
C01090,2026-06-01,7,0,1
C01091,2025-03-01,6,0,1
C01091,2025-04-01,8,0,1
C01091,2025-05-01,12,1,1
C01091,2025-06-01,6,1,1
C01091,2025-07-01,8,0,1
C01091,2025-08-01,9,0,1
C01091,2025-09-01,2,0,1
C01091,2025-10-01,8,0,1
C01091,2025-11-01,5,0,1
C01091,2025-12-01,12,0,1
C01091,2026-01-01,0,1,0
C01091,2026-02-01,0,1,0
C01091,2026-03-01,0,0,0
C01091,2026-04-01,7,0,1
C01091,2026-05-01,0,0,0
C01091,2026-06-01,4,0,1
C01092,2025-08-01,2,0,0
C01092,2025-09-01,5,0,1
C01092,2025-10-01,1,0,0
C01092,2025-11-01,9,0,1
C01092,2025-12-01,6,0,1
C01092,2026-01-01,0,0,0
C01092,2026-02-01,1,1,0
C01092,2026-03-01,8,0,1
C01092,2026-04-01,5,1,1
C01092,2026-05-01,1,0,0
C01092,2026-06-01,5,1,1
C01093,2025-10-01,12,1,1
C01093,2025-11-01,11,0,1
C01093,2025-12-01,6,0,1
C01093,2026-01-01,8,0,1
C01093,2026-02-01,8,0,1
C01093,2026-03-01,10,0,1
C01093,2026-04-01,8,1,1
C01093,2026-05-01,10,0,1
C01093,2026-06-01,9,1,1
C01094,2025-08-01,0,1,0
C01094,2025-09-01,6,0,1
C01094,2025-10-01,5,0,1
C01094,2025-11-01,8,1,1
C01094,2025-12-01,0,0,0
C01094,2026-01-01,4,0,1
C01094,2026-02-01,9,0,1
C01094,2026-03-01,11,1,1
C01094,2026-04-01,0,0,0
C01094,2026-05-01,1,0,0
C01094,2026-06-01,1,1,0
C01095,2025-02-01,3,0,0
C01095,2025-03-01,0,0,0
C01095,2025-04-01,6,0,1
C01095,2025-05-01,2,0,0
C01095,2025-06-01,2,0,0
C01095,2025-07-01,1,0,0
C01095,2025-08-01,8,1,1
C01095,2025-09-01,9,1,1
C01095,2025-10-01,7,0,1
C01095,2025-11-01,7,0,1
C01095,2025-12-01,2,0,1
C01095,2026-01-01,1,0,0
C01095,2026-02-01,12,1,1
C01095,2026-03-01,1,0,0
C01095,2026-04-01,0,1,0
C01095,2026-05-01,0,0,0
C01095,2026-06-01,9,0,1
C01096,2025-11-01,0,0,0
C01096,2025-12-01,5,1,1
C01096,2026-01-01,6,0,1
C01096,2026-02-01,8,0,1
C01096,2026-03-01,8,0,1
C01096,2026-04-01,2,0,0
C01096,2026-05-01,6,1,1
C01096,2026-06-01,4,0,1
C01097,2026-01-01,7,0,1
C01097,2026-02-01,6,0,1
C01097,2026-03-01,7,0,1
C01097,2026-04-01,7,0,1
C01097,2026-05-01,14,1,1
C01097,2026-06-01,0,0,0
C01098,2025-08-01,9,1,1
C01098,2025-09-01,4,0,1
C01098,2025-10-01,1,0,0
C01098,2025-11-01,9,1,1
C01098,2025-12-01,7,0,1
C01098,2026-01-01,4,0,1
C01098,2026-02-01,4,0,1
C01098,2026-03-01,0,1,0
C01098,2026-04-01,6,1,1
C01098,2026-05-01,1,0,0
C01098,2026-06-01,3,1,1
C01099,2025-05-01,0,0,0
C01099,2025-06-01,7,0,1
C01099,2025-07-01,2,1,0
C01099,2025-08-01,4,0,1
C01099,2025-09-01,0,0,0
C01099,2025-10-01,1,0,0
C01099,2025-11-01,13,0,1
C01099,2025-12-01,4,1,1
C01099,2026-01-01,1,1,0
C01099,2026-02-01,0,0,0
C01099,2026-03-01,5,1,1
C01099,2026-04-01,1,1,0
C01099,2026-05-01,0,0,0
C01099,2026-06-01,2,0,0
C01100,2025-11-01,2,0,0
C01100,2025-12-01,6,0,1
C01100,2026-01-01,4,0,1
C01100,2026-02-01,6,0,1
C01100,2026-03-01,1,0,0
C01100,2026-04-01,0,0,0
C01100,2026-05-01,1,0,0
C01100,2026-06-01,5,1,1
C01101,2025-08-01,7,0,1
C01101,2025-09-01,9,1,1
C01101,2025-10-01,9,2,1
C01101,2025-11-01,11,0,1
C01101,2025-12-01,8,1,1
C01101,2026-01-01,4,0,1
C01101,2026-02-01,6,2,1
C01101,2026-03-01,6,0,1
C01101,2026-04-01,1,0,0
C01101,2026-05-01,2,0,0
C01101,2026-06-01,4,0,1
C01102,2025-06-01,0,1,0
C01102,2025-07-01,7,0,1
C01102,2025-08-01,8,0,1
C01102,2025-09-01,4,0,1
C01102,2025-10-01,6,0,1
C01102,2025-11-01,1,0,0
C01102,2025-12-01,8,0,1
C01102,2026-01-01,1,0,0
C01102,2026-02-01,2,1,1
C01102,2026-03-01,1,1,0
C01102,2026-04-01,0,0,0
C01102,2026-05-01,8,0,1
C01102,2026-06-01,4,0,1
C01103,2025-12-01,10,0,1
C01103,2026-01-01,7,1,1
C01103,2026-02-01,6,1,1
C01103,2026-03-01,1,0,0
C01103,2026-04-01,3,0,1
C01103,2026-05-01,5,0,1
C01103,2026-06-01,0,0,0
C01104,2025-11-01,9,1,1
C01104,2025-12-01,8,0,1
C01104,2026-01-01,13,1,1
C01104,2026-02-01,10,0,1
C01104,2026-03-01,1,0,0
C01104,2026-04-01,9,0,1
C01104,2026-05-01,3,0,1
C01104,2026-06-01,12,0,1
C01105,2025-10-01,13,0,1
C01105,2025-11-01,4,0,1
C01105,2025-12-01,2,0,0
C01105,2026-01-01,5,0,1
C01105,2026-02-01,14,1,1
C01105,2026-03-01,2,0,0
C01105,2026-04-01,7,1,1
C01105,2026-05-01,5,0,1
C01105,2026-06-01,0,1,0
C01106,2025-10-01,1,1,0
C01106,2025-11-01,3,0,0
C01106,2025-12-01,5,0,1
C01106,2026-01-01,8,0,1
C01106,2026-02-01,4,0,1
C01106,2026-03-01,8,1,1
C01106,2026-04-01,1,0,0
C01106,2026-05-01,9,0,1
C01106,2026-06-01,1,1,0
C01107,2025-10-01,7,0,1
C01107,2025-11-01,11,0,1
C01107,2025-12-01,1,1,0
C01107,2026-01-01,4,1,1
C01107,2026-02-01,10,0,1
C01107,2026-03-01,0,0,0
C01107,2026-04-01,7,2,1
C01107,2026-05-01,6,1,1
C01107,2026-06-01,3,0,0
C01108,2026-03-01,0,2,0
C01108,2026-04-01,8,1,1
C01108,2026-05-01,4,0,1
C01108,2026-06-01,1,0,0
C01109,2026-03-01,3,0,1
C01109,2026-04-01,2,0,0
C01109,2026-05-01,8,1,1
C01109,2026-06-01,9,1,1
C01110,2025-08-01,6,1,1
C01110,2025-09-01,4,0,1
C01110,2025-10-01,6,0,1
C01110,2025-11-01,0,0,0
C01110,2025-12-01,2,1,0
C01110,2026-01-01,3,1,1
C01110,2026-02-01,5,0,1
C01110,2026-03-01,0,1,0
C01110,2026-04-01,5,0,1
C01110,2026-05-01,4,0,1
C01110,2026-06-01,8,0,1
C01111,2026-03-01,3,0,1
C01111,2026-04-01,4,0,1
C01111,2026-05-01,11,0,1
C01111,2026-06-01,1,1,0
C01112,2025-09-01,8,0,1
C01112,2025-10-01,9,0,1
C01112,2025-11-01,4,0,1
C01112,2025-12-01,2,1,1
C01112,2026-01-01,4,0,1
C01112,2026-02-01,1,1,0
C01112,2026-03-01,7,0,1
C01112,2026-04-01,1,0,0
C01112,2026-05-01,0,0,0
C01112,2026-06-01,1,0,0
C01113,2025-11-01,5,0,1
C01113,2025-12-01,8,1,1
C01113,2026-01-01,2,0,0
C01113,2026-02-01,4,0,0
C01113,2026-03-01,8,0,1
C01113,2026-04-01,3,1,0
C01113,2026-05-01,0,0,0
C01113,2026-06-01,3,0,1
C01114,2025-08-01,7,1,1
C01114,2025-09-01,5,1,1
C01114,2025-10-01,10,0,1
C01114,2025-11-01,0,0,0
C01114,2025-12-01,2,0,0
C01114,2026-01-01,0,0,0
C01114,2026-02-01,6,0,1
C01114,2026-03-01,4,0,1
C01114,2026-04-01,0,2,0
C01114,2026-05-01,7,0,1
C01114,2026-06-01,0,1,0
C01115,2026-01-01,5,0,1
C01115,2026-02-01,0,0,0
C01115,2026-03-01,0,0,0
C01115,2026-04-01,8,2,1
C01115,2026-05-01,4,0,1
C01115,2026-06-01,0,0,0
C01116,2025-04-01,1,0,0
C01116,2025-05-01,2,0,0
C01116,2025-06-01,1,0,0
C01116,2025-07-01,6,0,1
C01116,2025-08-01,7,0,1
C01116,2025-09-01,5,0,1
C01116,2025-10-01,7,2,1
C01116,2025-11-01,0,0,0
C01116,2025-12-01,2,0,0
C01116,2026-01-01,1,0,0
C01116,2026-02-01,1,1,0
C01116,2026-03-01,5,0,1
C01116,2026-04-01,6,0,1
C01116,2026-05-01,2,0,0
C01116,2026-06-01,5,0,1
C01117,2025-06-01,10,0,1
C01117,2025-07-01,7,0,1
C01117,2025-08-01,8,0,1
C01117,2025-09-01,6,1,1
C01117,2025-10-01,3,0,1
C01117,2025-11-01,1,0,1
C01117,2025-12-01,0,0,0
C01117,2026-01-01,9,0,1
C01117,2026-02-01,3,0,1
C01117,2026-03-01,7,1,1
C01117,2026-04-01,6,0,1
C01117,2026-05-01,0,0,0
C01117,2026-06-01,2,0,0
C01118,2025-12-01,8,1,1
C01118,2026-01-01,4,0,1
C01118,2026-02-01,1,0,0
C01118,2026-03-01,4,0,1
C01118,2026-04-01,1,0,0
C01118,2026-05-01,6,0,1
C01118,2026-06-01,5,0,1
C01119,2025-08-01,2,1,0
C01119,2025-09-01,2,0,1
C01119,2025-10-01,0,1,0
C01119,2025-11-01,6,1,1
C01119,2025-12-01,6,1,1
C01119,2026-01-01,2,0,0
C01119,2026-02-01,7,1,1
C01119,2026-03-01,3,0,1
C01119,2026-04-01,2,0,1
C01119,2026-05-01,9,0,1
C01119,2026-06-01,6,0,1
C01120,2026-04-01,7,0,1
C01120,2026-05-01,0,0,0
C01120,2026-06-01,4,0,0
C01121,2025-05-01,4,0,1
C01121,2025-06-01,8,2,1
C01121,2025-07-01,11,2,1
C01121,2025-08-01,12,2,1
C01121,2025-09-01,8,0,1
C01121,2025-10-01,4,0,1
C01121,2025-11-01,2,1,0
C01121,2025-12-01,0,0,0
C01121,2026-01-01,6,0,1
C01121,2026-02-01,4,1,1
C01121,2026-03-01,3,1,0
C01121,2026-04-01,5,0,1
C01121,2026-05-01,9,0,1
C01121,2026-06-01,0,0,0
C01122,2025-06-01,9,0,1
C01122,2025-07-01,2,0,0
C01122,2025-08-01,2,0,1
C01122,2025-09-01,4,0,1
C01122,2025-10-01,6,0,1
C01122,2025-11-01,6,1,1
C01122,2025-12-01,1,0,0
C01122,2026-01-01,0,2,0
C01122,2026-02-01,9,0,1
C01122,2026-03-01,1,1,0
C01122,2026-04-01,9,1,1
C01122,2026-05-01,0,0,0
C01122,2026-06-01,8,0,1
C01123,2025-02-01,3,0,0
C01123,2025-03-01,3,0,1
C01123,2025-04-01,5,0,1
C01123,2025-05-01,13,0,1
C01123,2025-06-01,6,0,1
C01123,2025-07-01,3,0,1
C01123,2025-08-01,3,1,1
C01123,2025-09-01,1,1,0
C01123,2025-10-01,7,0,1
C01123,2025-11-01,1,0,0
C01123,2025-12-01,2,0,1
C01123,2026-01-01,12,0,1
C01123,2026-02-01,2,0,0
C01123,2026-03-01,1,1,0
C01123,2026-04-01,5,0,1
C01123,2026-05-01,3,1,1
C01123,2026-06-01,2,2,1
C01124,2025-03-01,7,0,1
C01124,2025-04-01,7,0,1
C01124,2025-05-01,12,0,1
C01124,2025-06-01,10,0,1
C01124,2025-07-01,7,0,1
C01124,2025-08-01,7,0,1
C01124,2025-09-01,6,1,1
C01124,2025-10-01,4,1,1
C01124,2025-11-01,7,0,1
C01124,2025-12-01,1,1,0
C01124,2026-01-01,4,0,1
C01124,2026-02-01,3,0,0
C01124,2026-03-01,0,1,0
C01124,2026-04-01,6,0,1
C01124,2026-05-01,1,2,0
C01124,2026-06-01,3,0,0
C01125,2026-02-01,5,0,1
C01125,2026-03-01,4,1,1
C01125,2026-04-01,13,0,1
C01125,2026-05-01,7,0,1
C01125,2026-06-01,8,0,1
C01126,2025-12-01,6,1,1
C01126,2026-01-01,5,0,1
C01126,2026-02-01,5,0,1
C01126,2026-03-01,5,1,1
C01126,2026-04-01,1,0,0
C01126,2026-05-01,8,0,1
C01126,2026-06-01,4,0,1
C01127,2025-05-01,7,0,1
C01127,2025-06-01,3,1,1
C01127,2025-07-01,9,0,1
C01127,2025-08-01,9,0,1
C01127,2025-09-01,8,1,1
C01127,2025-10-01,9,0,1
C01127,2025-11-01,8,1,1
C01127,2025-12-01,1,0,0
C01127,2026-01-01,4,1,1
C01127,2026-02-01,7,1,1
C01127,2026-03-01,7,0,1
C01127,2026-04-01,4,0,1
C01127,2026-05-01,2,0,0
C01127,2026-06-01,4,1,0
C01128,2026-04-01,1,0,0
C01128,2026-05-01,7,0,1
C01128,2026-06-01,6,0,1
C01129,2025-05-01,7,0,1
C01129,2025-06-01,4,1,1
C01129,2025-07-01,3,0,0
C01129,2025-08-01,0,0,0
C01129,2025-09-01,6,0,1
C01129,2025-10-01,2,0,0
C01129,2025-11-01,12,0,1
C01129,2025-12-01,6,1,1
C01129,2026-01-01,2,0,0
C01129,2026-02-01,6,1,1
C01129,2026-03-01,9,1,1
C01129,2026-04-01,5,1,1
C01129,2026-05-01,0,1,0
C01129,2026-06-01,4,0,1
C01130,2026-02-01,6,0,1
C01130,2026-03-01,1,1,0
C01130,2026-04-01,6,0,1
C01130,2026-05-01,0,0,0
C01130,2026-06-01,0,1,0
C01131,2026-01-01,5,1,1
C01131,2026-02-01,3,1,1
C01131,2026-03-01,0,0,0
C01131,2026-04-01,9,0,1
C01131,2026-05-01,7,1,1
C01131,2026-06-01,2,0,0
C01132,2025-06-01,9,0,1
C01132,2025-07-01,5,1,1
C01132,2025-08-01,6,1,1
C01132,2025-09-01,9,0,1
C01132,2025-10-01,11,0,1
C01132,2025-11-01,0,0,0
C01132,2025-12-01,2,0,0
C01132,2026-01-01,2,0,0
C01132,2026-02-01,7,0,1
C01132,2026-03-01,5,1,1
C01132,2026-04-01,7,0,1
C01132,2026-05-01,9,0,1
C01132,2026-06-01,10,0,1
C01133,2026-02-01,5,0,1
C01133,2026-03-01,7,0,1
C01133,2026-04-01,10,0,1
C01133,2026-05-01,9,0,1
C01133,2026-06-01,2,1,1
C01134,2026-04-01,7,0,1
C01134,2026-05-01,0,1,0
C01134,2026-06-01,11,0,1
C01135,2026-03-01,6,0,1
C01135,2026-04-01,9,0,1
C01135,2026-05-01,5,0,1
C01135,2026-06-01,5,0,1
C01136,2025-02-01,5,0,1
C01136,2025-03-01,1,2,0
C01136,2025-04-01,3,0,0
C01136,2025-05-01,9,1,1
C01136,2025-06-01,8,0,1
C01136,2025-07-01,2,0,0
C01136,2025-08-01,5,0,1
C01136,2025-09-01,0,1,0
C01136,2025-10-01,1,1,0
C01136,2025-11-01,7,1,1
C01136,2025-12-01,1,0,0
C01136,2026-01-01,0,1,0
C01136,2026-02-01,6,0,1
C01136,2026-03-01,7,0,1
C01136,2026-04-01,6,0,1
C01136,2026-05-01,4,0,1
C01136,2026-06-01,0,1,0
C01137,2025-09-01,6,0,1
C01137,2025-10-01,0,0,0
C01137,2025-11-01,2,0,0
C01137,2025-12-01,6,1,1
C01137,2026-01-01,6,0,1
C01137,2026-02-01,1,1,0
C01137,2026-03-01,11,0,1
C01137,2026-04-01,0,0,0
C01137,2026-05-01,14,0,1
C01137,2026-06-01,8,0,1
C01138,2025-02-01,8,0,1
C01138,2025-03-01,4,0,1
C01138,2025-04-01,2,0,0
C01138,2025-05-01,4,0,1
C01138,2025-06-01,8,0,1
C01138,2025-07-01,4,1,1
C01138,2025-08-01,7,0,1
C01138,2025-09-01,2,0,0
C01138,2025-10-01,5,0,1
C01138,2025-11-01,6,0,1
C01138,2025-12-01,0,0,0
C01138,2026-01-01,0,0,0
C01138,2026-02-01,1,1,1
C01138,2026-03-01,0,0,0
C01138,2026-04-01,6,0,1
C01138,2026-05-01,12,0,1
C01138,2026-06-01,0,0,0
C01139,2025-07-01,12,0,1
C01139,2025-08-01,8,1,1
C01139,2025-09-01,6,0,1
C01139,2025-10-01,4,0,1
C01139,2025-11-01,5,0,1
C01139,2025-12-01,6,1,1
C01139,2026-01-01,9,0,1
C01139,2026-02-01,5,0,1
C01139,2026-03-01,7,0,1
C01139,2026-04-01,14,0,1
C01139,2026-05-01,15,0,1
C01139,2026-06-01,6,0,1
C01140,2026-04-01,6,0,1
C01140,2026-05-01,6,0,1
C01140,2026-06-01,5,0,1
C01141,2026-05-01,3,0,1
C01141,2026-06-01,6,0,1
C01142,2025-04-01,8,1,1
C01142,2025-05-01,1,0,0
C01142,2025-06-01,7,0,1
C01142,2025-07-01,1,0,0
C01142,2025-08-01,10,0,1
C01142,2025-09-01,9,0,1
C01142,2025-10-01,7,2,1
C01142,2025-11-01,4,0,1
C01142,2025-12-01,7,0,1
C01142,2026-01-01,7,0,1
C01142,2026-02-01,4,0,1
C01142,2026-03-01,11,1,1
C01142,2026-04-01,0,1,0
C01142,2026-05-01,6,1,1
C01142,2026-06-01,0,0,0
C01143,2026-04-01,9,0,1
C01143,2026-05-01,2,1,0
C01143,2026-06-01,6,0,1
C01144,2025-04-01,2,1,0
C01144,2025-05-01,7,0,1
C01144,2025-06-01,2,0,1
C01144,2025-07-01,8,1,1
C01144,2025-08-01,11,1,1
C01144,2025-09-01,0,0,0
C01144,2025-10-01,7,0,1
C01144,2025-11-01,0,0,0
C01144,2025-12-01,2,0,1
C01144,2026-01-01,9,0,1
C01144,2026-02-01,0,0,0
C01144,2026-03-01,5,0,1
C01144,2026-04-01,0,0,0
C01144,2026-05-01,8,0,1
C01144,2026-06-01,3,1,0
C01145,2025-12-01,8,1,1
C01145,2026-01-01,1,0,0
C01145,2026-02-01,4,1,1
C01145,2026-03-01,10,1,1
C01145,2026-04-01,6,1,1
C01145,2026-05-01,13,1,1
C01145,2026-06-01,4,0,1
C01146,2026-05-01,10,0,1
C01146,2026-06-01,1,0,0
C01147,2025-10-01,9,0,1
C01147,2025-11-01,7,0,1
C01147,2025-12-01,4,0,1
C01147,2026-01-01,9,0,1
C01147,2026-02-01,2,0,0
C01147,2026-03-01,0,2,0
C01147,2026-04-01,2,0,0
C01147,2026-05-01,3,1,1
C01147,2026-06-01,4,0,1
C01148,2025-07-01,9,0,1
C01148,2025-08-01,1,4,1
C01148,2025-09-01,6,0,1
C01148,2025-10-01,0,0,0
C01148,2025-11-01,1,0,0
C01148,2025-12-01,1,0,0
C01148,2026-01-01,8,0,1
C01148,2026-02-01,8,0,1
C01148,2026-03-01,2,0,0
C01148,2026-04-01,3,0,1
C01148,2026-05-01,0,2,0
C01148,2026-06-01,15,0,1
C01149,2025-12-01,10,0,1
C01149,2026-01-01,6,2,1
C01149,2026-02-01,4,0,1
C01149,2026-03-01,0,0,0
C01149,2026-04-01,3,0,1
C01149,2026-05-01,8,0,1
C01149,2026-06-01,5,0,1
C01150,2026-03-01,0,1,0
C01150,2026-04-01,0,0,0
C01150,2026-05-01,10,0,1
C01150,2026-06-01,0,0,0
C01151,2026-03-01,0,0,0
C01151,2026-04-01,8,0,1
C01151,2026-05-01,0,0,1
C01151,2026-06-01,5,0,1
C01152,2025-03-01,8,1,1
C01152,2025-04-01,6,0,1
C01152,2025-05-01,5,0,1
C01152,2025-06-01,4,0,1
C01152,2025-07-01,3,1,1
C01152,2025-08-01,0,0,0
C01152,2025-09-01,1,0,0
C01152,2025-10-01,10,0,1
C01152,2025-11-01,1,1,0
C01152,2025-12-01,2,2,0
C01152,2026-01-01,10,0,1
C01152,2026-02-01,1,0,0
C01152,2026-03-01,0,1,0
C01152,2026-04-01,7,0,1
C01152,2026-05-01,10,0,1
C01152,2026-06-01,2,0,0
C01153,2026-04-01,7,2,1
C01153,2026-05-01,18,0,1
C01153,2026-06-01,4,1,0
C01154,2026-02-01,0,0,0
C01154,2026-03-01,8,1,1
C01154,2026-04-01,13,0,1
C01154,2026-05-01,1,2,0
C01154,2026-06-01,6,0,1
C01155,2025-08-01,3,0,1
C01155,2025-09-01,2,0,0
C01155,2025-10-01,1,0,0
C01155,2025-11-01,10,1,1
C01155,2025-12-01,2,0,0
C01155,2026-01-01,9,1,1
C01155,2026-02-01,6,1,1
C01155,2026-03-01,4,0,1
C01155,2026-04-01,1,0,0
C01155,2026-05-01,2,1,0
C01155,2026-06-01,0,0,0
C01156,2025-08-01,1,0,0
C01156,2025-09-01,6,1,1
C01156,2025-10-01,1,1,0
C01156,2025-11-01,2,0,0
C01156,2025-12-01,7,1,1
C01156,2026-01-01,12,0,1
C01156,2026-02-01,6,2,1
C01156,2026-03-01,4,1,1
C01156,2026-04-01,1,0,0
C01156,2026-05-01,12,0,1
C01156,2026-06-01,8,0,1
C01157,2025-10-01,6,0,1
C01157,2025-11-01,4,0,1
C01157,2025-12-01,8,1,1
C01157,2026-01-01,5,0,1
C01157,2026-02-01,7,0,1
C01157,2026-03-01,1,0,0
C01157,2026-04-01,7,0,1
C01157,2026-05-01,1,0,0
C01157,2026-06-01,0,0,0
C01158,2025-07-01,6,0,1
C01158,2025-08-01,6,1,1
C01158,2025-09-01,6,0,1
C01158,2025-10-01,7,0,1
C01158,2025-11-01,8,0,1
C01158,2025-12-01,5,1,1
C01158,2026-01-01,0,0,0
C01158,2026-02-01,11,3,1
C01158,2026-03-01,6,1,1
C01158,2026-04-01,0,0,0
C01158,2026-05-01,10,1,1
C01158,2026-06-01,0,1,0
C01159,2025-03-01,9,0,1
C01159,2025-04-01,0,1,0
C01159,2025-05-01,6,0,1
C01159,2025-06-01,7,1,1
C01159,2025-07-01,9,0,1
C01159,2025-08-01,5,0,1
C01159,2025-09-01,8,0,1
C01159,2025-10-01,1,0,0
C01159,2025-11-01,1,0,0
C01159,2025-12-01,13,0,1
C01159,2026-01-01,0,0,0
C01159,2026-02-01,8,1,1
C01159,2026-03-01,8,0,1
C01159,2026-04-01,8,0,1
C01159,2026-05-01,0,0,0
C01159,2026-06-01,9,0,1
C01160,2025-04-01,1,1,0
C01160,2025-05-01,1,1,0
C01160,2025-06-01,6,0,1
C01160,2025-07-01,0,1,0
C01160,2025-08-01,1,1,0
C01160,2025-09-01,7,0,1
C01160,2025-10-01,4,0,1
C01160,2025-11-01,5,0,1
C01160,2025-12-01,11,0,1
C01160,2026-01-01,7,0,1
C01160,2026-02-01,0,1,0
C01160,2026-03-01,1,1,0
C01160,2026-04-01,7,0,1
C01160,2026-05-01,0,1,0
C01160,2026-06-01,6,0,1
C01161,2026-02-01,8,0,1
C01161,2026-03-01,2,0,0
C01161,2026-04-01,6,1,1
C01161,2026-05-01,2,0,0
C01161,2026-06-01,9,0,1
C01162,2026-03-01,7,0,1
C01162,2026-04-01,8,0,1
C01162,2026-05-01,4,0,1
C01162,2026-06-01,5,1,1
C01163,2025-09-01,0,0,0
C01163,2025-10-01,0,0,0
C01163,2025-11-01,8,0,1
C01163,2025-12-01,8,0,1
C01163,2026-01-01,1,0,0
C01163,2026-02-01,0,1,0
C01163,2026-03-01,2,1,0
C01163,2026-04-01,5,0,1
C01163,2026-05-01,4,0,1
C01163,2026-06-01,2,1,0
C01164,2025-07-01,8,0,1
C01164,2025-08-01,0,0,0
C01164,2025-09-01,9,1,1
C01164,2025-10-01,4,0,1
C01164,2025-11-01,0,1,0
C01164,2025-12-01,7,1,1
C01164,2026-01-01,2,0,0
C01164,2026-02-01,14,1,1
C01164,2026-03-01,6,0,1
C01164,2026-04-01,1,2,0
C01164,2026-05-01,3,0,0
C01164,2026-06-01,4,0,1
C01165,2025-02-01,4,0,1
C01165,2025-03-01,2,0,0
C01165,2025-04-01,9,0,1
C01165,2025-05-01,8,0,1
C01165,2025-06-01,8,0,1
C01165,2025-07-01,5,1,1
C01165,2025-08-01,6,0,1
C01165,2025-09-01,1,0,0
C01165,2025-10-01,9,1,1
C01165,2025-11-01,1,0,0
C01165,2025-12-01,7,1,1
C01165,2026-01-01,1,0,0
C01165,2026-02-01,4,0,1
C01165,2026-03-01,10,0,1
C01165,2026-04-01,1,1,0
C01165,2026-05-01,3,0,1
C01165,2026-06-01,0,0,0
C01166,2025-07-01,1,0,0
C01166,2025-08-01,9,0,1
C01166,2025-09-01,9,0,1
C01166,2025-10-01,5,0,1
C01166,2025-11-01,6,0,1
C01166,2025-12-01,4,0,1
C01166,2026-01-01,7,1,1
C01166,2026-02-01,1,0,0
C01166,2026-03-01,3,0,0
C01166,2026-04-01,0,0,0
C01166,2026-05-01,8,0,1
C01166,2026-06-01,5,1,1
C01167,2026-05-01,2,0,1
C01167,2026-06-01,5,0,1
C01168,2026-04-01,6,0,1
C01168,2026-05-01,0,1,0
C01168,2026-06-01,2,0,0
C01169,2026-03-01,0,1,0
C01169,2026-04-01,0,0,0
C01169,2026-05-01,6,0,1
C01169,2026-06-01,1,1,0
C01170,2026-03-01,7,2,1
C01170,2026-04-01,1,0,0
C01170,2026-05-01,8,0,1
C01170,2026-06-01,9,0,1
C01171,2025-08-01,5,0,1
C01171,2025-09-01,5,1,1
C01171,2025-10-01,3,0,1
C01171,2025-11-01,3,0,0
C01171,2025-12-01,5,0,1
C01171,2026-01-01,1,0,0
C01171,2026-02-01,5,0,1
C01171,2026-03-01,8,1,1
C01171,2026-04-01,8,0,1
C01171,2026-05-01,10,1,1
C01171,2026-06-01,8,0,1
C01172,2025-08-01,1,0,0
C01172,2025-09-01,11,0,1
C01172,2025-10-01,1,1,0
C01172,2025-11-01,1,1,0
C01172,2025-12-01,0,0,0
C01172,2026-01-01,1,0,1
C01172,2026-02-01,1,0,0
C01172,2026-03-01,1,1,0
C01172,2026-04-01,7,0,1
C01172,2026-05-01,0,1,0
C01172,2026-06-01,0,0,0
C01173,2025-09-01,3,0,1
C01173,2025-10-01,1,1,0
C01173,2025-11-01,0,0,0
C01173,2025-12-01,0,0,0
C01173,2026-01-01,10,0,1
C01173,2026-02-01,0,1,0
C01173,2026-03-01,5,1,1
C01173,2026-04-01,8,0,1
C01173,2026-05-01,2,1,0
C01173,2026-06-01,6,0,1
C01174,2025-08-01,3,0,1
C01174,2025-09-01,1,0,0
C01174,2025-10-01,6,0,1
C01174,2025-11-01,5,0,1
C01174,2025-12-01,1,0,0
C01174,2026-01-01,10,0,1
C01174,2026-02-01,8,0,1
C01174,2026-03-01,1,0,0
C01174,2026-04-01,10,0,1
C01174,2026-05-01,0,0,0
C01174,2026-06-01,1,0,1
C01175,2025-06-01,5,0,1
C01175,2025-07-01,0,1,0
C01175,2025-08-01,5,0,1
C01175,2025-09-01,0,1,0
C01175,2025-10-01,7,1,1
C01175,2025-11-01,5,1,1
C01175,2025-12-01,14,0,1
C01175,2026-01-01,1,0,0
C01175,2026-02-01,11,1,1
C01175,2026-03-01,0,1,1
C01175,2026-04-01,2,1,0
C01175,2026-05-01,1,0,0
C01175,2026-06-01,9,0,1
C01176,2025-07-01,13,0,1
C01176,2025-08-01,2,0,0
C01176,2025-09-01,10,0,1
C01176,2025-10-01,9,2,1
C01176,2025-11-01,0,1,0
C01176,2025-12-01,0,0,0
C01176,2026-01-01,0,1,0
C01176,2026-02-01,1,0,0
C01176,2026-03-01,5,0,1
C01176,2026-04-01,0,0,0
C01176,2026-05-01,9,1,1
C01176,2026-06-01,12,1,1
C01177,2025-11-01,8,0,1
C01177,2025-12-01,6,0,1
C01177,2026-01-01,7,0,1
C01177,2026-02-01,5,0,1
C01177,2026-03-01,8,1,1
C01177,2026-04-01,10,0,1
C01177,2026-05-01,2,2,0
C01177,2026-06-01,0,1,0
C01178,2025-11-01,6,0,1
C01178,2025-12-01,4,1,1
C01178,2026-01-01,7,0,1
C01178,2026-02-01,1,0,0
C01178,2026-03-01,2,0,0
C01178,2026-04-01,5,0,1
C01178,2026-05-01,0,0,0
C01178,2026-06-01,5,1,1
C01179,2026-03-01,9,0,1
C01179,2026-04-01,14,0,1
C01179,2026-05-01,5,0,1
C01179,2026-06-01,1,2,0
C01180,2026-02-01,6,1,1
C01180,2026-03-01,11,1,1
C01180,2026-04-01,1,0,0
C01180,2026-05-01,1,1,0
C01180,2026-06-01,6,0,1
C01181,2025-07-01,13,1,1
C01181,2025-08-01,5,0,1
C01181,2025-09-01,0,0,0
C01181,2025-10-01,8,1,1
C01181,2025-11-01,6,0,1
C01181,2025-12-01,3,0,0
C01181,2026-01-01,9,0,1
C01181,2026-02-01,2,0,0
C01181,2026-03-01,0,0,0
C01181,2026-04-01,4,2,1
C01181,2026-05-01,0,1,0
C01181,2026-06-01,2,0,0
C01182,2025-12-01,8,0,1
C01182,2026-01-01,7,0,1
C01182,2026-02-01,2,0,0
C01182,2026-03-01,8,1,1
C01182,2026-04-01,8,0,1
C01182,2026-05-01,7,0,1
C01182,2026-06-01,1,0,0
C01183,2025-04-01,4,2,1
C01183,2025-05-01,4,1,1
C01183,2025-06-01,1,0,1
C01183,2025-07-01,2,0,0
C01183,2025-08-01,2,0,0
C01183,2025-09-01,1,1,0
C01183,2025-10-01,5,0,1
C01183,2025-11-01,5,0,1
C01183,2025-12-01,1,1,0
C01183,2026-01-01,8,0,1
C01183,2026-02-01,8,0,1
C01183,2026-03-01,1,0,0
C01183,2026-04-01,8,1,1
C01183,2026-05-01,10,0,1
C01183,2026-06-01,1,0,0
C01184,2026-05-01,1,1,0
C01184,2026-06-01,4,1,1
C01185,2025-04-01,0,0,0
C01185,2025-05-01,1,0,0
C01185,2025-06-01,4,0,1
C01185,2025-07-01,5,0,1
C01185,2025-08-01,6,0,1
C01185,2025-09-01,3,0,0
C01185,2025-10-01,0,0,0
C01185,2025-11-01,1,0,0
C01185,2025-12-01,7,0,1
C01185,2026-01-01,2,0,0
C01185,2026-02-01,0,0,0
C01185,2026-03-01,0,1,0
C01185,2026-04-01,0,1,0
C01185,2026-05-01,1,0,0
C01185,2026-06-01,3,0,1
C01186,2025-09-01,8,0,1
C01186,2025-10-01,3,0,1
C01186,2025-11-01,10,0,1
C01186,2025-12-01,10,0,1
C01186,2026-01-01,0,2,0
C01186,2026-02-01,10,0,1
C01186,2026-03-01,6,2,1
C01186,2026-04-01,1,0,0
C01186,2026-05-01,9,1,1
C01186,2026-06-01,1,0,0
C01187,2025-01-01,3,0,1
C01187,2025-02-01,8,0,1
C01187,2025-03-01,2,0,0
C01187,2025-04-01,1,1,0
C01187,2025-05-01,1,0,0
C01187,2025-06-01,2,1,1
C01187,2025-07-01,6,0,1
C01187,2025-08-01,6,0,1
C01187,2025-09-01,10,0,1
C01187,2025-10-01,4,0,1
C01187,2025-11-01,6,0,1
C01187,2025-12-01,8,0,1
C01187,2026-01-01,2,0,0
C01187,2026-02-01,1,0,0
C01187,2026-03-01,13,0,1
C01187,2026-04-01,0,0,0
C01187,2026-05-01,0,1,0
C01187,2026-06-01,2,0,0
C01188,2025-06-01,4,1,1
C01188,2025-07-01,6,2,1
C01188,2025-08-01,4,0,1
C01188,2025-09-01,9,0,1
C01188,2025-10-01,10,2,1
C01188,2025-11-01,5,0,1
C01188,2025-12-01,0,0,0
C01188,2026-01-01,7,0,1
C01188,2026-02-01,7,0,1
C01188,2026-03-01,6,1,1
C01188,2026-04-01,2,0,1
C01188,2026-05-01,3,0,1
C01188,2026-06-01,7,0,1
C01189,2025-08-01,2,0,0
C01189,2025-09-01,10,1,1
C01189,2025-10-01,8,1,1
C01189,2025-11-01,15,0,1
C01189,2025-12-01,7,0,1
C01189,2026-01-01,0,2,0
C01189,2026-02-01,6,0,1
C01189,2026-03-01,6,0,1
C01189,2026-04-01,1,0,0
C01189,2026-05-01,0,0,0
C01189,2026-06-01,6,2,1
C01190,2026-01-01,0,0,0
C01190,2026-02-01,8,2,1
C01190,2026-03-01,0,0,0
C01190,2026-04-01,5,0,1
C01190,2026-05-01,5,0,1
C01190,2026-06-01,1,0,0
C01191,2025-06-01,7,0,1
C01191,2025-07-01,9,0,1
C01191,2025-08-01,15,0,1
C01191,2025-09-01,4,0,1
C01191,2025-10-01,3,0,1
C01191,2025-11-01,5,0,1
C01191,2025-12-01,8,0,1
C01191,2026-01-01,2,1,0
C01191,2026-02-01,6,0,1
C01191,2026-03-01,8,1,1
C01191,2026-04-01,1,0,0
C01191,2026-05-01,3,0,0
C01191,2026-06-01,11,1,1
C01192,2025-05-01,6,0,1
C01192,2025-06-01,4,0,0
C01192,2025-07-01,5,0,1
C01192,2025-08-01,5,0,1
C01192,2025-09-01,1,1,0
C01192,2025-10-01,8,0,1
C01192,2025-11-01,1,0,0
C01192,2025-12-01,2,0,0
C01192,2026-01-01,2,0,0
C01192,2026-02-01,0,1,0
C01192,2026-03-01,7,1,1
C01192,2026-04-01,1,1,0
C01192,2026-05-01,12,0,1
C01192,2026-06-01,9,0,1
C01193,2025-06-01,1,1,0
C01193,2025-07-01,4,1,1
C01193,2025-08-01,1,0,0
C01193,2025-09-01,2,0,0
C01193,2025-10-01,1,0,0
C01193,2025-11-01,12,1,1
C01193,2025-12-01,2,0,0
C01193,2026-01-01,0,1,0
C01193,2026-02-01,2,0,0
C01193,2026-03-01,10,1,1
C01193,2026-04-01,0,0,0
C01193,2026-05-01,1,1,0
C01193,2026-06-01,2,0,0
C01194,2025-05-01,0,0,0
C01194,2025-06-01,6,0,1
C01194,2025-07-01,10,0,1
C01194,2025-08-01,5,0,1
C01194,2025-09-01,9,1,1
C01194,2025-10-01,1,0,0
C01194,2025-11-01,6,0,1
C01194,2025-12-01,9,2,1
C01194,2026-01-01,0,0,0
C01194,2026-02-01,2,0,0
C01194,2026-03-01,6,0,1
C01194,2026-04-01,11,0,1
C01194,2026-05-01,8,1,1
C01194,2026-06-01,0,2,0
C01195,2025-07-01,5,2,1
C01195,2025-08-01,0,1,0
C01195,2025-09-01,6,0,1
C01195,2025-10-01,6,0,1
C01195,2025-11-01,0,0,0
C01195,2025-12-01,13,0,1
C01195,2026-01-01,2,0,1
C01195,2026-02-01,7,0,1
C01195,2026-03-01,8,0,1
C01195,2026-04-01,6,1,1
C01195,2026-05-01,1,0,0
C01195,2026-06-01,0,0,0
C01196,2025-11-01,1,2,0
C01196,2025-12-01,10,0,1
C01196,2026-01-01,7,0,1
C01196,2026-02-01,0,0,0
C01196,2026-03-01,15,1,1
C01196,2026-04-01,6,1,1
C01196,2026-05-01,11,0,1
C01196,2026-06-01,2,0,0
C01197,2026-01-01,4,2,1
C01197,2026-02-01,3,1,1
C01197,2026-03-01,7,0,1
C01197,2026-04-01,11,1,1
C01197,2026-05-01,0,1,0
C01197,2026-06-01,7,0,1
C01198,2026-02-01,8,0,1
C01198,2026-03-01,14,1,1
C01198,2026-04-01,0,2,0
C01198,2026-05-01,1,0,0
C01198,2026-06-01,8,0,1
C01199,2026-02-01,4,0,1
C01199,2026-03-01,9,0,1
C01199,2026-04-01,4,0,1
C01199,2026-05-01,11,0,1
C01199,2026-06-01,5,0,1
C01200,2026-01-01,6,0,1
C01200,2026-02-01,2,1,0
C01200,2026-03-01,1,0,1
C01200,2026-04-01,6,0,1
C01200,2026-05-01,1,0,0
C01200,2026-06-01,1,1,0
