order_id,customer_id,order_date,product_category,gross_amount,discount_pct,net_amount,order_status
O000001,C00001,2026-03-07,Electronics,9137.59,0.1,8223.83,Completed
O000002,C00001,2026-04-18,Home,3753.64,0.1,3378.28,Completed
O000003,C00001,2026-04-05,Home,4278.95,0.0,4278.95,Completed
O000004,C00001,2026-03-05,Grocery,1090.77,0.0,1090.77,Completed
O000005,C00002,2025-04-11,Grocery,1280.08,0.05,1216.08,Completed
O000006,C00002,2025-09-30,Electronics,3025.69,0.0,3025.69,Completed
O000007,C00002,2025-03-13,Electronics,5536.31,0.1,4982.68,Completed
O000008,C00002,2025-06-17,Home,1461.69,0.05,1388.61,Completed
O000009,C00002,2025-11-11,Grocery,701.54,0.0,701.54,Completed
O000010,C00003,2026-03-07,Grocery,1130.57,0.0,1130.57,Completed
O000011,C00003,2026-03-29,Grocery,893.74,0.0,893.74,Completed
O000012,C00003,2026-04-26,Home,2694.88,0.1,2425.39,Completed
O000013,C00003,2026-04-30,Grocery,712.41,0.05,676.79,Completed
O000014,C00003,2026-04-08,Electronics,8548.71,0.1,7693.84,Cancelled
O000015,C00003,2026-06-09,Home,3467.74,0.1,3120.97,Returned
O000016,C00003,2026-06-01,Sports,1311.66,0.0,1311.66,Completed
O000017,C00004,2026-06-09,Beauty,1079.59,0.0,1079.59,Completed
O000018,C00004,2026-05-16,Home,2826.77,0.0,2826.77,Completed
O000019,C00004,2026-06-09,Electronics,1867.6,0.0,1867.6,Completed
O000020,C00004,2026-05-08,Sports,2236.57,0.0,2236.57,Returned
O000021,C00004,2026-05-09,Beauty,1598.06,0.0,1598.06,Completed
O000022,C00004,2026-06-10,Grocery,1125.5,0.15,956.68,Completed
O000023,C00004,2026-05-30,Electronics,7199.34,0.15,6119.44,Completed
O000024,C00005,2026-06-10,Grocery,640.25,0.1,576.22,Completed
O000025,C00005,2025-12-20,Sports,858.49,0.05,815.57,Completed
O000026,C00005,2025-11-27,Grocery,728.0,0.1,655.2,Completed
O000027,C00006,2025-09-21,Grocery,152.93,0.0,152.93,Completed
O000028,C00007,2026-04-18,Grocery,1543.25,0.0,1543.25,Completed
O000029,C00007,2026-03-06,Electronics,4938.71,0.15,4197.9,Completed
O000030,C00007,2026-01-27,Home,1395.98,0.15,1186.58,Completed
O000031,C00007,2026-03-31,Electronics,7237.87,0.0,7237.87,Completed
O000032,C00007,2026-03-16,Electronics,5288.05,0.0,5288.05,Cancelled
O000033,C00008,2026-04-27,Beauty,1638.78,0.1,1474.9,Completed
O000034,C00008,2026-05-16,Beauty,1925.25,0.1,1732.72,Cancelled
O000035,C00008,2026-03-02,Beauty,1338.66,0.0,1338.66,Completed
O000036,C00008,2026-04-20,Home,3629.94,0.15,3085.45,Completed
O000037,C00008,2026-03-29,Electronics,4979.51,0.05,4730.53,Completed
O000038,C00009,2026-04-08,Home,2740.15,0.1,2466.14,Completed
O000039,C00009,2026-03-20,Home,1828.54,0.0,1828.54,Completed
O000040,C00009,2025-12-15,Sports,2908.86,0.1,2617.97,Completed
O000041,C00009,2026-02-09,Beauty,1890.67,0.15,1607.07,Completed
O000042,C00009,2026-06-28,Grocery,983.34,0.05,934.17,Completed
O000043,C00009,2025-12-30,Beauty,1887.93,0.0,1887.93,Completed
O000044,C00009,2026-06-07,Electronics,7704.17,0.15,6548.54,Completed
O000045,C00009,2026-01-01,Electronics,7207.2,0.0,7207.2,Completed
O000046,C00010,2026-02-25,Sports,984.42,0.1,885.98,Completed
O000047,C00010,2026-02-13,Electronics,5373.95,0.0,5373.95,Completed
O000048,C00010,2026-01-30,Grocery,743.26,0.05,706.1,Completed
O000049,C00010,2026-06-08,Beauty,2021.15,0.0,2021.15,Completed
O000050,C00010,2026-01-30,Sports,2422.32,0.05,2301.2,Completed
O000051,C00010,2026-03-18,Sports,3115.22,0.1,2803.7,Completed
O000052,C00010,2026-01-12,Beauty,2306.19,0.0,2306.19,Completed
O000053,C00010,2026-01-11,Home,3633.08,0.2,2906.46,Completed
O000054,C00011,2026-06-29,Beauty,1604.66,0.1,1444.19,Completed
O000055,C00011,2026-06-15,Grocery,1100.88,0.0,1100.88,Completed
O000056,C00011,2026-06-12,Beauty,1620.45,0.0,1620.45,Cancelled
O000057,C00011,2026-05-20,Home,2877.32,0.0,2877.32,Completed
O000058,C00012,2026-04-03,Sports,1844.74,0.1,1660.27,Completed
O000059,C00012,2025-09-01,Electronics,3686.92,0.0,3686.92,Completed
O000060,C00012,2025-09-11,Home,3462.0,0.05,3288.9,Completed
O000061,C00012,2026-06-03,Home,2302.42,0.05,2187.3,Cancelled
O000062,C00012,2026-06-30,Sports,768.25,0.0,768.25,Completed
O000063,C00013,2026-05-12,Electronics,8070.83,0.0,8070.83,Cancelled
O000064,C00013,2026-04-15,Sports,2404.53,0.05,2284.3,Returned
O000065,C00013,2026-05-12,Sports,1286.02,0.0,1286.02,Completed
O000066,C00013,2026-05-03,Beauty,1918.33,0.0,1918.33,Completed
O000067,C00013,2026-06-29,Grocery,843.96,0.1,759.56,Completed
O000068,C00013,2026-06-15,Electronics,4423.36,0.0,4423.36,Completed
O000069,C00014,2026-05-10,Electronics,9563.61,0.05,9085.43,Completed
O000070,C00014,2026-05-10,Grocery,502.72,0.1,452.45,Completed
O000071,C00015,2025-11-11,Beauty,1876.58,0.05,1782.75,Completed
O000072,C00016,2026-02-17,Beauty,1345.84,0.1,1211.26,Completed
O000073,C00016,2026-05-11,Home,2924.55,0.05,2778.32,Completed
O000074,C00016,2026-05-16,Electronics,6697.86,0.05,6362.97,Completed
O000075,C00016,2026-03-28,Grocery,1236.78,0.15,1051.26,Returned
O000076,C00016,2026-03-06,Grocery,656.37,0.0,656.37,Completed
O000077,C00016,2026-02-16,Beauty,965.68,0.0,965.68,Completed
O000078,C00016,2026-05-29,Grocery,1168.22,0.15,992.99,Completed
O000079,C00017,2025-11-16,Home,4220.86,0.0,4220.86,Completed
O000080,C00017,2026-02-14,Home,1402.4,0.0,1402.4,Completed
O000081,C00017,2026-05-10,Grocery,1413.12,0.0,1413.12,Completed
O000082,C00018,2025-10-04,Grocery,393.51,0.2,314.81,Cancelled
O000083,C00018,2026-03-18,Sports,1809.92,0.0,1809.92,Completed
O000084,C00018,2025-10-13,Electronics,4567.78,0.15,3882.61,Completed
O000085,C00018,2026-04-07,Beauty,1275.49,0.2,1020.39,Completed
O000086,C00018,2026-02-03,Electronics,4991.89,0.05,4742.3,Completed
O000087,C00018,2026-02-04,Grocery,793.31,0.0,793.31,Completed
O000088,C00018,2025-11-13,Electronics,6108.37,0.05,5802.95,Returned
O000089,C00018,2026-06-09,Electronics,9293.56,0.05,8828.88,Completed
O000090,C00018,2025-12-07,Home,2788.57,0.1,2509.71,Completed
O000091,C00018,2026-06-04,Grocery,1329.69,0.0,1329.69,Completed
O000092,C00018,2025-12-27,Beauty,724.39,0.05,688.17,Cancelled
O000093,C00019,2026-05-19,Grocery,669.02,0.1,602.12,Completed
O000094,C00019,2026-05-06,Home,2143.59,0.05,2036.41,Completed
O000095,C00019,2026-05-21,Home,2539.69,0.1,2285.72,Completed
O000096,C00019,2026-06-12,Beauty,1907.89,0.0,1907.89,Completed
O000097,C00019,2026-05-03,Beauty,826.1,0.05,784.8,Completed
O000098,C00019,2026-05-08,Grocery,1616.29,0.05,1535.48,Completed
O000099,C00019,2026-05-09,Electronics,10293.29,0.0,10293.29,Completed
O000100,C00019,2026-04-13,Home,2396.76,0.05,2276.92,Completed
O000101,C00019,2026-03-21,Beauty,1713.55,0.15,1456.52,Completed
O000102,C00020,2025-02-06,Grocery,485.5,0.1,436.95,Completed
O000103,C00020,2025-09-08,Grocery,897.76,0.05,852.87,Completed
O000104,C00020,2025-08-29,Electronics,6905.35,0.15,5869.55,Completed
O000105,C00020,2025-03-29,Electronics,10478.01,0.05,9954.11,Completed
O000106,C00020,2025-09-07,Electronics,5611.08,0.0,5611.08,Completed
O000107,C00021,2026-01-22,Beauty,1520.58,0.05,1444.55,Completed
O000108,C00021,2026-02-01,Grocery,647.28,0.0,647.28,Completed
O000109,C00021,2026-03-15,Beauty,1752.02,0.1,1576.82,Completed
O000110,C00021,2026-05-18,Home,2645.41,0.05,2513.14,Completed
O000111,C00021,2026-06-01,Home,3439.26,0.0,3439.26,Cancelled
O000112,C00021,2026-06-09,Grocery,386.13,0.0,386.13,Completed
O000113,C00021,2026-05-15,Home,3606.33,0.1,3245.7,Completed
O000114,C00021,2026-05-15,Sports,1458.76,0.1,1312.88,Returned
O000115,C00022,2025-06-07,Electronics,9846.6,0.1,8861.94,Completed
O000116,C00023,2025-04-13,Sports,1661.39,0.0,1661.39,Completed
O000117,C00023,2025-08-23,Sports,1221.01,0.0,1221.01,Completed
O000118,C00024,2026-01-13,Sports,1239.58,0.1,1115.62,Completed
O000119,C00024,2026-06-25,Electronics,9424.25,0.15,8010.61,Completed
O000120,C00024,2026-05-27,Electronics,5076.8,0.15,4315.28,Completed
O000121,C00024,2025-07-18,Sports,2128.92,0.15,1809.58,Returned
O000122,C00024,2026-06-24,Beauty,2162.59,0.0,2162.59,Returned
O000123,C00025,2025-05-17,Home,2923.88,0.05,2777.69,Completed
O000124,C00025,2025-08-10,Home,1645.94,0.0,1645.94,Cancelled
O000125,C00025,2026-04-30,Home,2836.87,0.15,2411.34,Completed
O000126,C00025,2026-04-03,Home,2531.97,0.15,2152.17,Completed
O000127,C00025,2025-11-07,Sports,634.59,0.05,602.86,Completed
O000128,C00026,2026-02-03,Electronics,11305.6,0.15,9609.76,Completed
O000129,C00026,2026-03-25,Grocery,650.87,0.1,585.78,Completed
O000130,C00026,2025-12-27,Electronics,6577.37,0.15,5590.76,Completed
O000131,C00026,2026-05-17,Grocery,900.51,0.05,855.48,Completed
O000132,C00026,2025-12-05,Electronics,7443.61,0.0,7443.61,Completed
O000133,C00026,2026-06-12,Home,1949.1,0.05,1851.64,Completed
O000134,C00027,2026-05-12,Sports,2275.32,0.0,2275.32,Completed
O000135,C00027,2026-06-22,Sports,2501.67,0.0,2501.67,Completed
O000136,C00028,2025-06-23,Sports,1691.14,0.15,1437.47,Completed
O000137,C00028,2026-06-11,Electronics,6045.04,0.0,6045.04,Completed
O000138,C00028,2025-05-29,Sports,1407.54,0.1,1266.79,Completed
O000139,C00028,2025-03-07,Sports,3247.72,0.15,2760.56,Completed
O000140,C00028,2025-07-19,Sports,2220.45,0.2,1776.36,Completed
O000141,C00028,2025-07-30,Sports,3030.47,0.05,2878.95,Completed
O000142,C00028,2026-02-25,Grocery,796.76,0.05,756.92,Completed
O000143,C00029,2026-03-14,Sports,1995.48,0.15,1696.16,Completed
O000144,C00029,2025-06-28,Home,2408.12,0.0,2408.12,Completed
O000145,C00029,2025-09-08,Home,3276.46,0.05,3112.64,Completed
O000146,C00029,2025-05-09,Grocery,285.95,0.05,271.65,Cancelled
O000147,C00029,2026-04-21,Grocery,460.43,0.0,460.43,Completed
O000148,C00029,2025-05-11,Beauty,1053.12,0.1,947.81,Completed
O000149,C00029,2025-05-09,Electronics,9747.12,0.0,9747.12,Completed
O000150,C00029,2026-02-03,Sports,1877.04,0.0,1877.04,Completed
O000151,C00030,2025-11-27,Grocery,603.99,0.15,513.39,Completed
O000152,C00030,2025-06-03,Electronics,9133.43,0.0,9133.43,Completed
O000153,C00030,2025-11-30,Electronics,8047.49,0.05,7645.12,Completed
O000154,C00030,2026-05-24,Home,2605.13,0.1,2344.62,Completed
O000155,C00031,2025-08-15,Grocery,1085.17,0.05,1030.91,Completed
O000156,C00031,2025-08-14,Home,3407.34,0.0,3407.34,Completed
O000157,C00031,2026-02-02,Electronics,9573.19,0.05,9094.53,Completed
O000158,C00031,2026-04-28,Home,2159.39,0.0,2159.39,Completed
O000159,C00032,2026-04-12,Grocery,993.24,0.0,993.24,Completed
O000160,C00032,2025-07-10,Grocery,1023.78,0.05,972.59,Completed
O000161,C00032,2025-07-31,Sports,2284.91,0.05,2170.66,Completed
O000162,C00032,2026-05-22,Grocery,1094.28,0.0,1094.28,Completed
O000163,C00032,2026-04-05,Grocery,686.69,0.15,583.69,Completed
O000164,C00032,2025-11-28,Beauty,1603.62,0.0,1603.62,Completed
O000165,C00033,2026-01-12,Beauty,1138.22,0.15,967.49,Completed
O000166,C00033,2026-01-30,Beauty,1473.95,0.05,1400.25,Completed
O000167,C00033,2026-04-20,Home,2355.95,0.0,2355.95,Completed
O000168,C00033,2026-03-02,Sports,1820.09,0.0,1820.09,Completed
O000169,C00033,2026-03-10,Electronics,7828.9,0.0,7828.9,Completed
O000170,C00034,2026-01-14,Sports,2672.68,0.0,2672.68,Completed
O000171,C00034,2026-06-20,Grocery,1136.12,0.1,1022.51,Completed
O000172,C00034,2026-02-06,Electronics,6104.27,0.15,5188.63,Completed
O000173,C00034,2026-05-29,Home,1807.23,0.0,1807.23,Completed
O000174,C00034,2026-05-21,Beauty,573.26,0.0,573.26,Completed
O000175,C00034,2026-02-14,Beauty,1992.38,0.15,1693.52,Completed
O000176,C00034,2026-01-29,Home,2151.74,0.05,2044.15,Completed
O000177,C00034,2026-04-16,Beauty,1586.67,0.1,1428.0,Completed
O000178,C00034,2026-02-21,Sports,1857.39,0.05,1764.52,Completed
O000179,C00035,2026-04-10,Beauty,1606.27,0.1,1445.64,Completed
O000180,C00035,2026-05-15,Grocery,1215.52,0.15,1033.19,Returned
O000181,C00035,2025-07-10,Grocery,930.84,0.1,837.76,Completed
O000182,C00035,2025-12-06,Electronics,4454.75,0.1,4009.28,Completed
O000183,C00035,2025-09-12,Beauty,1719.88,0.0,1719.88,Completed
O000184,C00035,2025-09-03,Electronics,8506.81,0.0,8506.81,Completed
O000185,C00035,2026-04-15,Home,2749.96,0.05,2612.46,Completed
O000186,C00035,2025-11-22,Beauty,1279.03,0.1,1151.13,Completed
O000187,C00035,2026-05-11,Home,2440.03,0.15,2074.03,Completed
O000188,C00036,2026-01-09,Home,2530.12,0.05,2403.61,Completed
O000189,C00036,2025-10-20,Grocery,503.39,0.05,478.22,Completed
O000190,C00036,2026-06-07,Beauty,1785.64,0.0,1785.64,Completed
O000191,C00036,2025-03-16,Electronics,9978.31,0.1,8980.48,Completed
O000192,C00036,2026-04-01,Beauty,1579.03,0.05,1500.08,Completed
O000193,C00036,2025-03-09,Electronics,7590.73,0.05,7211.19,Completed
O000194,C00036,2025-12-30,Home,2731.64,0.05,2595.06,Cancelled
O000195,C00036,2025-10-18,Home,3584.75,0.15,3047.04,Completed
O000196,C00036,2026-04-20,Grocery,776.46,0.0,776.46,Completed
O000197,C00037,2026-05-15,Grocery,1334.22,0.05,1267.51,Completed
O000198,C00037,2026-01-28,Electronics,6763.5,0.1,6087.15,Completed
O000199,C00037,2026-02-14,Home,3081.04,0.1,2772.94,Completed
O000200,C00037,2026-06-14,Electronics,6165.11,0.1,5548.6,Completed
O000201,C00037,2026-04-30,Grocery,960.67,0.05,912.64,Completed
O000202,C00037,2026-06-16,Home,5144.27,0.0,5144.27,Completed
O000203,C00037,2026-05-16,Home,2687.49,0.05,2553.12,Completed
O000204,C00037,2026-02-05,Beauty,1677.72,0.0,1677.72,Completed
O000205,C00038,2026-04-19,Electronics,6107.95,0.0,6107.95,Completed
O000206,C00038,2026-06-27,Beauty,733.57,0.1,660.21,Completed
O000207,C00038,2026-03-30,Home,2494.88,0.0,2494.88,Completed
O000208,C00038,2026-05-28,Electronics,9293.25,0.2,7434.6,Completed
O000209,C00039,2025-12-28,Grocery,725.03,0.05,688.78,Returned
O000210,C00040,2026-03-07,Grocery,906.89,0.05,861.55,Completed
O000211,C00040,2026-06-02,Home,377.87,0.05,358.98,Completed
O000212,C00040,2026-01-22,Home,1157.72,0.0,1157.72,Completed
O000213,C00040,2026-06-15,Home,3281.24,0.0,3281.24,Returned
O000214,C00040,2026-03-08,Electronics,8749.19,0.15,7436.81,Completed
O000215,C00041,2025-07-18,Beauty,1513.92,0.05,1438.22,Completed
O000216,C00042,2026-06-19,Sports,2894.15,0.05,2749.44,Completed
O000217,C00042,2026-06-24,Home,2785.61,0.0,2785.61,Completed
O000218,C00042,2026-02-07,Home,1034.53,0.15,879.35,Completed
O000219,C00042,2026-06-20,Electronics,5995.78,0.15,5096.41,Completed
O000220,C00042,2026-03-08,Electronics,7150.39,0.15,6077.83,Completed
O000221,C00042,2026-03-31,Home,2926.87,0.15,2487.84,Completed
O000222,C00042,2026-01-21,Sports,671.04,0.05,637.49,Completed
O000223,C00043,2025-12-07,Beauty,1389.93,0.0,1389.93,Completed
O000224,C00043,2025-10-05,Home,3083.4,0.05,2929.23,Completed
O000225,C00043,2025-06-23,Home,3397.34,0.1,3057.61,Returned
O000226,C00043,2026-01-01,Beauty,637.87,0.15,542.19,Completed
O000227,C00043,2025-10-31,Electronics,7260.85,0.05,6897.81,Completed
O000228,C00043,2025-10-31,Beauty,2124.26,0.0,2124.26,Completed
O000229,C00044,2026-04-11,Grocery,1201.23,0.2,960.98,Completed
O000230,C00044,2026-02-08,Grocery,1632.27,0.0,1632.27,Completed
O000231,C00044,2026-01-21,Electronics,2357.77,0.15,2004.1,Completed
O000232,C00045,2026-04-11,Beauty,1054.17,0.0,1054.17,Completed
O000233,C00045,2026-04-19,Grocery,658.44,0.15,559.67,Completed
O000234,C00045,2026-04-30,Electronics,6654.86,0.1,5989.37,Completed
O000235,C00046,2025-09-18,Grocery,748.6,0.1,673.74,Completed
O000236,C00046,2026-03-04,Beauty,2644.3,0.0,2644.3,Completed
O000237,C00046,2026-01-01,Sports,2096.68,0.05,1991.85,Completed
O000238,C00046,2026-05-31,Grocery,1063.6,0.1,957.24,Completed
O000239,C00046,2025-09-22,Sports,1136.94,0.2,909.55,Completed
O000240,C00046,2026-05-16,Home,2372.57,0.05,2253.94,Completed
O000241,C00046,2025-12-02,Electronics,8067.85,0.0,8067.85,Completed
O000242,C00047,2026-03-16,Sports,1673.6,0.0,1673.6,Completed
O000243,C00048,2025-01-17,Grocery,1083.54,0.1,975.19,Cancelled
O000244,C00048,2025-08-05,Beauty,1179.17,0.0,1179.17,Completed
O000245,C00048,2026-04-02,Electronics,7938.08,0.0,7938.08,Completed
O000246,C00048,2025-12-20,Grocery,703.83,0.2,563.06,Completed
O000247,C00048,2025-12-03,Electronics,5533.35,0.15,4703.35,Completed
O000248,C00048,2025-11-19,Grocery,1233.28,0.15,1048.29,Returned
O000249,C00048,2025-11-28,Sports,2814.51,0.15,2392.33,Completed
O000250,C00048,2025-12-16,Sports,1293.96,0.1,1164.56,Completed
O000251,C00049,2026-05-20,Beauty,827.85,0.05,786.46,Completed
O000252,C00049,2026-04-13,Home,2808.96,0.05,2668.51,Completed
O000253,C00049,2026-01-11,Sports,1521.3,0.0,1521.3,Completed
O000254,C00049,2026-05-12,Sports,3281.21,0.2,2624.97,Completed
O000255,C00049,2026-05-15,Home,1827.8,0.05,1736.41,Completed
O000256,C00050,2026-02-15,Grocery,725.59,0.0,725.59,Returned
O000257,C00050,2025-09-07,Sports,2368.37,0.15,2013.11,Completed
O000258,C00050,2026-01-11,Electronics,5484.62,0.05,5210.39,Completed
O000259,C00050,2025-09-08,Beauty,1219.22,0.1,1097.3,Completed
O000260,C00050,2025-07-22,Sports,2364.63,0.05,2246.4,Completed
O000261,C00050,2026-05-13,Grocery,1075.15,0.05,1021.39,Completed
O000262,C00051,2026-04-02,Beauty,1110.27,0.15,943.73,Completed
O000263,C00051,2026-01-20,Sports,2757.75,0.0,2757.75,Completed
O000264,C00051,2026-01-08,Home,2859.93,0.1,2573.94,Completed
O000265,C00051,2026-02-12,Sports,1549.87,0.05,1472.38,Completed
O000266,C00051,2026-06-07,Home,3429.53,0.1,3086.58,Completed
O000267,C00051,2026-04-29,Electronics,5576.35,0.05,5297.53,Completed
O000268,C00051,2025-10-19,Grocery,150.0,0.0,150.0,Completed
O000269,C00051,2026-05-01,Grocery,1067.42,0.1,960.68,Completed
O000270,C00051,2025-11-14,Electronics,10674.22,0.0,10674.22,Completed
O000271,C00051,2026-06-15,Home,4968.14,0.0,4968.14,Returned
O000272,C00052,2025-11-15,Home,3183.81,0.15,2706.24,Completed
O000273,C00052,2025-07-24,Home,3659.8,0.15,3110.83,Completed
O000274,C00052,2025-01-27,Electronics,6052.32,0.15,5144.47,Completed
O000275,C00052,2025-09-09,Sports,1891.3,0.0,1891.3,Completed
O000276,C00052,2025-03-17,Sports,2828.14,0.05,2686.73,Completed
O000277,C00053,2026-03-10,Grocery,785.72,0.15,667.86,Completed
O000278,C00053,2025-07-28,Sports,1531.04,0.0,1531.04,Completed
O000279,C00053,2026-05-31,Sports,2477.99,0.0,2477.99,Completed
O000280,C00053,2025-09-16,Home,3748.74,0.05,3561.3,Completed
O000281,C00053,2025-01-15,Electronics,7670.88,0.0,7670.88,Completed
O000282,C00053,2026-03-21,Home,2430.7,0.0,2430.7,Completed
O000283,C00053,2025-07-09,Grocery,1092.1,0.0,1092.1,Completed
O000284,C00053,2026-04-30,Electronics,1768.83,0.0,1768.83,Completed
O000285,C00053,2025-09-22,Electronics,7130.16,0.1,6417.14,Completed
O000286,C00053,2026-04-22,Home,4130.19,0.05,3923.68,Completed
O000287,C00053,2026-04-30,Grocery,1088.47,0.1,979.62,Completed
O000288,C00054,2026-05-20,Grocery,356.65,0.1,320.98,Completed
O000289,C00054,2026-04-19,Sports,2001.88,0.0,2001.88,Completed
O000290,C00054,2026-05-27,Grocery,1240.87,0.0,1240.87,Completed
O000291,C00054,2026-05-03,Grocery,814.19,0.05,773.48,Completed
O000292,C00054,2026-05-06,Home,4009.05,0.0,4009.05,Completed
O000293,C00054,2026-06-13,Sports,1037.27,0.15,881.68,Completed
O000294,C00054,2026-05-06,Beauty,1291.94,0.0,1291.94,Completed
O000295,C00054,2026-06-14,Home,3862.51,0.05,3669.38,Cancelled
O000296,C00055,2026-03-27,Beauty,1503.05,0.05,1427.9,Completed
O000297,C00055,2026-06-01,Grocery,1286.02,0.05,1221.72,Cancelled
O000298,C00055,2026-01-08,Home,2620.26,0.0,2620.26,Completed
O000299,C00055,2025-09-22,Sports,1971.27,0.0,1971.27,Completed
O000300,C00056,2025-04-30,Beauty,1252.57,0.05,1189.94,Completed
O000301,C00056,2025-07-20,Beauty,1238.55,0.2,990.84,Completed
O000302,C00056,2025-09-09,Beauty,2220.68,0.05,2109.65,Completed
O000303,C00056,2026-06-22,Grocery,270.35,0.1,243.32,Completed
O000304,C00056,2025-05-02,Home,2833.35,0.15,2408.35,Completed
O000305,C00056,2025-06-07,Home,2964.22,0.15,2519.59,Completed
O000306,C00056,2025-10-04,Home,3939.01,0.05,3742.06,Completed
O000307,C00056,2026-03-18,Home,1029.1,0.2,823.28,Completed
O000308,C00057,2026-05-04,Sports,1988.37,0.0,1988.37,Completed
O000309,C00057,2026-05-26,Beauty,212.17,0.1,190.95,Completed
O000310,C00058,2026-02-21,Sports,1203.08,0.0,1203.08,Completed
O000311,C00058,2025-12-18,Electronics,4006.1,0.0,4006.1,Returned
O000312,C00058,2025-09-02,Sports,2147.74,0.15,1825.58,Completed
O000313,C00058,2025-12-05,Grocery,1710.18,0.2,1368.14,Cancelled
O000314,C00059,2026-05-19,Electronics,1382.54,0.05,1313.41,Returned
O000315,C00059,2026-06-29,Grocery,907.81,0.15,771.64,Returned
O000316,C00059,2026-02-27,Sports,1519.1,0.0,1519.1,Completed
O000317,C00059,2025-11-23,Beauty,871.67,0.2,697.34,Returned
O000318,C00060,2025-10-29,Sports,2490.36,0.15,2116.81,Completed
O000319,C00060,2025-12-30,Grocery,480.83,0.05,456.79,Completed
O000320,C00061,2026-02-04,Sports,522.96,0.0,522.96,Completed
O000321,C00061,2026-02-04,Beauty,1623.69,0.1,1461.32,Completed
O000322,C00061,2026-05-26,Sports,2007.07,0.15,1706.01,Cancelled
O000323,C00061,2025-10-29,Sports,2247.94,0.0,2247.94,Completed
O000324,C00062,2026-03-23,Sports,1574.4,0.1,1416.96,Completed
O000325,C00062,2026-06-30,Home,2598.82,0.0,2598.82,Completed
O000326,C00062,2026-04-25,Home,3896.18,0.1,3506.56,Completed
O000327,C00062,2026-06-04,Grocery,676.53,0.0,676.53,Completed
O000328,C00063,2025-12-12,Sports,2696.34,0.05,2561.52,Returned
O000329,C00063,2026-05-06,Grocery,844.06,0.05,801.86,Returned
O000330,C00063,2026-05-24,Electronics,7992.15,0.15,6793.33,Completed
O000331,C00063,2025-12-27,Sports,1606.18,0.0,1606.18,Completed
O000332,C00063,2026-01-09,Sports,834.04,0.0,834.04,Completed
O000333,C00064,2025-08-10,Electronics,8065.05,0.15,6855.29,Completed
O000334,C00065,2026-04-16,Sports,1728.0,0.0,1728.0,Completed
O000335,C00065,2026-04-24,Home,3010.92,0.05,2860.37,Returned
O000336,C00065,2026-05-11,Beauty,1775.61,0.0,1775.61,Completed
O000337,C00065,2026-04-26,Sports,3739.41,0.0,3739.41,Completed
O000338,C00066,2026-01-16,Sports,3077.78,0.0,3077.78,Returned
O000339,C00066,2026-01-03,Electronics,1997.31,0.1,1797.58,Completed
O000340,C00066,2026-04-24,Electronics,5888.22,0.0,5888.22,Completed
O000341,C00066,2026-05-30,Electronics,7385.75,0.0,7385.75,Completed
O000342,C00066,2026-02-22,Home,3609.72,0.1,3248.75,Completed
O000343,C00067,2026-01-25,Electronics,6082.99,0.15,5170.54,Completed
O000344,C00067,2026-04-02,Electronics,6454.97,0.05,6132.22,Completed
O000345,C00067,2026-03-20,Electronics,6688.31,0.05,6353.89,Completed
O000346,C00067,2026-06-28,Home,2836.05,0.2,2268.84,Completed
O000347,C00068,2025-10-27,Electronics,7480.21,0.0,7480.21,Completed
O000348,C00068,2026-05-31,Home,1549.83,0.05,1472.34,Completed
O000349,C00068,2025-11-16,Home,3489.08,0.1,3140.17,Completed
O000350,C00068,2026-03-16,Electronics,7713.05,0.0,7713.05,Completed
O000351,C00068,2026-05-01,Home,2326.06,0.05,2209.76,Completed
O000352,C00069,2026-03-25,Beauty,1812.47,0.15,1540.6,Completed
O000353,C00070,2026-05-11,Home,3232.8,0.1,2909.52,Completed
O000354,C00070,2026-03-07,Home,2390.75,0.05,2271.21,Completed
O000355,C00070,2026-04-26,Electronics,4979.99,0.15,4232.99,Completed
O000356,C00070,2026-02-12,Beauty,1017.18,0.0,1017.18,Completed
O000357,C00070,2026-05-13,Sports,1904.92,0.0,1904.92,Completed
O000358,C00070,2026-03-28,Electronics,7732.45,0.1,6959.2,Completed
O000359,C00070,2026-04-09,Electronics,7549.74,0.05,7172.25,Completed
O000360,C00070,2026-04-24,Grocery,1309.8,0.2,1047.84,Completed
O000361,C00071,2026-02-24,Grocery,739.31,0.05,702.34,Completed
O000362,C00071,2026-02-04,Beauty,1757.46,0.1,1581.71,Completed
O000363,C00071,2026-06-10,Sports,3463.11,0.0,3463.11,Returned
O000364,C00071,2026-04-29,Electronics,3812.03,0.05,3621.43,Completed
O000365,C00071,2026-06-03,Beauty,1916.84,0.05,1821.0,Returned
O000366,C00072,2025-02-20,Sports,2172.26,0.15,1846.42,Completed
O000367,C00072,2026-04-11,Sports,2224.25,0.1,2001.82,Completed
O000368,C00073,2025-05-31,Sports,2731.36,0.05,2594.79,Completed
O000369,C00073,2025-10-09,Sports,1832.05,0.05,1740.45,Completed
O000370,C00074,2025-12-23,Sports,1335.49,0.1,1201.94,Completed
O000371,C00074,2026-01-04,Grocery,635.55,0.1,572.0,Completed
O000372,C00074,2026-02-21,Grocery,1283.35,0.05,1219.18,Completed
O000373,C00075,2026-06-02,Sports,1619.53,0.05,1538.55,Completed
O000374,C00075,2026-04-14,Grocery,1020.54,0.15,867.46,Completed
O000375,C00075,2025-10-24,Beauty,1600.62,0.0,1600.62,Completed
O000376,C00075,2025-10-01,Electronics,5870.57,0.2,4696.46,Completed
O000377,C00076,2026-04-26,Sports,2574.35,0.05,2445.63,Completed
O000378,C00076,2026-04-17,Sports,1949.52,0.15,1657.09,Completed
O000379,C00077,2026-06-17,Grocery,1107.75,0.15,941.59,Completed
O000380,C00077,2026-06-30,Sports,3560.21,0.05,3382.2,Completed
O000381,C00077,2026-05-19,Electronics,5337.5,0.0,5337.5,Completed
O000382,C00077,2026-06-08,Beauty,150.0,0.0,150.0,Returned
O000383,C00078,2026-03-13,Sports,3521.25,0.15,2993.06,Completed
O000384,C00078,2026-03-21,Beauty,1352.21,0.1,1216.99,Completed
O000385,C00078,2026-04-02,Beauty,1037.16,0.15,881.59,Completed
O000386,C00079,2026-02-10,Grocery,1172.42,0.15,996.56,Completed
O000387,C00079,2026-05-29,Beauty,454.41,0.05,431.69,Completed
O000388,C00079,2026-04-22,Electronics,5596.39,0.05,5316.57,Completed
O000389,C00079,2026-04-12,Home,3850.75,0.0,3850.75,Completed
O000390,C00079,2025-12-22,Home,3791.98,0.05,3602.38,Completed
O000391,C00079,2026-06-03,Sports,2117.97,0.15,1800.27,Completed
O000392,C00079,2026-04-05,Grocery,389.84,0.1,350.86,Completed
O000393,C00079,2026-06-13,Home,3044.38,0.1,2739.94,Completed
O000394,C00080,2026-02-01,Sports,2190.65,0.0,2190.65,Returned
O000395,C00080,2026-01-09,Sports,867.7,0.05,824.32,Completed
O000396,C00080,2025-09-30,Electronics,9534.59,0.05,9057.86,Completed
O000397,C00080,2025-04-01,Beauty,753.71,0.15,640.65,Completed
O000398,C00081,2025-09-10,Sports,2215.48,0.0,2215.48,Completed
O000399,C00081,2025-10-03,Beauty,2015.02,0.05,1914.27,Completed
O000400,C00081,2026-02-08,Sports,1816.79,0.0,1816.79,Completed
O000401,C00081,2026-01-14,Sports,2455.37,0.05,2332.6,Completed
O000402,C00081,2025-12-31,Beauty,886.89,0.15,753.86,Returned
O000403,C00081,2026-05-06,Beauty,1204.05,0.15,1023.44,Cancelled
O000404,C00081,2025-12-06,Beauty,1034.87,0.15,879.64,Completed
O000405,C00081,2025-09-20,Electronics,6261.2,0.0,6261.2,Completed
O000406,C00081,2025-08-12,Beauty,1700.27,0.0,1700.27,Completed
O000407,C00082,2025-12-09,Grocery,331.96,0.0,331.96,Completed
O000408,C00082,2026-01-11,Home,3061.89,0.15,2602.61,Completed
O000409,C00082,2026-01-27,Sports,2478.56,0.15,2106.78,Completed
O000410,C00082,2026-02-27,Grocery,1000.74,0.15,850.63,Completed
O000411,C00082,2026-03-02,Electronics,5072.57,0.0,5072.57,Completed
O000412,C00082,2026-01-16,Beauty,1435.8,0.05,1364.01,Completed
O000413,C00082,2026-02-02,Beauty,1678.07,0.0,1678.07,Completed
O000414,C00082,2026-01-08,Beauty,893.47,0.0,893.47,Completed
O000415,C00083,2025-04-14,Grocery,1222.2,0.0,1222.2,Completed
O000416,C00083,2025-06-10,Beauty,1306.68,0.1,1176.01,Completed
O000417,C00083,2025-04-30,Electronics,5070.97,0.0,5070.97,Completed
O000418,C00083,2026-01-15,Beauty,1448.48,0.0,1448.48,Completed
O000419,C00083,2026-03-30,Home,1066.33,0.15,906.38,Completed
O000420,C00083,2026-02-27,Sports,2482.39,0.1,2234.15,Completed
O000421,C00084,2026-04-21,Electronics,1336.89,0.1,1203.2,Completed
O000422,C00084,2026-06-20,Beauty,1297.43,0.05,1232.56,Completed
O000423,C00085,2025-10-03,Sports,733.2,0.05,696.54,Completed
O000424,C00085,2025-09-18,Beauty,1526.19,0.2,1220.95,Completed
O000425,C00085,2025-05-10,Electronics,4839.55,0.15,4113.62,Completed
O000426,C00085,2025-06-14,Sports,3720.29,0.05,3534.28,Completed
O000427,C00085,2025-04-04,Electronics,5611.3,0.0,5611.3,Completed
O000428,C00086,2025-11-10,Sports,2341.25,0.0,2341.25,Completed
O000429,C00086,2025-05-26,Grocery,1167.48,0.05,1109.11,Returned
O000430,C00086,2026-03-07,Electronics,3600.47,0.05,3420.45,Completed
O000431,C00086,2025-07-05,Home,5559.67,0.0,5559.67,Completed
O000432,C00086,2026-06-08,Grocery,150.0,0.05,142.5,Completed
O000433,C00086,2025-09-21,Electronics,6109.42,0.0,6109.42,Completed
O000434,C00086,2025-08-24,Electronics,7508.37,0.05,7132.95,Completed
O000435,C00087,2025-12-06,Sports,2424.99,0.1,2182.49,Completed
O000436,C00087,2025-12-31,Grocery,1111.84,0.1,1000.66,Completed
O000437,C00087,2026-04-04,Grocery,916.76,0.05,870.92,Completed
O000438,C00087,2025-06-19,Grocery,641.43,0.0,641.43,Completed
O000439,C00087,2025-09-06,Sports,3612.34,0.0,3612.34,Completed
O000440,C00087,2026-06-04,Sports,2660.77,0.2,2128.62,Completed
O000441,C00087,2025-07-26,Grocery,1486.3,0.0,1486.3,Completed
O000442,C00087,2025-10-01,Beauty,936.32,0.05,889.5,Completed
O000443,C00087,2025-12-12,Grocery,998.8,0.0,998.8,Completed
O000444,C00087,2025-03-26,Grocery,1109.8,0.1,998.82,Completed
O000445,C00087,2026-06-30,Electronics,2591.24,0.0,2591.24,Completed
O000446,C00087,2026-06-24,Home,1621.25,0.2,1297.0,Completed
O000447,C00087,2026-01-10,Home,1372.54,0.05,1303.91,Completed
O000448,C00088,2025-11-23,Electronics,10744.8,0.1,9670.32,Completed
O000449,C00088,2025-09-29,Home,1911.33,0.05,1815.76,Completed
O000450,C00088,2025-10-07,Grocery,1395.28,0.05,1325.52,Completed
O000451,C00088,2025-08-18,Home,3860.71,0.1,3474.64,Completed
O000452,C00088,2025-07-12,Sports,1231.02,0.05,1169.47,Completed
O000453,C00089,2026-03-25,Grocery,694.16,0.1,624.74,Completed
O000454,C00089,2026-04-04,Beauty,1210.59,0.0,1210.59,Completed
O000455,C00089,2025-08-23,Home,4045.64,0.05,3843.36,Completed
O000456,C00089,2026-01-01,Beauty,919.77,0.1,827.79,Completed
O000457,C00090,2026-06-28,Sports,1129.01,0.0,1129.01,Completed
O000458,C00090,2025-08-09,Home,2327.31,0.05,2210.94,Returned
O000459,C00090,2025-11-16,Grocery,461.96,0.05,438.86,Completed
O000460,C00090,2026-06-07,Home,1381.77,0.1,1243.59,Completed
O000461,C00090,2026-02-06,Electronics,8826.07,0.0,8826.07,Completed
O000462,C00090,2026-04-08,Home,2277.24,0.05,2163.38,Completed
O000463,C00091,2026-02-04,Home,1924.13,0.05,1827.92,Completed
O000464,C00091,2026-06-18,Beauty,1209.9,0.05,1149.4,Completed
O000465,C00091,2026-05-07,Home,3295.62,0.05,3130.84,Completed
O000466,C00091,2025-04-15,Electronics,6302.75,0.0,6302.75,Completed
O000467,C00092,2025-12-25,Beauty,1204.73,0.1,1084.26,Completed
O000468,C00092,2026-04-14,Grocery,1053.14,0.15,895.17,Completed
O000469,C00092,2026-01-25,Sports,2325.56,0.15,1976.73,Completed
O000470,C00092,2025-12-14,Sports,1381.87,0.0,1381.87,Completed
O000471,C00093,2026-04-27,Beauty,1122.35,0.0,1122.35,Completed
O000472,C00093,2026-05-03,Sports,2851.3,0.0,2851.3,Completed
O000473,C00093,2025-09-26,Grocery,1810.89,0.1,1629.8,Completed
O000474,C00093,2026-02-10,Sports,2414.34,0.1,2172.91,Completed
O000475,C00093,2025-12-20,Electronics,11250.19,0.0,11250.19,Completed
O000476,C00094,2025-12-27,Electronics,8110.05,0.05,7704.55,Completed
O000477,C00094,2026-05-25,Sports,1247.77,0.0,1247.77,Completed
O000478,C00094,2026-03-07,Beauty,1190.91,0.2,952.73,Completed
O000479,C00094,2025-12-30,Beauty,1744.5,0.1,1570.05,Returned
O000480,C00094,2025-03-09,Electronics,5299.52,0.05,5034.54,Completed
O000481,C00095,2026-03-12,Grocery,1089.93,0.1,980.94,Completed
O000482,C00095,2026-06-12,Electronics,8309.05,0.1,7478.14,Completed
O000483,C00095,2026-03-22,Grocery,865.76,0.05,822.47,Completed
O000484,C00095,2026-01-23,Home,2429.29,0.1,2186.36,Completed
O000485,C00095,2026-05-13,Grocery,992.28,0.1,893.05,Returned
O000486,C00096,2026-03-06,Sports,1274.78,0.0,1274.78,Completed
O000487,C00096,2025-08-27,Home,1985.99,0.1,1787.39,Completed
O000488,C00096,2026-01-31,Sports,3556.84,0.0,3556.84,Completed
O000489,C00097,2026-05-13,Sports,1431.3,0.05,1359.74,Returned
O000490,C00097,2025-12-25,Sports,2599.47,0.0,2599.47,Completed
O000491,C00097,2026-03-01,Sports,2560.32,0.0,2560.32,Completed
O000492,C00097,2026-02-25,Beauty,826.56,0.0,826.56,Completed
O000493,C00097,2026-05-22,Electronics,6012.81,0.0,6012.81,Completed
O000494,C00097,2026-01-12,Beauty,1810.21,0.0,1810.21,Completed
O000495,C00098,2025-10-24,Sports,2896.9,0.1,2607.21,Completed
O000496,C00098,2025-08-22,Sports,2096.53,0.1,1886.88,Completed
O000497,C00098,2026-05-18,Grocery,865.1,0.1,778.59,Completed
O000498,C00098,2025-04-15,Sports,1975.55,0.0,1975.55,Completed
O000499,C00098,2025-05-12,Beauty,1055.7,0.0,1055.7,Completed
O000500,C00098,2025-08-04,Beauty,466.39,0.1,419.75,Completed
O000501,C00098,2025-05-26,Sports,1725.71,0.05,1639.42,Completed
O000502,C00098,2026-06-13,Grocery,577.52,0.0,577.52,Completed
O000503,C00099,2026-05-20,Electronics,6504.5,0.05,6179.28,Completed
O000504,C00099,2026-04-07,Grocery,1382.86,0.1,1244.57,Completed
O000505,C00099,2026-02-16,Sports,1920.39,0.1,1728.35,Completed
O000506,C00099,2025-11-03,Home,3637.31,0.15,3091.71,Completed
O000507,C00099,2026-03-02,Beauty,2694.59,0.1,2425.13,Cancelled
O000508,C00099,2026-03-29,Sports,2660.54,0.0,2660.54,Completed
O000509,C00099,2026-03-30,Sports,2237.98,0.1,2014.18,Completed
O000510,C00099,2026-05-03,Electronics,8143.57,0.0,8143.57,Completed
O000511,C00100,2025-08-11,Beauty,1232.76,0.05,1171.12,Returned
O000512,C00100,2026-02-04,Home,3323.85,0.1,2991.46,Completed
O000513,C00100,2025-09-23,Sports,1374.52,0.0,1374.52,Cancelled
O000514,C00100,2026-04-21,Sports,3202.8,0.1,2882.52,Completed
O000515,C00101,2025-09-27,Electronics,10023.15,0.05,9521.99,Completed
O000516,C00101,2026-06-14,Grocery,1000.87,0.0,1000.87,Completed
O000517,C00102,2026-06-22,Home,2833.05,0.15,2408.09,Completed
O000518,C00102,2026-05-30,Home,3096.83,0.1,2787.15,Returned
O000519,C00102,2026-02-17,Grocery,1121.54,0.05,1065.46,Completed
O000520,C00102,2025-12-03,Grocery,861.47,0.0,861.47,Completed
O000521,C00102,2026-03-14,Electronics,8106.68,0.0,8106.68,Completed
O000522,C00102,2026-01-26,Electronics,7018.68,0.0,7018.68,Completed
O000523,C00103,2026-06-15,Electronics,3830.87,0.1,3447.78,Completed
O000524,C00103,2026-03-28,Sports,2473.25,0.1,2225.93,Completed
O000525,C00103,2026-05-02,Grocery,660.01,0.05,627.01,Completed
O000526,C00104,2026-05-30,Beauty,1588.88,0.05,1509.44,Completed
O000527,C00104,2026-01-01,Sports,3102.29,0.0,3102.29,Completed
O000528,C00104,2026-01-30,Home,4268.14,0.0,4268.14,Completed
O000529,C00104,2026-01-22,Grocery,1488.61,0.0,1488.61,Completed
O000530,C00104,2025-08-16,Sports,2226.8,0.0,2226.8,Completed
O000531,C00104,2025-09-08,Grocery,1243.32,0.15,1056.82,Completed
O000532,C00105,2025-06-23,Electronics,5200.56,0.0,5200.56,Returned
O000533,C00105,2025-11-13,Sports,2249.01,0.05,2136.56,Completed
O000534,C00105,2026-01-18,Grocery,782.89,0.05,743.75,Completed
O000535,C00105,2025-11-04,Electronics,4741.36,0.0,4741.36,Completed
O000536,C00105,2025-11-20,Beauty,973.34,0.2,778.67,Completed
O000537,C00106,2026-05-22,Grocery,433.04,0.05,411.39,Completed
O000538,C00106,2026-01-10,Sports,1910.53,0.15,1623.95,Returned
O000539,C00106,2026-06-06,Home,899.38,0.05,854.41,Completed
O000540,C00106,2025-11-03,Grocery,1180.35,0.1,1062.32,Completed
O000541,C00107,2025-11-10,Beauty,741.87,0.15,630.59,Completed
O000542,C00107,2025-08-25,Grocery,775.39,0.05,736.62,Completed
O000543,C00107,2026-04-02,Grocery,606.77,0.15,515.75,Completed
O000544,C00107,2025-09-17,Sports,3376.12,0.05,3207.31,Completed
O000545,C00107,2026-06-28,Beauty,2044.66,0.1,1840.19,Completed
O000546,C00108,2026-01-26,Home,2658.06,0.0,2658.06,Completed
O000547,C00108,2026-05-04,Sports,1681.18,0.05,1597.12,Completed
O000548,C00109,2026-04-17,Sports,2937.3,0.0,2937.3,Completed
O000549,C00109,2026-02-28,Beauty,677.05,0.2,541.64,Completed
O000550,C00110,2026-06-02,Sports,2987.33,0.15,2539.23,Completed
O000551,C00110,2026-03-05,Home,5046.07,0.1,4541.46,Completed
O000552,C00111,2025-12-16,Electronics,10748.48,0.0,10748.48,Completed
O000553,C00112,2025-08-21,Grocery,618.52,0.0,618.52,Completed
O000554,C00112,2026-04-16,Beauty,595.72,0.15,506.36,Completed
O000555,C00112,2025-08-08,Sports,3123.46,0.1,2811.11,Completed
O000556,C00112,2025-08-08,Grocery,889.83,0.0,889.83,Returned
O000557,C00112,2026-02-06,Electronics,3255.81,0.0,3255.81,Completed
O000558,C00113,2026-06-22,Home,3186.0,0.0,3186.0,Completed
O000559,C00113,2026-01-13,Home,3575.82,0.0,3575.82,Completed
O000560,C00113,2025-07-26,Sports,1338.55,0.05,1271.62,Completed
O000561,C00113,2025-10-31,Beauty,982.15,0.0,982.15,Returned
O000562,C00113,2026-05-03,Sports,2633.07,0.0,2633.07,Completed
O000563,C00113,2026-05-16,Electronics,7344.94,0.0,7344.94,Completed
O000564,C00113,2025-12-03,Grocery,1056.04,0.1,950.44,Completed
O000565,C00113,2025-12-29,Beauty,799.51,0.0,799.51,Completed
O000566,C00114,2026-04-16,Sports,1553.15,0.0,1553.15,Completed
O000567,C00114,2026-03-04,Electronics,7105.0,0.0,7105.0,Cancelled
O000568,C00114,2026-04-12,Electronics,6820.59,0.0,6820.59,Completed
O000569,C00114,2025-09-28,Beauty,2397.15,0.15,2037.58,Completed
O000570,C00114,2025-09-24,Electronics,7314.92,0.0,7314.92,Completed
O000571,C00114,2026-01-08,Electronics,4738.1,0.05,4501.2,Completed
O000572,C00114,2026-06-24,Electronics,5621.16,0.0,5621.16,Completed
O000573,C00115,2025-10-25,Home,2911.19,0.1,2620.07,Completed
O000574,C00115,2026-03-02,Beauty,1491.06,0.0,1491.06,Completed
O000575,C00115,2026-06-17,Electronics,4133.55,0.05,3926.87,Completed
O000576,C00115,2025-04-04,Beauty,1742.42,0.1,1568.18,Completed
O000577,C00115,2026-04-23,Electronics,7650.14,0.1,6885.13,Completed
O000578,C00115,2025-08-09,Beauty,1613.76,0.0,1613.76,Completed
O000579,C00115,2025-09-19,Sports,1932.99,0.0,1932.99,Completed
O000580,C00115,2025-05-25,Home,2225.92,0.15,1892.03,Completed
O000581,C00116,2026-06-30,Sports,2057.47,0.1,1851.72,Completed
O000582,C00116,2025-07-06,Home,3987.89,0.1,3589.1,Completed
O000583,C00116,2025-07-01,Electronics,11788.69,0.05,11199.26,Returned
O000584,C00116,2026-01-29,Grocery,733.38,0.05,696.71,Completed
O000585,C00116,2025-09-06,Sports,1901.34,0.0,1901.34,Completed
O000586,C00116,2025-05-29,Home,4079.95,0.15,3467.96,Completed
O000587,C00116,2026-04-20,Beauty,2082.1,0.05,1978.0,Completed
O000588,C00116,2026-04-18,Beauty,1454.45,0.0,1454.45,Completed
O000589,C00116,2025-01-12,Sports,2111.79,0.0,2111.79,Completed
O000590,C00117,2026-06-28,Beauty,1441.21,0.1,1297.09,Completed
O000591,C00117,2026-05-02,Grocery,994.35,0.0,994.35,Completed
O000592,C00117,2025-12-20,Electronics,5189.0,0.0,5189.0,Completed
O000593,C00117,2026-03-03,Beauty,1876.95,0.05,1783.1,Completed
O000594,C00118,2025-12-04,Sports,2680.4,0.15,2278.34,Completed
O000595,C00118,2025-10-15,Sports,600.62,0.05,570.59,Completed
O000596,C00118,2025-12-07,Home,2569.43,0.05,2440.96,Completed
O000597,C00118,2026-03-01,Sports,2891.74,0.15,2457.98,Completed
O000598,C00119,2025-12-07,Home,3902.28,0.1,3512.05,Completed
O000599,C00119,2026-04-27,Grocery,845.92,0.05,803.62,Cancelled
O000600,C00119,2026-04-15,Grocery,1246.02,0.05,1183.72,Returned
O000601,C00119,2026-03-14,Beauty,2408.33,0.15,2047.08,Cancelled
O000602,C00119,2025-10-25,Sports,1092.42,0.05,1037.8,Completed
O000603,C00119,2026-03-03,Electronics,7499.75,0.0,7499.75,Completed
O000604,C00119,2025-11-08,Grocery,1299.41,0.1,1169.47,Completed
O000605,C00120,2026-04-08,Sports,1504.84,0.0,1504.84,Completed
O000606,C00120,2026-05-23,Beauty,1796.54,0.0,1796.54,Completed
O000607,C00120,2026-04-24,Home,3123.51,0.0,3123.51,Completed
O000608,C00120,2026-01-27,Beauty,1001.13,0.0,1001.13,Returned
O000609,C00120,2025-07-13,Home,2441.64,0.1,2197.48,Completed
O000610,C00121,2025-12-26,Beauty,1647.09,0.2,1317.67,Completed
O000611,C00121,2026-01-25,Home,2161.23,0.1,1945.11,Completed
O000612,C00121,2025-12-30,Electronics,5671.66,0.05,5388.08,Cancelled
O000613,C00121,2026-05-20,Electronics,5969.7,0.0,5969.7,Completed
O000614,C00122,2026-04-15,Sports,2622.06,0.05,2490.96,Completed
O000615,C00122,2026-02-03,Grocery,745.47,0.1,670.92,Completed
O000616,C00122,2026-04-29,Home,2653.1,0.0,2653.1,Completed
O000617,C00122,2026-02-18,Beauty,1368.82,0.0,1368.82,Completed
O000618,C00122,2026-04-19,Sports,3289.27,0.0,3289.27,Completed
O000619,C00122,2026-03-11,Home,2369.09,0.15,2013.73,Completed
O000620,C00122,2026-02-28,Grocery,712.44,0.05,676.82,Completed
O000621,C00122,2026-04-29,Grocery,385.07,0.0,385.07,Completed
O000622,C00122,2026-06-03,Beauty,890.2,0.0,890.2,Completed
O000623,C00122,2026-03-09,Beauty,1702.36,0.0,1702.36,Completed
O000624,C00122,2026-05-29,Beauty,575.88,0.05,547.09,Returned
O000625,C00123,2026-05-02,Beauty,983.64,0.0,983.64,Completed
O000626,C00123,2026-05-31,Electronics,5401.21,0.0,5401.21,Completed
O000627,C00123,2025-12-10,Electronics,6794.31,0.05,6454.59,Completed
O000628,C00123,2025-06-26,Home,466.88,0.0,466.88,Completed
O000629,C00124,2026-02-11,Grocery,810.45,0.05,769.93,Completed
O000630,C00124,2026-01-10,Electronics,8213.99,0.0,8213.99,Completed
O000631,C00125,2026-04-10,Sports,2283.17,0.1,2054.85,Completed
O000632,C00125,2025-03-09,Beauty,955.74,0.1,860.17,Completed
O000633,C00125,2025-12-01,Electronics,8768.78,0.0,8768.78,Completed
O000634,C00125,2025-10-20,Beauty,1979.13,0.0,1979.13,Completed
O000635,C00126,2026-02-08,Grocery,500.36,0.15,425.31,Completed
O000636,C00126,2026-04-10,Beauty,2275.43,0.2,1820.34,Completed
O000637,C00126,2025-11-21,Home,3356.82,0.0,3356.82,Completed
O000638,C00126,2026-05-26,Electronics,4916.55,0.0,4916.55,Completed
O000639,C00126,2026-03-13,Grocery,1311.2,0.1,1180.08,Completed
O000640,C00126,2026-01-18,Electronics,2906.63,0.0,2906.63,Completed
O000641,C00127,2026-05-20,Sports,1916.16,0.05,1820.35,Completed
O000642,C00127,2026-06-22,Beauty,1795.45,0.05,1705.68,Completed
O000643,C00127,2026-05-27,Sports,2215.09,0.2,1772.07,Completed
O000644,C00127,2025-08-27,Home,2013.62,0.0,2013.62,Completed
O000645,C00127,2025-07-22,Electronics,7817.06,0.1,7035.35,Completed
O000646,C00127,2025-12-01,Sports,2554.23,0.0,2554.23,Completed
O000647,C00128,2025-10-10,Electronics,5324.7,0.05,5058.46,Completed
O000648,C00128,2025-12-10,Grocery,577.68,0.05,548.8,Completed
O000649,C00128,2025-10-20,Sports,2263.48,0.05,2150.31,Completed
O000650,C00128,2026-04-01,Beauty,1219.03,0.15,1036.18,Completed
O000651,C00128,2026-05-15,Sports,2187.51,0.0,2187.51,Completed
O000652,C00129,2025-06-13,Sports,3090.76,0.15,2627.15,Completed
O000653,C00129,2025-04-17,Sports,3480.17,0.1,3132.15,Completed
O000654,C00130,2026-02-22,Sports,2014.46,0.05,1913.74,Cancelled
O000655,C00130,2025-09-03,Electronics,8158.06,0.0,8158.06,Completed
O000656,C00130,2026-04-01,Beauty,1690.35,0.1,1521.32,Completed
O000657,C00130,2025-08-02,Sports,1136.3,0.0,1136.3,Completed
O000658,C00130,2025-11-26,Home,3016.48,0.05,2865.66,Completed
O000659,C00130,2026-06-24,Beauty,1583.5,0.0,1583.5,Completed
O000660,C00130,2025-06-02,Beauty,1199.62,0.05,1139.64,Completed
O000661,C00130,2026-01-16,Beauty,1248.75,0.1,1123.88,Completed
O000662,C00130,2025-05-14,Sports,3389.64,0.0,3389.64,Completed
O000663,C00131,2025-10-19,Home,2305.79,0.05,2190.5,Completed
O000664,C00131,2025-05-15,Sports,1731.98,0.05,1645.38,Completed
O000665,C00131,2025-04-13,Home,3694.37,0.0,3694.37,Completed
O000666,C00131,2025-01-31,Electronics,7459.41,0.2,5967.53,Completed
O000667,C00132,2026-04-18,Beauty,1734.05,0.05,1647.35,Completed
O000668,C00132,2025-07-14,Home,3743.25,0.15,3181.76,Cancelled
O000669,C00132,2026-04-18,Grocery,1141.76,0.05,1084.67,Completed
O000670,C00132,2025-06-25,Electronics,6496.1,0.05,6171.3,Completed
O000671,C00132,2026-05-10,Grocery,150.79,0.05,143.25,Cancelled
O000672,C00133,2025-07-15,Grocery,960.69,0.1,864.62,Completed
O000673,C00133,2025-07-19,Home,2220.8,0.05,2109.76,Completed
O000674,C00133,2025-09-15,Home,3231.26,0.0,3231.26,Completed
O000675,C00134,2026-06-15,Electronics,5872.07,0.05,5578.47,Completed
O000676,C00134,2026-01-02,Home,2467.7,0.15,2097.54,Cancelled
O000677,C00135,2025-08-12,Grocery,631.15,0.1,568.04,Completed
O000678,C00135,2025-10-13,Home,2143.95,0.0,2143.95,Completed
O000679,C00135,2025-08-02,Electronics,9016.68,0.0,9016.68,Completed
O000680,C00135,2025-08-13,Electronics,6956.59,0.1,6260.93,Completed
O000681,C00136,2026-02-15,Home,3616.49,0.2,2893.19,Completed
O000682,C00136,2026-06-13,Beauty,1091.18,0.05,1036.62,Completed
O000683,C00136,2025-08-24,Home,2094.41,0.05,1989.69,Completed
O000684,C00136,2025-12-29,Electronics,4397.76,0.15,3738.1,Completed
O000685,C00136,2025-10-19,Sports,2385.48,0.1,2146.93,Cancelled
O000686,C00136,2026-05-12,Electronics,4985.55,0.0,4985.55,Completed
O000687,C00136,2025-09-17,Sports,2920.76,0.0,2920.76,Completed
O000688,C00137,2026-06-03,Beauty,1780.7,0.05,1691.66,Returned
O000689,C00137,2026-06-20,Grocery,905.08,0.0,905.08,Completed
O000690,C00137,2026-03-08,Sports,2310.35,0.05,2194.83,Completed
O000691,C00138,2026-01-18,Home,3559.09,0.0,3559.09,Completed
O000692,C00138,2026-03-16,Electronics,6907.48,0.1,6216.73,Completed
O000693,C00138,2026-05-13,Grocery,547.81,0.0,547.81,Cancelled
O000694,C00138,2025-10-07,Sports,3095.91,0.15,2631.52,Completed
O000695,C00139,2026-06-10,Electronics,6395.21,0.1,5755.69,Completed
O000696,C00139,2026-03-27,Sports,1896.97,0.1,1707.27,Returned
O000697,C00139,2026-05-10,Sports,2231.23,0.1,2008.11,Completed
O000698,C00139,2026-06-15,Electronics,5720.33,0.0,5720.33,Completed
O000699,C00139,2026-05-21,Sports,2141.86,0.15,1820.58,Completed
O000700,C00140,2025-09-03,Electronics,8777.12,0.1,7899.41,Completed
O000701,C00140,2026-01-08,Grocery,1429.67,0.0,1429.67,Completed
O000702,C00140,2025-10-11,Electronics,4489.2,0.1,4040.28,Completed
O000703,C00140,2025-09-30,Beauty,1797.74,0.05,1707.85,Completed
O000704,C00140,2026-06-12,Grocery,1004.55,0.15,853.87,Returned
O000705,C00140,2026-05-04,Beauty,561.8,0.05,533.71,Completed
O000706,C00140,2026-02-08,Grocery,776.18,0.0,776.18,Completed
O000707,C00140,2026-04-25,Beauty,932.24,0.0,932.24,Completed
O000708,C00140,2026-03-17,Grocery,1063.24,0.0,1063.24,Completed
O000709,C00140,2026-06-02,Sports,1996.3,0.05,1896.48,Completed
O000710,C00141,2025-05-27,Electronics,7332.1,0.05,6965.5,Completed
O000711,C00141,2026-06-17,Grocery,1419.93,0.15,1206.94,Completed
O000712,C00141,2026-04-11,Home,2183.37,0.05,2074.2,Completed
O000713,C00141,2025-11-13,Sports,1355.41,0.1,1219.87,Completed
O000714,C00141,2025-08-01,Sports,2832.99,0.05,2691.34,Returned
O000715,C00141,2025-09-27,Sports,3125.49,0.0,3125.49,Completed
O000716,C00141,2025-10-28,Sports,2206.77,0.0,2206.77,Completed
O000717,C00141,2026-04-15,Electronics,8721.38,0.1,7849.24,Completed
O000718,C00141,2025-09-14,Sports,1328.25,0.0,1328.25,Completed
O000719,C00141,2025-09-14,Beauty,1836.13,0.15,1560.71,Completed
O000720,C00141,2025-10-15,Home,2204.88,0.1,1984.39,Completed
O000721,C00142,2026-03-01,Sports,1499.05,0.0,1499.05,Completed
O000722,C00142,2025-04-18,Electronics,8081.5,0.0,8081.5,Completed
O000723,C00142,2026-05-14,Electronics,4594.9,0.05,4365.16,Completed
O000724,C00142,2025-05-01,Sports,577.7,0.0,577.7,Returned
O000725,C00142,2025-05-03,Beauty,437.38,0.0,437.38,Completed
O000726,C00142,2026-05-04,Home,1348.48,0.05,1281.06,Completed
O000727,C00142,2025-12-24,Electronics,4525.48,0.0,4525.48,Completed
O000728,C00143,2026-02-19,Grocery,1075.5,0.0,1075.5,Completed
O000729,C00143,2026-02-06,Beauty,1543.74,0.0,1543.74,Completed
O000730,C00143,2026-04-03,Electronics,10654.14,0.15,9056.02,Completed
O000731,C00143,2025-11-21,Beauty,602.33,0.05,572.21,Completed
O000732,C00144,2026-06-15,Sports,3016.42,0.0,3016.42,Completed
O000733,C00145,2026-06-23,Electronics,12053.78,0.2,9643.02,Completed
O000734,C00145,2025-11-13,Grocery,1037.69,0.05,985.81,Completed
O000735,C00146,2026-01-21,Beauty,2229.73,0.05,2118.24,Completed
O000736,C00146,2025-11-29,Grocery,909.66,0.1,818.69,Completed
O000737,C00146,2026-03-12,Home,3754.78,0.05,3567.04,Returned
O000738,C00146,2025-12-12,Sports,1237.84,0.15,1052.16,Completed
O000739,C00147,2026-04-21,Electronics,3435.0,0.0,3435.0,Completed
O000740,C00147,2026-05-07,Grocery,616.88,0.0,616.88,Completed
O000741,C00147,2026-05-10,Electronics,6925.4,0.05,6579.13,Completed
O000742,C00147,2026-06-29,Beauty,1378.31,0.0,1378.31,Completed
O000743,C00147,2026-06-05,Home,1353.26,0.05,1285.6,Completed
O000744,C00147,2026-05-17,Grocery,1468.76,0.05,1395.32,Completed
O000745,C00147,2026-06-30,Grocery,507.99,0.0,507.99,Completed
O000746,C00147,2026-06-10,Grocery,1041.7,0.2,833.36,Completed
O000747,C00147,2026-03-27,Grocery,673.13,0.0,673.13,Completed
O000748,C00147,2026-06-16,Beauty,848.43,0.0,848.43,Completed
O000749,C00148,2025-08-06,Home,1659.23,0.0,1659.23,Completed
O000750,C00148,2025-12-09,Beauty,1224.58,0.05,1163.35,Completed
O000751,C00148,2026-01-12,Beauty,1063.6,0.0,1063.6,Completed
O000752,C00148,2025-07-26,Home,3940.11,0.0,3940.11,Completed
O000753,C00148,2025-10-04,Grocery,557.15,0.05,529.29,Completed
O000754,C00149,2026-01-27,Sports,4171.59,0.0,4171.59,Completed
O000755,C00149,2025-04-01,Home,808.29,0.0,808.29,Completed
O000756,C00149,2026-03-11,Electronics,3493.46,0.0,3493.46,Completed
O000757,C00150,2025-09-11,Grocery,821.18,0.05,780.12,Completed
O000758,C00150,2025-11-14,Sports,1955.3,0.0,1955.3,Completed
O000759,C00150,2026-02-26,Sports,2721.95,0.05,2585.85,Completed
O000760,C00150,2026-01-17,Home,4413.4,0.0,4413.4,Completed
O000761,C00150,2026-02-01,Beauty,1894.88,0.0,1894.88,Completed
O000762,C00150,2026-01-09,Grocery,480.54,0.0,480.54,Completed
O000763,C00150,2026-05-28,Electronics,10135.24,0.05,9628.48,Returned
O000764,C00150,2025-08-22,Home,2165.57,0.0,2165.57,Completed
O000765,C00151,2025-05-01,Grocery,972.47,0.1,875.22,Completed
O000766,C00151,2025-03-07,Electronics,6780.9,0.0,6780.9,Returned
O000767,C00151,2025-06-29,Sports,1830.63,0.1,1647.57,Completed
O000768,C00151,2026-01-14,Sports,2176.71,0.0,2176.71,Completed
O000769,C00151,2025-10-16,Grocery,937.27,0.1,843.54,Completed
O000770,C00151,2025-09-24,Sports,1665.97,0.15,1416.07,Completed
O000771,C00151,2025-06-29,Home,2096.45,0.05,1991.63,Completed
O000772,C00152,2025-05-28,Beauty,2237.51,0.15,1901.88,Completed
O000773,C00152,2026-04-17,Electronics,5870.08,0.05,5576.58,Completed
O000774,C00152,2025-11-18,Grocery,688.41,0.05,653.99,Completed
O000775,C00152,2026-06-14,Grocery,892.93,0.15,758.99,Completed
O000776,C00153,2025-11-26,Electronics,6368.16,0.0,6368.16,Completed
O000777,C00153,2025-08-28,Sports,2196.07,0.0,2196.07,Completed
O000778,C00153,2025-03-12,Electronics,7407.19,0.0,7407.19,Completed
O000779,C00154,2025-06-15,Beauty,2059.82,0.05,1956.83,Cancelled
O000780,C00154,2026-06-30,Home,4214.8,0.1,3793.32,Completed
O000781,C00154,2026-03-30,Home,2497.12,0.0,2497.12,Completed
O000782,C00154,2026-03-29,Beauty,1598.36,0.05,1518.44,Completed
O000783,C00154,2025-07-29,Beauty,2403.87,0.05,2283.68,Completed
O000784,C00154,2025-05-03,Electronics,2802.01,0.1,2521.81,Completed
O000785,C00154,2025-11-12,Sports,2439.06,0.05,2317.11,Completed
O000786,C00155,2025-09-01,Home,1695.28,0.1,1525.75,Completed
O000787,C00155,2025-12-15,Grocery,823.43,0.0,823.43,Completed
O000788,C00155,2026-05-30,Home,3646.59,0.05,3464.26,Completed
O000789,C00155,2026-02-15,Grocery,837.18,0.15,711.6,Completed
O000790,C00155,2026-05-12,Beauty,1613.44,0.15,1371.42,Completed
O000791,C00155,2025-07-10,Sports,945.11,0.15,803.34,Completed
O000792,C00156,2025-11-01,Sports,2628.36,0.15,2234.11,Completed
O000793,C00156,2025-10-20,Sports,150.0,0.0,150.0,Completed
O000794,C00156,2025-11-19,Beauty,1938.12,0.1,1744.31,Completed
O000795,C00156,2026-05-18,Grocery,1053.0,0.0,1053.0,Completed
O000796,C00156,2026-05-06,Sports,3438.71,0.05,3266.77,Completed
O000797,C00157,2025-12-23,Electronics,8491.28,0.0,8491.28,Completed
O000798,C00157,2026-02-20,Electronics,9553.1,0.1,8597.79,Completed
O000799,C00157,2026-01-10,Home,2545.22,0.1,2290.7,Completed
O000800,C00158,2026-06-09,Grocery,908.95,0.0,908.95,Completed
O000801,C00158,2026-03-13,Beauty,1426.0,0.1,1283.4,Completed
O000802,C00158,2025-12-08,Sports,2866.27,0.1,2579.64,Completed
O000803,C00158,2026-06-20,Electronics,8035.94,0.05,7634.14,Completed
O000804,C00158,2026-01-17,Sports,878.65,0.0,878.65,Completed
O000805,C00158,2026-04-15,Sports,2030.59,0.0,2030.59,Completed
O000806,C00159,2026-03-31,Electronics,6210.15,0.05,5899.64,Completed
O000807,C00159,2026-01-24,Beauty,239.94,0.05,227.94,Completed
O000808,C00159,2025-12-26,Home,3146.7,0.2,2517.36,Completed
O000809,C00160,2026-04-29,Home,2372.93,0.2,1898.34,Completed
O000810,C00160,2026-03-27,Grocery,634.94,0.05,603.19,Completed
O000811,C00160,2026-06-07,Electronics,9553.46,0.2,7642.77,Completed
O000812,C00160,2026-05-24,Grocery,290.76,0.15,247.15,Completed
O000813,C00160,2026-04-11,Beauty,1363.57,0.05,1295.39,Cancelled
O000814,C00160,2026-05-01,Home,2619.14,0.15,2226.27,Completed
O000815,C00160,2026-04-17,Electronics,5015.5,0.15,4263.18,Completed
O000816,C00160,2026-04-05,Beauty,1100.52,0.1,990.47,Completed
O000817,C00160,2026-04-12,Home,150.0,0.0,150.0,Completed
O000818,C00161,2026-03-14,Home,3187.69,0.15,2709.54,Completed
O000819,C00162,2026-05-31,Electronics,9156.61,0.0,9156.61,Completed
O000820,C00162,2025-08-05,Sports,1603.22,0.05,1523.06,Cancelled
O000821,C00162,2025-12-30,Grocery,1072.64,0.05,1019.01,Completed
O000822,C00162,2026-05-31,Grocery,478.06,0.05,454.16,Completed
O000823,C00162,2025-12-22,Grocery,1241.85,0.0,1241.85,Completed
O000824,C00162,2026-04-01,Grocery,912.14,0.15,775.32,Completed
O000825,C00162,2025-10-19,Beauty,2073.56,0.0,2073.56,Completed
O000826,C00162,2025-07-23,Sports,2476.95,0.0,2476.95,Completed
O000827,C00162,2025-06-10,Sports,2442.12,0.0,2442.12,Completed
O000828,C00163,2026-02-09,Beauty,1224.11,0.2,979.29,Completed
O000829,C00163,2026-05-10,Beauty,2171.72,0.2,1737.38,Completed
O000830,C00163,2026-03-19,Electronics,8226.27,0.1,7403.64,Completed
O000831,C00163,2026-01-17,Grocery,1176.16,0.05,1117.35,Completed
O000832,C00163,2025-11-06,Beauty,1040.56,0.0,1040.56,Completed
O000833,C00163,2026-02-14,Sports,1139.27,0.0,1139.27,Cancelled
O000834,C00163,2025-10-28,Electronics,10367.81,0.05,9849.42,Completed
O000835,C00163,2026-01-21,Beauty,532.58,0.05,505.95,Completed
O000836,C00163,2025-11-07,Electronics,4027.13,0.05,3825.77,Completed
O000837,C00163,2026-03-25,Grocery,546.93,0.05,519.58,Completed
O000838,C00163,2026-02-25,Sports,2193.27,0.0,2193.27,Returned
O000839,C00163,2026-02-14,Grocery,1416.38,0.05,1345.56,Returned
O000840,C00163,2026-03-09,Electronics,8954.09,0.1,8058.68,Completed
O000841,C00163,2026-02-11,Grocery,1027.23,0.15,873.15,Completed
O000842,C00164,2026-03-23,Home,2686.9,0.0,2686.9,Completed
O000843,C00164,2025-10-05,Grocery,631.05,0.0,631.05,Completed
O000844,C00165,2026-03-18,Grocery,697.4,0.05,662.53,Completed
O000845,C00166,2025-06-16,Electronics,8136.11,0.15,6915.69,Completed
O000846,C00166,2026-04-19,Electronics,10639.98,0.05,10107.98,Completed
O000847,C00166,2025-12-30,Electronics,11012.77,0.1,9911.49,Completed
O000848,C00166,2026-06-13,Home,2811.64,0.15,2389.89,Returned
O000849,C00166,2025-02-22,Home,2655.8,0.0,2655.8,Completed
O000850,C00167,2026-05-10,Sports,1694.4,0.05,1609.68,Completed
O000851,C00167,2026-06-23,Grocery,1051.31,0.15,893.61,Completed
O000852,C00167,2025-12-18,Beauty,1262.35,0.15,1073.0,Completed
O000853,C00167,2026-04-06,Beauty,1314.67,0.0,1314.67,Returned
O000854,C00168,2025-10-14,Sports,3519.92,0.0,3519.92,Completed
O000855,C00168,2026-04-30,Beauty,867.24,0.1,780.52,Completed
O000856,C00168,2026-03-12,Grocery,1293.67,0.1,1164.3,Completed
O000857,C00169,2025-08-29,Beauty,1459.9,0.0,1459.9,Completed
O000858,C00169,2025-09-05,Beauty,1194.71,0.1,1075.24,Completed
O000859,C00169,2025-09-20,Grocery,691.78,0.1,622.6,Completed
O000860,C00169,2026-02-16,Beauty,1147.68,0.05,1090.3,Completed
O000861,C00170,2026-04-21,Grocery,671.55,0.0,671.55,Completed
O000862,C00170,2026-04-08,Beauty,1179.27,0.05,1120.31,Completed
O000863,C00170,2026-03-30,Grocery,1361.7,0.0,1361.7,Completed
O000864,C00170,2026-06-12,Home,2021.82,0.05,1920.73,Completed
O000865,C00171,2026-04-02,Beauty,1977.34,0.05,1878.47,Completed
O000866,C00171,2026-04-23,Home,3199.97,0.05,3039.97,Completed
O000867,C00171,2025-11-17,Beauty,2560.95,0.15,2176.81,Returned
O000868,C00171,2026-04-15,Beauty,2083.76,0.15,1771.2,Completed
O000869,C00171,2025-12-09,Grocery,888.48,0.15,755.21,Completed
O000870,C00171,2025-11-21,Sports,861.89,0.1,775.7,Completed
O000871,C00172,2026-05-27,Beauty,958.78,0.05,910.84,Completed
O000872,C00172,2026-03-25,Beauty,2095.53,0.15,1781.2,Completed
O000873,C00172,2026-05-01,Home,4084.94,0.0,4084.94,Returned
O000874,C00172,2026-04-19,Beauty,1823.39,0.1,1641.05,Completed
O000875,C00172,2026-06-29,Sports,1615.05,0.0,1615.05,Completed
O000876,C00173,2026-05-13,Home,3450.37,0.1,3105.33,Cancelled
O000877,C00173,2026-05-06,Home,2414.43,0.1,2172.99,Completed
O000878,C00173,2026-04-28,Beauty,464.49,0.15,394.82,Completed
O000879,C00173,2026-05-01,Grocery,1080.32,0.1,972.29,Completed
O000880,C00173,2026-06-27,Grocery,1025.07,0.0,1025.07,Completed
O000881,C00174,2026-04-30,Beauty,1615.18,0.05,1534.42,Completed
O000882,C00174,2026-05-12,Grocery,1162.45,0.05,1104.33,Completed
O000883,C00174,2026-06-13,Home,2843.18,0.05,2701.02,Completed
O000884,C00174,2026-05-16,Home,1000.95,0.1,900.86,Completed
O000885,C00174,2026-05-17,Sports,1714.79,0.0,1714.79,Completed
O000886,C00175,2025-08-13,Sports,2642.01,0.0,2642.01,Completed
O000887,C00175,2026-01-24,Home,962.49,0.05,914.37,Completed
O000888,C00175,2026-03-06,Grocery,1271.7,0.15,1080.94,Completed
O000889,C00175,2025-12-14,Sports,3962.37,0.15,3368.01,Cancelled
O000890,C00175,2025-11-18,Grocery,344.58,0.0,344.58,Completed
O000891,C00176,2025-07-15,Beauty,960.63,0.0,960.63,Completed
O000892,C00176,2026-05-03,Sports,150.0,0.0,150.0,Completed
O000893,C00177,2025-08-11,Beauty,797.91,0.1,718.12,Completed
O000894,C00177,2026-04-21,Sports,2223.21,0.0,2223.21,Completed
O000895,C00177,2025-11-09,Sports,2322.57,0.0,2322.57,Completed
O000896,C00177,2026-06-23,Grocery,680.85,0.05,646.81,Returned
O000897,C00177,2026-03-29,Home,4964.35,0.05,4716.13,Returned
O000898,C00178,2026-06-03,Home,4079.94,0.0,4079.94,Completed
O000899,C00178,2026-05-26,Grocery,613.45,0.0,613.45,Completed
O000900,C00178,2025-06-20,Beauty,1772.16,0.0,1772.16,Completed
O000901,C00178,2025-05-07,Sports,1725.08,0.05,1638.83,Completed
O000902,C00178,2025-10-18,Grocery,475.38,0.2,380.3,Completed
O000903,C00178,2025-06-02,Grocery,527.99,0.05,501.59,Completed
O000904,C00178,2026-06-20,Electronics,3879.93,0.0,3879.93,Completed
O000905,C00178,2025-09-03,Electronics,5541.41,0.05,5264.34,Completed
O000906,C00179,2025-09-15,Beauty,1704.46,0.05,1619.24,Completed
O000907,C00179,2026-02-10,Grocery,828.97,0.15,704.62,Completed
O000908,C00179,2025-09-08,Sports,2427.54,0.2,1942.03,Returned
O000909,C00179,2025-08-10,Home,2252.38,0.0,2252.38,Completed
O000910,C00179,2026-02-10,Beauty,1247.08,0.1,1122.37,Completed
O000911,C00179,2025-07-08,Sports,2392.98,0.0,2392.98,Completed
O000912,C00179,2025-07-22,Sports,2822.6,0.0,2822.6,Completed
O000913,C00179,2026-03-09,Beauty,1104.71,0.0,1104.71,Completed
O000914,C00179,2025-10-23,Sports,2201.37,0.1,1981.23,Completed
O000915,C00179,2025-08-05,Beauty,150.0,0.2,120.0,Completed
O000916,C00179,2025-10-17,Electronics,6091.37,0.05,5786.8,Completed
O000917,C00180,2026-04-12,Electronics,6863.64,0.05,6520.46,Completed
O000918,C00180,2026-06-18,Beauty,802.55,0.1,722.3,Completed
O000919,C00180,2026-06-12,Home,2668.56,0.1,2401.7,Completed
O000920,C00180,2026-03-20,Electronics,3395.42,0.05,3225.65,Completed
O000921,C00180,2026-04-08,Sports,2670.44,0.1,2403.4,Completed
O000922,C00180,2026-05-31,Home,2950.53,0.05,2803.0,Returned
O000923,C00181,2026-05-20,Sports,2056.77,0.15,1748.25,Completed
O000924,C00181,2025-12-12,Grocery,1085.54,0.05,1031.26,Completed
O000925,C00181,2025-04-29,Electronics,3656.19,0.0,3656.19,Completed
O000926,C00182,2025-06-24,Beauty,1582.14,0.0,1582.14,Completed
O000927,C00182,2025-10-03,Home,3397.68,0.0,3397.68,Returned
O000928,C00183,2025-11-17,Grocery,887.42,0.1,798.68,Completed
O000929,C00183,2025-11-07,Sports,1025.31,0.1,922.78,Returned
O000930,C00183,2025-04-07,Beauty,834.46,0.05,792.74,Completed
O000931,C00183,2025-06-11,Beauty,974.69,0.0,974.69,Completed
O000932,C00183,2025-04-13,Electronics,6014.08,0.05,5713.38,Completed
O000933,C00183,2025-06-12,Sports,2948.78,0.0,2948.78,Completed
O000934,C00183,2026-01-03,Grocery,1174.93,0.0,1174.93,Completed
O000935,C00183,2025-10-02,Electronics,5684.63,0.05,5400.4,Completed
O000936,C00183,2025-04-07,Sports,1256.75,0.05,1193.91,Completed
O000937,C00184,2026-05-20,Grocery,707.58,0.0,707.58,Completed
O000938,C00184,2026-03-07,Grocery,1059.35,0.1,953.42,Completed
O000939,C00184,2026-05-17,Home,1375.28,0.1,1237.75,Completed
O000940,C00184,2026-06-04,Home,2768.61,0.0,2768.61,Returned
O000941,C00184,2026-04-11,Sports,2524.42,0.15,2145.76,Completed
O000942,C00184,2026-03-05,Grocery,1154.45,0.0,1154.45,Completed
O000943,C00184,2026-04-19,Home,2629.12,0.1,2366.21,Completed
O000944,C00184,2026-05-17,Sports,1678.62,0.0,1678.62,Completed
O000945,C00185,2026-01-26,Electronics,7195.39,0.0,7195.39,Completed
O000946,C00185,2026-04-23,Beauty,1041.69,0.15,885.44,Completed
O000947,C00185,2025-12-27,Grocery,781.75,0.05,742.66,Completed
O000948,C00185,2026-04-28,Grocery,884.62,0.0,884.62,Completed
O000949,C00186,2026-06-08,Grocery,744.29,0.0,744.29,Completed
O000950,C00186,2026-05-09,Electronics,4983.42,0.05,4734.25,Returned
O000951,C00186,2026-04-18,Sports,2610.0,0.15,2218.5,Completed
O000952,C00186,2026-03-05,Sports,1319.01,0.0,1319.01,Completed
O000953,C00186,2026-04-16,Beauty,1748.86,0.1,1573.97,Completed
O000954,C00186,2026-06-03,Electronics,4295.41,0.1,3865.87,Completed
O000955,C00187,2026-04-02,Electronics,6728.53,0.0,6728.53,Completed
O000956,C00187,2026-03-30,Home,773.72,0.15,657.66,Completed
O000957,C00187,2026-06-18,Electronics,2483.65,0.0,2483.65,Completed
O000958,C00187,2026-05-29,Beauty,1200.68,0.15,1020.58,Cancelled
O000959,C00187,2026-02-04,Electronics,1829.71,0.15,1555.25,Completed
O000960,C00188,2025-10-27,Grocery,528.04,0.0,528.04,Completed
O000961,C00188,2025-10-20,Home,790.22,0.05,750.71,Completed
O000962,C00188,2026-06-29,Sports,1674.62,0.15,1423.43,Completed
O000963,C00188,2026-04-21,Sports,2116.07,0.05,2010.27,Completed
O000964,C00188,2026-03-19,Home,1284.83,0.0,1284.83,Completed
O000965,C00188,2026-06-19,Home,3719.65,0.05,3533.67,Completed
O000966,C00188,2025-06-01,Sports,2784.46,0.1,2506.01,Completed
O000967,C00188,2025-05-18,Beauty,1125.21,0.0,1125.21,Completed
O000968,C00188,2025-08-11,Electronics,5298.66,0.1,4768.79,Completed
O000969,C00189,2026-05-17,Home,3811.02,0.0,3811.02,Completed
O000970,C00189,2025-04-28,Beauty,709.63,0.15,603.19,Completed
O000971,C00189,2025-09-12,Grocery,1180.94,0.1,1062.85,Completed
O000972,C00189,2025-10-27,Grocery,549.31,0.0,549.31,Returned
O000973,C00190,2026-01-22,Beauty,1563.03,0.15,1328.58,Completed
O000974,C00190,2025-06-12,Home,1493.51,0.2,1194.81,Returned
O000975,C00190,2025-10-18,Beauty,1278.81,0.1,1150.93,Completed
O000976,C00190,2026-06-28,Electronics,7258.1,0.2,5806.48,Completed
O000977,C00190,2026-04-25,Beauty,1050.11,0.0,1050.11,Completed
O000978,C00191,2025-12-21,Electronics,9180.9,0.05,8721.86,Completed
O000979,C00191,2026-02-08,Sports,2253.05,0.1,2027.74,Completed
O000980,C00191,2026-02-24,Sports,2748.39,0.0,2748.39,Completed
O000981,C00191,2026-02-17,Beauty,1231.12,0.0,1231.12,Completed
O000982,C00191,2025-11-07,Sports,2209.52,0.05,2099.04,Returned
O000983,C00191,2026-04-15,Beauty,882.86,0.15,750.43,Completed
O000984,C00192,2026-05-09,Beauty,2281.54,0.15,1939.31,Completed
O000985,C00192,2025-09-28,Sports,2813.66,0.05,2672.98,Completed
O000986,C00192,2025-09-26,Sports,3457.59,0.05,3284.71,Completed
O000987,C00192,2026-06-21,Home,3589.54,0.0,3589.54,Completed
O000988,C00192,2026-05-23,Beauty,1955.66,0.1,1760.09,Completed
O000989,C00192,2026-01-28,Electronics,10001.26,0.1,9001.13,Completed
O000990,C00192,2025-09-26,Beauty,1501.86,0.15,1276.58,Completed
O000991,C00192,2026-01-15,Beauty,1802.25,0.15,1531.91,Completed
O000992,C00192,2026-04-02,Grocery,612.87,0.2,490.3,Completed
O000993,C00193,2026-05-11,Sports,3026.23,0.05,2874.92,Completed
O000994,C00193,2025-12-21,Sports,2368.33,0.05,2249.91,Completed
O000995,C00193,2026-02-06,Sports,2349.2,0.05,2231.74,Returned
O000996,C00193,2025-11-19,Beauty,1306.14,0.15,1110.22,Completed
O000997,C00193,2026-04-15,Sports,1777.09,0.05,1688.24,Completed
O000998,C00193,2026-01-18,Electronics,4599.44,0.0,4599.44,Completed
O000999,C00193,2025-11-28,Sports,3293.69,0.05,3129.01,Completed
O001000,C00193,2026-02-10,Grocery,640.96,0.05,608.91,Completed
O001001,C00193,2026-06-02,Home,3506.7,0.15,2980.7,Completed
O001002,C00194,2025-05-25,Home,3113.16,0.1,2801.84,Completed
O001003,C00194,2026-03-17,Sports,2154.7,0.0,2154.7,Completed
O001004,C00194,2025-05-27,Home,2583.49,0.15,2195.97,Completed
O001005,C00194,2025-06-13,Home,3429.11,0.0,3429.11,Completed
O001006,C00194,2026-06-12,Beauty,1267.57,0.05,1204.19,Returned
O001007,C00194,2025-11-11,Sports,1987.52,0.0,1987.52,Completed
O001008,C00195,2026-05-12,Electronics,5677.08,0.05,5393.23,Cancelled
O001009,C00195,2026-05-21,Home,2162.36,0.05,2054.24,Completed
O001010,C00195,2026-06-09,Sports,1948.48,0.15,1656.21,Completed
O001011,C00195,2026-03-22,Beauty,909.69,0.0,909.69,Completed
O001012,C00195,2026-04-10,Electronics,4554.66,0.05,4326.93,Completed
O001013,C00196,2026-06-07,Home,4048.19,0.1,3643.37,Completed
O001014,C00196,2026-05-27,Beauty,1011.5,0.0,1011.5,Completed
O001015,C00196,2026-04-23,Beauty,1104.05,0.05,1048.85,Completed
O001016,C00196,2026-06-27,Beauty,2729.67,0.05,2593.19,Completed
O001017,C00197,2026-01-16,Electronics,6297.72,0.0,6297.72,Completed
O001018,C00197,2025-11-20,Home,2125.05,0.15,1806.29,Cancelled
O001019,C00197,2026-03-21,Grocery,454.03,0.1,408.63,Completed
O001020,C00198,2026-06-05,Grocery,1309.82,0.0,1309.82,Completed
O001021,C00198,2026-05-02,Beauty,1307.86,0.15,1111.68,Returned
O001022,C00198,2026-05-20,Sports,2322.94,0.15,1974.5,Completed
O001023,C00198,2026-05-14,Grocery,722.22,0.0,722.22,Completed
O001024,C00198,2026-05-23,Sports,1227.18,0.1,1104.46,Completed
O001025,C00198,2026-05-12,Electronics,9355.36,0.1,8419.82,Returned
O001026,C00198,2026-05-04,Electronics,8062.26,0.1,7256.03,Returned
O001027,C00199,2026-01-03,Home,2438.26,0.0,2438.26,Completed
O001028,C00199,2026-05-17,Sports,2014.97,0.0,2014.97,Returned
O001029,C00199,2025-06-30,Beauty,1547.37,0.1,1392.63,Completed
O001030,C00200,2026-05-09,Beauty,1776.12,0.0,1776.12,Completed
O001031,C00200,2026-05-20,Electronics,7883.81,0.0,7883.81,Completed
O001032,C00200,2026-04-09,Grocery,1323.97,0.1,1191.57,Cancelled
O001033,C00200,2026-02-02,Beauty,1314.42,0.15,1117.26,Completed
O001034,C00200,2026-06-25,Home,4132.96,0.05,3926.31,Completed
O001035,C00200,2026-05-21,Home,4265.55,0.05,4052.27,Completed
O001036,C00200,2026-06-11,Beauty,1260.53,0.0,1260.53,Completed
O001037,C00200,2026-03-30,Home,1384.95,0.0,1384.95,Completed
O001038,C00200,2025-12-21,Home,3235.96,0.1,2912.36,Completed
O001039,C00200,2026-06-10,Home,3756.31,0.15,3192.86,Completed
O001040,C00201,2026-02-01,Sports,2206.82,0.0,2206.82,Cancelled
O001041,C00201,2025-12-09,Beauty,2062.5,0.1,1856.25,Completed
O001042,C00201,2026-04-23,Grocery,1561.31,0.0,1561.31,Completed
O001043,C00201,2026-03-07,Sports,1714.55,0.1,1543.1,Completed
O001044,C00201,2026-06-26,Grocery,1415.68,0.0,1415.68,Completed
O001045,C00202,2025-12-05,Grocery,925.17,0.2,740.14,Completed
O001046,C00202,2025-11-13,Electronics,7230.12,0.1,6507.11,Completed
O001047,C00202,2026-03-07,Sports,2265.85,0.0,2265.85,Completed
O001048,C00202,2026-06-02,Grocery,359.55,0.0,359.55,Completed
O001049,C00202,2026-04-28,Sports,2143.9,0.0,2143.9,Completed
O001050,C00202,2025-11-06,Home,4651.49,0.0,4651.49,Completed
O001051,C00202,2026-03-11,Electronics,7001.94,0.0,7001.94,Completed
O001052,C00203,2025-12-13,Sports,1928.89,0.1,1736.0,Completed
O001053,C00203,2026-04-10,Grocery,1003.0,0.05,952.85,Completed
O001054,C00203,2025-10-20,Home,1981.58,0.0,1981.58,Completed
O001055,C00203,2026-06-25,Grocery,845.7,0.1,761.13,Completed
O001056,C00203,2026-03-20,Grocery,1125.14,0.1,1012.63,Completed
O001057,C00203,2025-07-29,Home,2493.42,0.15,2119.41,Completed
O001058,C00203,2025-12-04,Grocery,1224.74,0.0,1224.74,Completed
O001059,C00203,2025-05-25,Electronics,5641.45,0.0,5641.45,Completed
O001060,C00203,2026-01-17,Home,4117.96,0.15,3500.27,Completed
O001061,C00204,2026-01-18,Home,1207.38,0.0,1207.38,Completed
O001062,C00204,2025-12-13,Beauty,1440.63,0.1,1296.57,Completed
O001063,C00204,2026-06-29,Home,4183.13,0.1,3764.82,Completed
O001064,C00204,2026-01-29,Grocery,1147.38,0.05,1090.01,Completed
O001065,C00204,2026-06-19,Beauty,1358.95,0.15,1155.11,Completed
O001066,C00204,2026-06-06,Electronics,11627.94,0.0,11627.94,Completed
O001067,C00204,2026-01-05,Home,1386.93,0.0,1386.93,Returned
O001068,C00204,2026-04-13,Grocery,1197.97,0.0,1197.97,Returned
O001069,C00204,2026-01-11,Home,3734.11,0.0,3734.11,Completed
O001070,C00204,2026-04-11,Beauty,1786.65,0.05,1697.32,Completed
O001071,C00204,2026-04-08,Grocery,559.67,0.0,559.67,Completed
O001072,C00205,2026-01-26,Grocery,529.11,0.1,476.2,Cancelled
O001073,C00205,2026-06-16,Home,2036.53,0.05,1934.7,Returned
O001074,C00206,2026-02-01,Grocery,791.38,0.0,791.38,Completed
O001075,C00206,2025-06-21,Home,3728.56,0.0,3728.56,Completed
O001076,C00206,2026-03-07,Grocery,1112.53,0.05,1056.9,Completed
O001077,C00206,2026-04-07,Grocery,873.95,0.1,786.56,Completed
O001078,C00206,2025-09-23,Grocery,1257.9,0.1,1132.11,Completed
O001079,C00206,2025-04-25,Electronics,5296.72,0.05,5031.88,Completed
O001080,C00206,2025-05-15,Electronics,8269.03,0.05,7855.58,Completed
O001081,C00206,2026-02-26,Grocery,1038.71,0.2,830.97,Completed
O001082,C00207,2025-10-30,Home,2289.45,0.15,1946.03,Completed
O001083,C00207,2026-04-05,Sports,2232.26,0.15,1897.42,Completed
O001084,C00207,2026-04-29,Electronics,12498.42,0.1,11248.58,Completed
O001085,C00208,2026-05-20,Grocery,748.62,0.05,711.19,Completed
O001086,C00208,2026-04-24,Beauty,481.3,0.2,385.04,Completed
O001087,C00208,2026-05-18,Home,2762.44,0.1,2486.2,Completed
O001088,C00208,2026-06-29,Sports,2830.45,0.05,2688.93,Completed
O001089,C00208,2026-04-25,Sports,847.21,0.15,720.13,Completed
O001090,C00209,2025-08-28,Electronics,3613.06,0.05,3432.41,Completed
O001091,C00210,2026-01-16,Sports,3077.99,0.05,2924.09,Cancelled
O001092,C00210,2026-03-23,Sports,1291.22,0.15,1097.54,Completed
O001093,C00210,2026-04-04,Home,3661.43,0.15,3112.22,Completed
O001094,C00211,2025-11-19,Grocery,601.86,0.1,541.67,Completed
O001095,C00211,2025-08-10,Beauty,650.16,0.1,585.14,Completed
O001096,C00211,2026-05-31,Beauty,1340.01,0.05,1273.01,Completed
O001097,C00211,2026-06-08,Beauty,1091.28,0.05,1036.72,Completed
O001098,C00211,2025-12-19,Home,2080.52,0.05,1976.49,Completed
O001099,C00212,2026-05-11,Grocery,329.35,0.15,279.95,Completed
O001100,C00212,2026-06-29,Electronics,4213.68,0.05,4003.0,Completed
O001101,C00212,2026-04-28,Home,3343.99,0.05,3176.79,Completed
O001102,C00212,2026-06-05,Electronics,7138.45,0.15,6067.68,Completed
O001103,C00212,2026-04-15,Sports,4263.99,0.1,3837.59,Completed
O001104,C00212,2026-04-10,Home,2384.09,0.15,2026.48,Completed
O001105,C00213,2025-08-20,Electronics,8493.38,0.15,7219.37,Cancelled
O001106,C00213,2025-11-27,Sports,2437.44,0.15,2071.82,Completed
O001107,C00213,2026-05-13,Sports,3094.13,0.05,2939.42,Completed
O001108,C00214,2026-04-21,Home,2372.17,0.05,2253.56,Completed
O001109,C00214,2026-05-11,Grocery,1114.85,0.1,1003.36,Completed
O001110,C00214,2026-05-08,Home,3441.29,0.15,2925.1,Returned
O001111,C00214,2026-03-29,Sports,1958.43,0.2,1566.74,Completed
O001112,C00214,2026-06-28,Sports,2000.07,0.15,1700.06,Returned
O001113,C00214,2026-06-24,Beauty,2427.87,0.05,2306.48,Completed
O001114,C00214,2026-06-24,Electronics,7858.87,0.1,7072.98,Completed
O001115,C00215,2025-07-17,Sports,1835.7,0.05,1743.92,Completed
O001116,C00215,2026-02-14,Sports,1652.29,0.0,1652.29,Completed
O001117,C00215,2025-10-02,Home,2130.43,0.0,2130.43,Returned
O001118,C00215,2026-03-26,Beauty,1763.49,0.15,1498.97,Completed
O001119,C00215,2025-06-25,Electronics,6149.56,0.05,5842.08,Completed
O001120,C00216,2025-08-06,Sports,1593.76,0.15,1354.7,Completed
O001121,C00216,2026-01-14,Sports,2376.4,0.05,2257.58,Returned
O001122,C00216,2025-08-08,Grocery,687.71,0.05,653.32,Completed
O001123,C00216,2025-03-19,Electronics,150.0,0.0,150.0,Completed
O001124,C00216,2025-10-21,Home,2850.95,0.1,2565.86,Completed
O001125,C00216,2026-06-09,Beauty,1031.58,0.1,928.42,Completed
O001126,C00216,2026-03-22,Beauty,2152.9,0.2,1722.32,Completed
O001127,C00217,2026-04-13,Beauty,1409.8,0.05,1339.31,Completed
O001128,C00217,2026-01-11,Sports,1892.13,0.2,1513.7,Returned
O001129,C00217,2026-01-13,Grocery,771.06,0.05,732.51,Completed
O001130,C00217,2026-05-23,Home,1765.01,0.1,1588.51,Completed
O001131,C00217,2026-04-02,Grocery,1253.33,0.15,1065.33,Completed
O001132,C00217,2026-03-14,Electronics,7021.19,0.1,6319.07,Completed
O001133,C00218,2026-05-14,Grocery,663.52,0.0,663.52,Completed
O001134,C00218,2026-05-31,Grocery,1149.7,0.0,1149.7,Returned
O001135,C00218,2026-04-17,Grocery,434.85,0.0,434.85,Completed
O001136,C00218,2026-03-07,Home,3836.64,0.0,3836.64,Completed
O001137,C00218,2026-03-01,Sports,1334.61,0.05,1267.88,Completed
O001138,C00219,2026-04-10,Beauty,1585.24,0.0,1585.24,Completed
O001139,C00219,2026-04-06,Home,3806.5,0.05,3616.18,Completed
O001140,C00220,2025-05-23,Grocery,701.29,0.1,631.16,Completed
O001141,C00220,2025-10-29,Sports,2819.8,0.1,2537.82,Completed
O001142,C00220,2025-10-25,Electronics,11483.2,0.05,10909.04,Completed
O001143,C00220,2025-03-06,Electronics,6074.06,0.05,5770.36,Completed
O001144,C00220,2025-04-22,Beauty,1906.0,0.05,1810.7,Completed
O001145,C00220,2026-03-29,Sports,2840.25,0.2,2272.2,Completed
O001146,C00221,2026-04-22,Sports,2814.53,0.05,2673.8,Completed
O001147,C00221,2025-10-15,Grocery,1356.25,0.1,1220.62,Returned
O001148,C00221,2026-04-20,Home,3471.03,0.05,3297.48,Cancelled
O001149,C00221,2026-01-14,Grocery,770.51,0.0,770.51,Completed
O001150,C00222,2025-09-21,Home,3523.43,0.15,2994.92,Completed
O001151,C00222,2025-10-29,Grocery,1148.2,0.05,1090.79,Returned
O001152,C00222,2026-04-24,Beauty,1626.07,0.05,1544.77,Completed
O001153,C00222,2026-02-08,Beauty,1166.27,0.05,1107.96,Returned
O001154,C00222,2025-12-26,Grocery,1155.42,0.15,982.11,Cancelled
O001155,C00223,2025-11-13,Sports,1910.15,0.1,1719.14,Completed
O001156,C00223,2026-02-11,Grocery,999.56,0.05,949.58,Completed
O001157,C00223,2025-07-17,Sports,2530.15,0.05,2403.64,Completed
O001158,C00223,2026-04-07,Electronics,8252.8,0.0,8252.8,Completed
O001159,C00223,2025-08-21,Beauty,1123.5,0.1,1011.15,Returned
O001160,C00223,2026-01-24,Electronics,5151.6,0.05,4894.02,Completed
O001161,C00223,2026-06-30,Sports,2875.71,0.1,2588.14,Completed
O001162,C00223,2025-12-09,Beauty,1572.31,0.05,1493.69,Completed
O001163,C00224,2026-05-04,Electronics,8276.95,0.15,7035.41,Completed
O001164,C00224,2026-01-22,Sports,2215.83,0.0,2215.83,Completed
O001165,C00225,2025-10-15,Grocery,1735.92,0.1,1562.33,Completed
O001166,C00225,2025-09-07,Electronics,9205.93,0.05,8745.63,Completed
O001167,C00225,2026-05-23,Home,2734.04,0.1,2460.64,Completed
O001168,C00225,2026-02-10,Home,3340.62,0.0,3340.62,Completed
O001169,C00225,2025-09-22,Electronics,6361.38,0.15,5407.17,Completed
O001170,C00225,2025-05-09,Home,3749.31,0.0,3749.31,Returned
O001171,C00225,2025-02-05,Sports,2541.33,0.15,2160.13,Completed
O001172,C00226,2025-08-21,Sports,2340.22,0.05,2223.21,Completed
O001173,C00226,2025-05-30,Sports,3831.82,0.0,3831.82,Completed
O001174,C00226,2026-03-02,Home,1501.58,0.0,1501.58,Completed
O001175,C00226,2025-10-10,Grocery,698.59,0.0,698.59,Completed
O001176,C00226,2026-04-14,Grocery,705.7,0.1,635.13,Completed
O001177,C00227,2026-05-11,Electronics,8352.91,0.0,8352.91,Cancelled
O001178,C00227,2025-06-04,Grocery,607.83,0.0,607.83,Returned
O001179,C00227,2025-08-14,Grocery,1454.93,0.05,1382.18,Completed
O001180,C00227,2025-12-12,Sports,2068.11,0.05,1964.7,Completed
O001181,C00227,2026-02-03,Beauty,2267.2,0.05,2153.84,Completed
O001182,C00227,2025-07-10,Sports,3161.32,0.0,3161.32,Completed
O001183,C00227,2025-12-30,Grocery,984.95,0.1,886.46,Cancelled
O001184,C00227,2026-01-11,Beauty,1336.12,0.0,1336.12,Completed
O001185,C00227,2026-05-24,Home,3563.05,0.0,3563.05,Completed
O001186,C00228,2026-04-09,Beauty,850.1,0.05,807.6,Completed
O001187,C00228,2026-05-19,Beauty,1695.82,0.05,1611.03,Completed
O001188,C00228,2026-04-06,Beauty,2086.74,0.1,1878.07,Completed
O001189,C00228,2026-06-15,Beauty,1077.39,0.0,1077.39,Completed
O001190,C00228,2026-06-07,Home,2217.39,0.0,2217.39,Completed
O001191,C00228,2026-06-05,Sports,3905.03,0.15,3319.28,Completed
O001192,C00229,2025-11-15,Sports,1162.26,0.0,1162.26,Completed
O001193,C00229,2025-12-01,Grocery,1299.0,0.0,1299.0,Completed
O001194,C00229,2026-06-10,Beauty,924.18,0.1,831.76,Completed
O001195,C00229,2025-10-31,Electronics,7718.17,0.05,7332.26,Completed
O001196,C00229,2026-03-26,Grocery,1280.84,0.05,1216.8,Completed
O001197,C00229,2025-12-17,Sports,3659.26,0.05,3476.3,Completed
O001198,C00229,2025-11-29,Home,2542.1,0.0,2542.1,Completed
O001199,C00230,2026-01-06,Electronics,4390.23,0.1,3951.21,Completed
O001200,C00230,2026-01-05,Electronics,9431.19,0.15,8016.51,Completed
O001201,C00230,2026-02-04,Sports,1818.88,0.05,1727.94,Completed
O001202,C00230,2025-12-20,Sports,1417.68,0.1,1275.91,Completed
O001203,C00230,2025-11-28,Home,3790.17,0.0,3790.17,Returned
O001204,C00230,2026-05-13,Beauty,1181.58,0.2,945.26,Completed
O001205,C00230,2026-05-25,Beauty,967.84,0.1,871.06,Completed
O001206,C00230,2025-10-20,Electronics,3217.82,0.1,2896.04,Completed
O001207,C00230,2026-06-22,Grocery,1101.14,0.15,935.97,Completed
O001208,C00231,2025-09-11,Home,4463.67,0.2,3570.94,Completed
O001209,C00231,2025-06-06,Grocery,919.15,0.0,919.15,Returned
O001210,C00231,2025-09-04,Home,4687.76,0.15,3984.6,Completed
O001211,C00232,2025-12-17,Electronics,6672.05,0.15,5671.24,Completed
O001212,C00232,2026-03-19,Beauty,1630.59,0.05,1549.06,Completed
O001213,C00232,2026-06-05,Sports,3043.5,0.0,3043.5,Completed
O001214,C00232,2025-12-29,Home,2716.62,0.15,2309.13,Completed
O001215,C00233,2026-02-09,Grocery,978.71,0.1,880.84,Returned
O001216,C00233,2026-03-20,Sports,1976.03,0.0,1976.03,Completed
O001217,C00233,2026-06-09,Sports,1532.07,0.2,1225.66,Completed
O001218,C00233,2026-03-31,Beauty,1406.67,0.1,1266.0,Completed
O001219,C00233,2026-05-01,Beauty,1107.28,0.1,996.55,Completed
O001220,C00233,2026-02-23,Electronics,6088.73,0.0,6088.73,Returned
O001221,C00233,2026-04-08,Grocery,751.0,0.05,713.45,Completed
O001222,C00233,2026-02-17,Home,993.79,0.15,844.72,Completed
O001223,C00233,2026-05-25,Home,2608.7,0.1,2347.83,Completed
O001224,C00234,2026-01-20,Sports,1640.94,0.15,1394.8,Completed
O001225,C00234,2026-05-17,Home,2372.46,0.1,2135.21,Completed
O001226,C00235,2026-03-26,Electronics,8884.47,0.0,8884.47,Completed
O001227,C00235,2026-01-13,Beauty,2062.84,0.1,1856.56,Completed
O001228,C00236,2025-12-03,Grocery,1030.48,0.1,927.43,Completed
O001229,C00236,2025-04-11,Beauty,2607.14,0.0,2607.14,Completed
O001230,C00236,2025-07-11,Sports,2116.14,0.05,2010.33,Completed
O001231,C00236,2026-01-10,Grocery,1072.01,0.05,1018.41,Completed
O001232,C00236,2025-11-11,Sports,1841.41,0.15,1565.2,Completed
O001233,C00237,2025-06-24,Grocery,1377.36,0.0,1377.36,Completed
O001234,C00237,2025-12-12,Beauty,1961.78,0.0,1961.78,Completed
O001235,C00237,2025-07-24,Electronics,7658.65,0.0,7658.65,Completed
O001236,C00237,2025-10-03,Home,2196.25,0.15,1866.81,Completed
O001237,C00237,2026-04-26,Sports,3445.12,0.05,3272.86,Completed
O001238,C00237,2026-03-14,Beauty,1022.49,0.0,1022.49,Completed
O001239,C00238,2026-04-20,Home,3041.97,0.1,2737.77,Completed
O001240,C00238,2025-04-25,Beauty,848.65,0.05,806.22,Returned
O001241,C00238,2026-05-27,Beauty,1782.3,0.1,1604.07,Completed
O001242,C00239,2025-12-29,Home,1649.28,0.0,1649.28,Completed
O001243,C00239,2026-04-17,Sports,3082.56,0.1,2774.3,Completed
O001244,C00239,2026-06-12,Beauty,2024.12,0.05,1922.91,Completed
O001245,C00239,2025-11-05,Sports,2678.47,0.1,2410.62,Completed
O001246,C00239,2025-11-09,Home,2599.41,0.05,2469.44,Completed
O001247,C00239,2025-12-02,Sports,2403.3,0.0,2403.3,Completed
O001248,C00239,2026-03-06,Home,1773.15,0.15,1507.18,Completed
O001249,C00239,2025-09-25,Beauty,1577.85,0.05,1498.96,Completed
O001250,C00239,2026-04-06,Home,3561.54,0.1,3205.39,Cancelled
O001251,C00239,2026-05-08,Beauty,1669.63,0.15,1419.19,Completed
O001252,C00240,2026-01-08,Beauty,1222.87,0.05,1161.73,Completed
O001253,C00240,2026-05-18,Grocery,867.3,0.15,737.2,Completed
O001254,C00240,2025-07-29,Beauty,821.57,0.0,821.57,Completed
O001255,C00240,2026-06-23,Beauty,2180.09,0.1,1962.08,Returned
O001256,C00240,2025-11-21,Electronics,5162.9,0.1,4646.61,Completed
O001257,C00240,2026-06-30,Electronics,10468.31,0.15,8898.06,Completed
O001258,C00241,2025-11-13,Beauty,1725.16,0.0,1725.16,Completed
O001259,C00241,2025-06-09,Sports,3038.61,0.15,2582.82,Completed
O001260,C00241,2026-03-06,Grocery,369.63,0.1,332.67,Completed
O001261,C00241,2026-06-21,Beauty,1457.83,0.05,1384.94,Completed
O001262,C00241,2026-03-08,Electronics,1723.47,0.15,1464.95,Completed
O001263,C00241,2026-02-10,Beauty,1366.57,0.05,1298.24,Completed
O001264,C00242,2025-12-09,Grocery,851.12,0.15,723.45,Completed
O001265,C00242,2025-09-25,Home,4810.22,0.2,3848.18,Completed
O001266,C00242,2025-08-11,Sports,1665.77,0.0,1665.77,Completed
O001267,C00242,2025-08-21,Sports,694.96,0.1,625.46,Completed
O001268,C00242,2026-06-21,Grocery,802.23,0.1,722.01,Cancelled
O001269,C00242,2025-12-12,Sports,2676.69,0.1,2409.02,Completed
O001270,C00242,2026-05-29,Grocery,781.71,0.1,703.54,Completed
O001271,C00242,2026-01-31,Grocery,951.45,0.0,951.45,Completed
O001272,C00243,2026-01-17,Home,4232.48,0.1,3809.23,Completed
O001273,C00243,2025-11-08,Grocery,1351.66,0.0,1351.66,Completed
O001274,C00243,2026-05-14,Grocery,466.15,0.15,396.23,Completed
O001275,C00243,2026-04-01,Electronics,9132.73,0.1,8219.46,Completed
O001276,C00243,2025-11-24,Electronics,6109.85,0.0,6109.85,Completed
O001277,C00243,2026-06-13,Home,1620.16,0.0,1620.16,Returned
O001278,C00243,2026-06-29,Home,3020.75,0.1,2718.68,Cancelled
O001279,C00243,2025-12-21,Beauty,1732.85,0.0,1732.85,Completed
O001280,C00243,2026-06-21,Sports,1653.19,0.05,1570.53,Completed
O001281,C00244,2026-05-05,Home,1239.37,0.05,1177.4,Completed
O001282,C00244,2026-06-22,Electronics,9501.68,0.0,9501.68,Returned
O001283,C00245,2026-06-26,Grocery,1195.35,0.1,1075.82,Completed
O001284,C00245,2026-05-28,Electronics,5383.45,0.05,5114.28,Completed
O001285,C00245,2026-05-29,Home,2730.01,0.0,2730.01,Completed
O001286,C00246,2026-05-24,Sports,1070.48,0.1,963.43,Completed
O001287,C00246,2026-04-25,Grocery,1291.48,0.0,1291.48,Completed
O001288,C00246,2025-10-03,Grocery,1409.58,0.1,1268.62,Completed
O001289,C00246,2026-04-28,Beauty,1759.11,0.0,1759.11,Completed
O001290,C00246,2025-09-15,Sports,1804.74,0.15,1534.03,Completed
O001291,C00246,2026-01-12,Electronics,9934.0,0.1,8940.6,Returned
O001292,C00246,2025-12-24,Grocery,407.03,0.15,345.98,Completed
O001293,C00246,2025-10-11,Electronics,4198.2,0.1,3778.38,Completed
O001294,C00246,2026-04-08,Beauty,1239.25,0.0,1239.25,Completed
O001295,C00246,2025-10-06,Grocery,767.42,0.1,690.68,Completed
O001296,C00246,2025-10-04,Electronics,2950.05,0.05,2802.55,Completed
O001297,C00246,2026-05-03,Electronics,9721.2,0.15,8263.02,Completed
O001298,C00246,2026-01-28,Sports,1794.29,0.05,1704.58,Completed
O001299,C00246,2025-12-05,Home,4164.25,0.1,3747.82,Completed
O001300,C00246,2026-04-07,Beauty,1262.05,0.1,1135.84,Completed
O001301,C00247,2026-02-14,Sports,1204.16,0.1,1083.74,Completed
O001302,C00247,2026-02-09,Sports,1964.01,0.05,1865.81,Completed
O001303,C00247,2025-04-11,Grocery,955.35,0.1,859.82,Returned
O001304,C00247,2025-06-04,Beauty,1963.93,0.15,1669.34,Completed
O001305,C00247,2025-05-20,Home,3610.35,0.0,3610.35,Completed
O001306,C00247,2026-02-25,Grocery,818.95,0.0,818.95,Completed
O001307,C00247,2025-05-29,Home,4443.52,0.15,3776.99,Completed
O001308,C00248,2025-12-12,Electronics,5462.31,0.0,5462.31,Completed
O001309,C00248,2026-02-26,Sports,2765.26,0.15,2350.47,Completed
O001310,C00248,2026-06-02,Grocery,415.62,0.0,415.62,Completed
O001311,C00248,2026-03-30,Grocery,829.75,0.15,705.29,Completed
O001312,C00248,2026-03-19,Home,3076.4,0.05,2922.58,Completed
O001313,C00248,2026-02-13,Sports,879.31,0.05,835.34,Completed
O001314,C00249,2026-04-25,Home,3609.41,0.1,3248.47,Completed
O001315,C00249,2026-04-16,Home,1475.74,0.05,1401.95,Completed
O001316,C00249,2026-06-12,Electronics,5817.21,0.0,5817.21,Completed
O001317,C00250,2025-02-27,Sports,150.0,0.2,120.0,Returned
O001318,C00250,2025-02-11,Home,3577.88,0.1,3220.09,Completed
O001319,C00250,2025-08-25,Electronics,1744.98,0.15,1483.23,Completed
O001320,C00250,2025-05-09,Grocery,693.82,0.05,659.13,Completed
O001321,C00251,2025-08-22,Sports,1439.24,0.15,1223.35,Completed
O001322,C00251,2026-06-07,Electronics,6165.14,0.15,5240.37,Completed
O001323,C00252,2025-10-06,Electronics,7144.68,0.05,6787.45,Completed
O001324,C00252,2025-12-25,Sports,2004.53,0.0,2004.53,Completed
O001325,C00252,2025-09-30,Grocery,794.87,0.2,635.9,Returned
O001326,C00252,2025-09-22,Electronics,8561.56,0.0,8561.56,Completed
O001327,C00253,2025-08-13,Grocery,943.03,0.05,895.88,Completed
O001328,C00253,2025-10-29,Home,3024.97,0.05,2873.72,Completed
O001329,C00253,2026-06-12,Grocery,479.3,0.1,431.37,Completed
O001330,C00253,2025-11-13,Grocery,689.25,0.2,551.4,Completed
O001331,C00253,2026-04-05,Beauty,1760.84,0.05,1672.8,Returned
O001332,C00254,2025-10-22,Beauty,1087.65,0.1,978.89,Completed
O001333,C00254,2025-09-04,Grocery,851.29,0.0,851.29,Completed
O001334,C00254,2025-10-14,Sports,803.76,0.2,643.01,Completed
O001335,C00254,2025-11-23,Beauty,1971.94,0.1,1774.75,Completed
O001336,C00254,2025-07-24,Grocery,1400.36,0.1,1260.32,Completed
O001337,C00254,2026-04-21,Home,3288.72,0.0,3288.72,Completed
O001338,C00255,2026-02-16,Sports,704.28,0.0,704.28,Completed
O001339,C00255,2026-01-11,Sports,890.52,0.15,756.94,Completed
O001340,C00255,2025-04-26,Beauty,1039.98,0.1,935.98,Completed
O001341,C00255,2026-02-25,Sports,1402.58,0.15,1192.19,Completed
O001342,C00255,2026-05-09,Grocery,1177.53,0.15,1000.9,Completed
O001343,C00255,2025-09-12,Sports,2427.32,0.0,2427.32,Completed
O001344,C00255,2025-10-28,Home,2134.14,0.0,2134.14,Completed
O001345,C00256,2026-04-16,Sports,1588.2,0.15,1349.97,Returned
O001346,C00256,2026-04-01,Grocery,150.0,0.05,142.5,Completed
O001347,C00256,2026-05-08,Home,2585.49,0.1,2326.94,Completed
O001348,C00256,2026-06-25,Home,3038.25,0.05,2886.34,Cancelled
O001349,C00256,2026-04-16,Home,2632.64,0.0,2632.64,Returned
O001350,C00256,2026-06-20,Sports,1511.89,0.15,1285.11,Completed
O001351,C00256,2026-03-16,Grocery,966.77,0.0,966.77,Completed
O001352,C00256,2026-04-30,Sports,1662.37,0.0,1662.37,Completed
O001353,C00256,2026-05-19,Grocery,575.09,0.15,488.83,Completed
O001354,C00256,2026-03-26,Sports,2714.63,0.0,2714.63,Cancelled
O001355,C00257,2026-02-04,Beauty,813.98,0.05,773.28,Completed
O001356,C00257,2026-01-25,Beauty,1534.49,0.05,1457.77,Completed
O001357,C00257,2026-05-18,Electronics,8115.93,0.0,8115.93,Completed
O001358,C00257,2026-03-29,Beauty,1386.2,0.1,1247.58,Completed
O001359,C00257,2025-12-27,Grocery,694.77,0.05,660.03,Completed
O001360,C00257,2026-06-07,Home,2867.23,0.2,2293.78,Completed
O001361,C00257,2025-12-17,Beauty,1567.03,0.0,1567.03,Completed
O001362,C00257,2026-03-10,Grocery,1134.27,0.15,964.13,Returned
O001363,C00257,2026-05-07,Electronics,5460.47,0.0,5460.47,Completed
O001364,C00258,2026-05-04,Home,1852.06,0.0,1852.06,Completed
O001365,C00258,2026-05-22,Sports,3379.93,0.0,3379.93,Completed
O001366,C00258,2026-05-21,Beauty,1606.06,0.05,1525.76,Completed
O001367,C00258,2026-06-02,Electronics,8916.43,0.15,7578.97,Completed
O001368,C00258,2026-05-22,Home,2482.96,0.05,2358.81,Completed
O001369,C00258,2026-05-10,Sports,2135.96,0.05,2029.16,Completed
O001370,C00258,2026-05-26,Grocery,1333.86,0.05,1267.17,Returned
O001371,C00258,2026-05-21,Sports,2666.25,0.0,2666.25,Completed
O001372,C00258,2026-05-25,Grocery,920.29,0.15,782.25,Completed
O001373,C00258,2026-06-05,Beauty,1998.07,0.15,1698.36,Completed
O001374,C00259,2026-01-10,Sports,3750.44,0.15,3187.87,Completed
O001375,C00259,2026-03-30,Beauty,1399.21,0.0,1399.21,Completed
O001376,C00259,2025-12-04,Beauty,1313.19,0.0,1313.19,Completed
O001377,C00259,2025-12-31,Grocery,821.89,0.1,739.7,Completed
O001378,C00259,2026-03-11,Sports,1830.42,0.1,1647.38,Returned
O001379,C00260,2025-06-30,Sports,1966.31,0.15,1671.36,Completed
O001380,C00260,2026-06-04,Beauty,2377.23,0.0,2377.23,Completed
O001381,C00260,2025-08-23,Beauty,1435.59,0.0,1435.59,Completed
O001382,C00260,2025-10-18,Sports,3308.72,0.1,2977.85,Completed
O001383,C00260,2025-06-03,Grocery,748.56,0.1,673.7,Completed
O001384,C00260,2025-09-01,Home,3975.98,0.0,3975.98,Completed
O001385,C00260,2025-05-19,Beauty,1795.26,0.0,1795.26,Completed
O001386,C00260,2026-02-18,Grocery,828.04,0.2,662.43,Completed
O001387,C00261,2026-06-08,Sports,2131.31,0.0,2131.31,Completed
O001388,C00261,2026-05-02,Home,4378.09,0.15,3721.38,Returned
O001389,C00261,2026-04-20,Beauty,1702.85,0.0,1702.85,Completed
O001390,C00261,2026-04-24,Sports,2466.83,0.1,2220.15,Completed
O001391,C00261,2026-06-06,Home,362.29,0.2,289.83,Completed
O001392,C00261,2026-05-28,Grocery,755.66,0.05,717.88,Completed
O001393,C00262,2026-06-08,Beauty,1156.11,0.05,1098.3,Completed
O001394,C00262,2026-06-27,Sports,3056.83,0.0,3056.83,Returned
O001395,C00262,2026-06-23,Home,3326.68,0.2,2661.34,Completed
O001396,C00262,2026-06-10,Home,2927.13,0.0,2927.13,Completed
O001397,C00263,2025-11-29,Grocery,616.45,0.0,616.45,Returned
O001398,C00263,2026-02-27,Home,2394.82,0.0,2394.82,Completed
O001399,C00263,2026-06-16,Grocery,1195.77,0.05,1135.98,Completed
O001400,C00263,2026-04-07,Electronics,3019.76,0.0,3019.76,Completed
O001401,C00263,2026-03-08,Electronics,2477.67,0.15,2106.02,Completed
O001402,C00263,2026-05-27,Electronics,6544.47,0.0,6544.47,Completed
O001403,C00263,2026-06-23,Electronics,9177.68,0.0,9177.68,Completed
O001404,C00263,2026-05-08,Electronics,3514.14,0.1,3162.73,Returned
O001405,C00264,2026-05-01,Home,2786.77,0.0,2786.77,Completed
O001406,C00264,2026-01-28,Electronics,3982.18,0.0,3982.18,Completed
O001407,C00264,2025-12-18,Electronics,9525.28,0.15,8096.49,Completed
O001408,C00264,2026-01-21,Grocery,372.19,0.1,334.97,Completed
O001409,C00264,2026-05-23,Beauty,1186.78,0.0,1186.78,Completed
O001410,C00265,2025-10-30,Grocery,485.81,0.0,485.81,Completed
O001411,C00265,2026-06-04,Sports,1481.5,0.0,1481.5,Completed
O001412,C00265,2025-10-08,Electronics,8032.15,0.05,7630.54,Completed
O001413,C00265,2026-06-29,Grocery,1371.11,0.1,1234.0,Completed
O001414,C00265,2026-04-28,Electronics,9408.44,0.0,9408.44,Completed
O001415,C00265,2025-10-08,Grocery,766.25,0.0,766.25,Completed
O001416,C00265,2026-02-17,Grocery,1025.26,0.0,1025.26,Completed
O001417,C00266,2026-05-05,Electronics,4970.3,0.05,4721.78,Completed
O001418,C00266,2026-06-29,Sports,2459.1,0.05,2336.14,Completed
O001419,C00266,2026-04-07,Electronics,4771.45,0.2,3817.16,Completed
O001420,C00266,2026-03-17,Grocery,676.35,0.0,676.35,Completed
O001421,C00266,2026-03-31,Home,3212.82,0.0,3212.82,Completed
O001422,C00266,2026-04-11,Grocery,1166.75,0.1,1050.08,Completed
O001423,C00266,2026-04-26,Beauty,1806.78,0.15,1535.76,Completed
O001424,C00266,2026-04-30,Sports,2487.09,0.05,2362.74,Completed
O001425,C00266,2026-03-13,Beauty,1928.28,0.0,1928.28,Completed
O001426,C00267,2025-10-10,Sports,2133.61,0.05,2026.93,Cancelled
O001427,C00267,2025-12-31,Home,2360.07,0.0,2360.07,Completed
O001428,C00267,2026-03-08,Home,2402.01,0.05,2281.91,Completed
O001429,C00268,2025-11-26,Electronics,6369.07,0.15,5413.71,Completed
O001430,C00268,2026-05-26,Electronics,5195.26,0.15,4415.97,Completed
O001431,C00268,2025-08-12,Sports,2348.84,0.1,2113.96,Completed
O001432,C00268,2026-01-06,Sports,1528.8,0.0,1528.8,Completed
O001433,C00268,2026-04-04,Sports,2915.27,0.1,2623.74,Cancelled
O001434,C00268,2025-07-24,Electronics,7011.76,0.0,7011.76,Returned
O001435,C00268,2026-06-20,Home,2239.98,0.2,1791.98,Completed
O001436,C00268,2025-08-07,Sports,2943.95,0.15,2502.36,Returned
O001437,C00268,2026-02-03,Beauty,1586.57,0.0,1586.57,Completed
O001438,C00268,2026-04-11,Electronics,10016.41,0.05,9515.59,Completed
O001439,C00269,2026-03-30,Electronics,6603.81,0.1,5943.43,Cancelled
O001440,C00269,2025-10-28,Home,2633.58,0.05,2501.9,Completed
O001441,C00269,2026-06-22,Grocery,1253.47,0.15,1065.45,Completed
O001442,C00269,2026-03-03,Beauty,1610.11,0.05,1529.6,Completed
O001443,C00269,2025-07-26,Electronics,6430.26,0.0,6430.26,Completed
O001444,C00271,2026-04-26,Beauty,1969.96,0.05,1871.46,Completed
O001445,C00271,2026-02-13,Grocery,774.07,0.0,774.07,Completed
O001446,C00271,2026-04-12,Electronics,6857.51,0.0,6857.51,Completed
O001447,C00272,2026-02-12,Beauty,1010.1,0.1,909.09,Completed
O001448,C00272,2026-01-02,Home,4511.56,0.1,4060.4,Completed
O001449,C00272,2026-05-28,Home,2586.35,0.15,2198.4,Completed
O001450,C00273,2026-03-10,Sports,2175.93,0.2,1740.74,Completed
O001451,C00273,2026-06-08,Electronics,6434.98,0.0,6434.98,Completed
O001452,C00273,2025-07-21,Home,2406.91,0.05,2286.56,Completed
O001453,C00273,2025-12-03,Home,2439.43,0.0,2439.43,Completed
O001454,C00273,2025-12-05,Sports,1346.24,0.05,1278.93,Completed
O001455,C00273,2026-01-30,Grocery,618.63,0.0,618.63,Completed
O001456,C00273,2025-08-06,Sports,2173.68,0.15,1847.63,Returned
O001457,C00273,2026-03-11,Home,2303.79,0.0,2303.79,Completed
O001458,C00273,2026-03-29,Electronics,8765.02,0.1,7888.52,Cancelled
O001459,C00273,2025-11-01,Beauty,1832.66,0.15,1557.76,Completed
O001460,C00274,2025-03-23,Electronics,7675.17,0.0,7675.17,Completed
O001461,C00274,2025-10-05,Home,1756.82,0.15,1493.3,Completed
O001462,C00274,2026-04-29,Electronics,7368.41,0.15,6263.15,Completed
O001463,C00274,2025-08-17,Grocery,681.76,0.0,681.76,Completed
O001464,C00274,2026-03-24,Grocery,762.93,0.0,762.93,Completed
O001465,C00274,2026-06-27,Grocery,400.55,0.0,400.55,Completed
O001466,C00274,2025-09-15,Beauty,1709.2,0.15,1452.82,Completed
O001467,C00274,2025-03-11,Beauty,1585.65,0.0,1585.65,Completed
O001468,C00274,2026-04-01,Sports,2071.84,0.0,2071.84,Completed
O001469,C00274,2025-11-02,Home,2957.89,0.15,2514.21,Completed
O001470,C00274,2025-08-25,Grocery,1384.2,0.15,1176.57,Completed
O001471,C00274,2026-06-20,Sports,2779.69,0.15,2362.74,Completed
O001472,C00274,2025-10-03,Home,2473.35,0.1,2226.02,Completed
O001473,C00275,2026-05-17,Grocery,1351.59,0.15,1148.85,Cancelled
O001474,C00275,2026-05-07,Sports,768.06,0.05,729.66,Completed
O001475,C00276,2026-01-11,Grocery,1277.08,0.05,1213.23,Completed
O001476,C00276,2026-03-06,Home,2063.64,0.05,1960.46,Completed
O001477,C00276,2026-06-21,Electronics,6927.04,0.0,6927.04,Completed
O001478,C00276,2026-01-11,Beauty,1964.37,0.05,1866.15,Completed
O001479,C00277,2025-10-05,Sports,1486.85,0.1,1338.16,Completed
O001480,C00277,2026-06-08,Home,1614.75,0.1,1453.28,Completed
O001481,C00277,2026-02-03,Beauty,1268.79,0.0,1268.79,Completed
O001482,C00277,2026-01-19,Electronics,9509.15,0.2,7607.32,Completed
O001483,C00277,2025-09-03,Electronics,10704.29,0.15,9098.65,Completed
O001484,C00277,2025-12-23,Sports,2962.85,0.0,2962.85,Cancelled
O001485,C00278,2026-02-04,Beauty,1195.28,0.1,1075.75,Completed
O001486,C00278,2025-11-30,Home,2841.17,0.1,2557.05,Completed
O001487,C00278,2025-11-26,Home,3651.74,0.05,3469.15,Completed
O001488,C00278,2026-02-22,Sports,1091.51,0.05,1036.93,Completed
O001489,C00278,2026-03-26,Grocery,722.2,0.15,613.87,Completed
O001490,C00278,2026-03-15,Sports,1894.04,0.0,1894.04,Completed
O001491,C00278,2025-11-30,Electronics,7346.68,0.1,6612.01,Completed
O001492,C00278,2025-11-26,Beauty,1680.26,0.0,1680.26,Cancelled
O001493,C00279,2026-05-12,Electronics,4320.5,0.15,3672.42,Cancelled
O001494,C00279,2026-05-23,Grocery,1189.15,0.0,1189.15,Completed
O001495,C00279,2026-03-15,Sports,2650.5,0.1,2385.45,Completed
O001496,C00279,2025-12-25,Beauty,1699.69,0.05,1614.71,Completed
O001497,C00279,2026-04-06,Sports,2058.56,0.2,1646.85,Completed
O001498,C00279,2026-01-12,Grocery,1006.16,0.05,955.85,Completed
O001499,C00279,2026-02-22,Grocery,604.03,0.0,604.03,Completed
O001500,C00280,2026-05-21,Home,1872.51,0.0,1872.51,Completed
O001501,C00280,2026-04-15,Home,2604.39,0.0,2604.39,Completed
O001502,C00280,2026-02-12,Beauty,1430.79,0.0,1430.79,Completed
O001503,C00280,2026-03-26,Beauty,843.85,0.1,759.46,Completed
O001504,C00280,2026-05-14,Home,2761.41,0.0,2761.41,Completed
O001505,C00280,2026-01-24,Home,2619.85,0.0,2619.85,Completed
O001506,C00280,2026-04-29,Beauty,1048.73,0.1,943.86,Completed
O001507,C00281,2025-11-29,Beauty,1320.76,0.1,1188.68,Completed
O001508,C00281,2025-12-31,Electronics,6644.24,0.0,6644.24,Completed
O001509,C00281,2025-10-29,Beauty,1460.93,0.05,1387.88,Completed
O001510,C00281,2025-09-01,Sports,2947.58,0.1,2652.82,Completed
O001511,C00281,2026-02-26,Grocery,968.55,0.05,920.12,Completed
O001512,C00281,2025-08-06,Sports,4062.16,0.0,4062.16,Returned
O001513,C00281,2025-06-21,Home,1141.88,0.05,1084.79,Completed
O001514,C00281,2025-09-30,Electronics,8310.25,0.0,8310.25,Completed
O001515,C00281,2025-11-16,Beauty,827.67,0.1,744.9,Completed
O001516,C00282,2026-04-02,Beauty,1956.81,0.15,1663.29,Completed
O001517,C00282,2026-05-03,Beauty,798.76,0.1,718.88,Completed
O001518,C00283,2025-09-23,Grocery,685.83,0.0,685.83,Completed
O001519,C00283,2025-04-25,Beauty,2133.41,0.05,2026.74,Completed
O001520,C00283,2025-07-29,Grocery,875.58,0.0,875.58,Completed
O001521,C00283,2026-06-15,Home,3520.05,0.2,2816.04,Completed
O001522,C00283,2025-10-18,Beauty,683.51,0.0,683.51,Completed
O001523,C00283,2025-05-16,Sports,1972.32,0.2,1577.86,Completed
O001524,C00283,2026-06-25,Beauty,1746.98,0.0,1746.98,Completed
O001525,C00283,2025-07-14,Sports,2075.51,0.2,1660.41,Completed
O001526,C00284,2026-03-25,Home,2584.35,0.05,2455.13,Completed
O001527,C00284,2026-01-20,Sports,2159.99,0.1,1943.99,Completed
O001528,C00284,2026-01-08,Sports,2416.64,0.1,2174.98,Completed
O001529,C00284,2026-01-30,Electronics,6241.59,0.1,5617.43,Completed
O001530,C00284,2026-06-24,Grocery,779.49,0.15,662.57,Completed
O001531,C00284,2025-12-19,Grocery,958.94,0.0,958.94,Completed
O001532,C00285,2026-05-10,Home,3180.66,0.0,3180.66,Completed
O001533,C00285,2026-06-14,Grocery,306.86,0.2,245.49,Completed
O001534,C00285,2025-12-28,Sports,1026.83,0.0,1026.83,Returned
O001535,C00285,2026-06-21,Home,5279.76,0.0,5279.76,Completed
O001536,C00285,2026-04-13,Beauty,1288.33,0.15,1095.08,Completed
O001537,C00285,2026-06-17,Electronics,9238.14,0.15,7852.42,Completed
O001538,C00285,2026-04-05,Sports,1053.25,0.05,1000.59,Cancelled
O001539,C00285,2026-01-26,Beauty,1665.79,0.1,1499.21,Completed
O001540,C00285,2026-02-21,Beauty,1003.61,0.05,953.43,Completed
O001541,C00285,2026-06-08,Home,1774.02,0.05,1685.32,Completed
O001542,C00285,2026-06-23,Sports,2722.04,0.0,2722.04,Cancelled
O001543,C00286,2026-05-11,Electronics,6734.5,0.15,5724.32,Cancelled
O001544,C00286,2026-05-29,Grocery,907.55,0.0,907.55,Completed
O001545,C00286,2026-06-06,Grocery,900.69,0.1,810.62,Completed
O001546,C00286,2026-05-17,Grocery,466.85,0.1,420.16,Completed
O001547,C00286,2026-06-13,Sports,3177.6,0.05,3018.72,Completed
O001548,C00286,2026-06-23,Electronics,3667.28,0.0,3667.28,Completed
O001549,C00286,2026-05-07,Grocery,1190.76,0.0,1190.76,Completed
O001550,C00287,2026-03-05,Electronics,7423.86,0.1,6681.47,Completed
O001551,C00287,2026-04-16,Beauty,872.93,0.15,741.99,Completed
O001552,C00287,2026-03-26,Grocery,1006.02,0.0,1006.02,Completed
O001553,C00287,2026-02-23,Grocery,860.1,0.05,817.1,Completed
O001554,C00287,2026-05-25,Beauty,1129.95,0.15,960.46,Completed
O001555,C00287,2026-06-02,Electronics,6837.95,0.05,6496.05,Returned
O001556,C00287,2026-02-14,Electronics,5813.56,0.0,5813.56,Completed
O001557,C00288,2025-11-17,Home,3192.0,0.1,2872.8,Completed
O001558,C00288,2026-03-26,Grocery,952.25,0.15,809.41,Completed
O001559,C00288,2026-04-19,Grocery,550.43,0.05,522.91,Completed
O001560,C00288,2026-06-25,Grocery,1001.82,0.1,901.64,Completed
O001561,C00288,2025-10-29,Sports,994.97,0.2,795.98,Completed
O001562,C00288,2026-01-15,Sports,1737.32,0.0,1737.32,Completed
O001563,C00288,2026-03-02,Grocery,1159.14,0.0,1159.14,Cancelled
O001564,C00289,2026-05-01,Grocery,1005.62,0.05,955.34,Completed
O001565,C00289,2025-12-14,Beauty,1483.02,0.05,1408.87,Completed
O001566,C00290,2025-11-20,Sports,2163.6,0.15,1839.06,Completed
O001567,C00290,2025-12-10,Beauty,384.65,0.0,384.65,Completed
O001568,C00290,2026-02-28,Electronics,6033.78,0.15,5128.71,Completed
O001569,C00290,2025-12-13,Home,2669.39,0.0,2669.39,Completed
O001570,C00290,2026-02-11,Beauty,1500.69,0.05,1425.66,Cancelled
O001571,C00290,2026-02-09,Sports,1361.21,0.15,1157.03,Completed
O001572,C00290,2026-06-02,Home,3886.28,0.0,3886.28,Completed
O001573,C00290,2026-03-27,Sports,1578.99,0.0,1578.99,Completed
O001574,C00291,2025-11-03,Sports,1846.4,0.0,1846.4,Completed
O001575,C00291,2025-06-27,Sports,2319.85,0.1,2087.86,Completed
O001576,C00291,2026-05-13,Sports,1351.7,0.1,1216.53,Completed
O001577,C00291,2025-10-19,Electronics,9279.39,0.0,9279.39,Completed
O001578,C00291,2025-10-09,Electronics,3901.69,0.05,3706.61,Completed
O001579,C00291,2026-06-27,Electronics,5589.72,0.0,5589.72,Completed
O001580,C00292,2025-03-01,Beauty,1647.03,0.0,1647.03,Completed
O001581,C00292,2026-01-15,Electronics,5204.73,0.0,5204.73,Completed
O001582,C00293,2025-07-12,Home,3379.83,0.0,3379.83,Completed
O001583,C00293,2025-07-22,Grocery,936.41,0.1,842.77,Cancelled
O001584,C00293,2025-07-07,Beauty,1385.41,0.0,1385.41,Completed
O001585,C00293,2026-04-06,Sports,2245.13,0.1,2020.62,Completed
O001586,C00293,2025-09-19,Sports,1254.57,0.05,1191.84,Cancelled
O001587,C00293,2025-08-01,Home,4658.2,0.0,4658.2,Completed
O001588,C00293,2026-04-12,Sports,1152.16,0.1,1036.94,Completed
O001589,C00294,2025-10-07,Grocery,738.35,0.1,664.52,Completed
O001590,C00294,2026-01-02,Sports,1801.17,0.0,1801.17,Completed
O001591,C00295,2026-02-25,Sports,2094.95,0.15,1780.71,Completed
O001592,C00295,2025-11-13,Electronics,4729.35,0.0,4729.35,Completed
O001593,C00295,2026-04-23,Home,4380.61,0.1,3942.55,Completed
O001594,C00295,2025-08-11,Beauty,1863.84,0.05,1770.65,Completed
O001595,C00296,2026-04-17,Grocery,827.18,0.1,744.46,Completed
O001596,C00296,2026-04-22,Grocery,1156.3,0.0,1156.3,Completed
O001597,C00296,2026-05-02,Beauty,1371.12,0.0,1371.12,Completed
O001598,C00296,2026-05-20,Home,2846.09,0.0,2846.09,Completed
O001599,C00296,2026-06-06,Electronics,1398.95,0.0,1398.95,Completed
O001600,C00296,2026-05-12,Sports,2841.03,0.15,2414.88,Completed
O001601,C00296,2026-06-15,Beauty,1147.41,0.0,1147.41,Completed
O001602,C00296,2026-06-24,Sports,2651.41,0.1,2386.27,Returned
O001603,C00296,2026-06-26,Sports,2683.81,0.1,2415.43,Completed
O001604,C00296,2026-06-23,Electronics,7312.54,0.05,6946.91,Completed
O001605,C00297,2025-11-18,Beauty,563.93,0.05,535.73,Completed
O001606,C00297,2026-01-13,Grocery,1039.21,0.05,987.25,Completed
O001607,C00297,2025-08-20,Beauty,2476.08,0.15,2104.67,Completed
O001608,C00298,2026-06-04,Grocery,574.05,0.0,574.05,Returned
O001609,C00298,2026-03-28,Home,2164.51,0.0,2164.51,Completed
O001610,C00298,2026-04-27,Electronics,7026.35,0.1,6323.72,Completed
O001611,C00299,2025-11-18,Beauty,2269.95,0.0,2269.95,Completed
O001612,C00299,2025-09-16,Home,3101.58,0.15,2636.34,Completed
O001613,C00299,2026-01-26,Home,2232.31,0.1,2009.08,Completed
O001614,C00299,2026-04-06,Sports,3345.28,0.2,2676.22,Completed
O001615,C00299,2026-02-18,Grocery,530.6,0.0,530.6,Completed
O001616,C00299,2025-09-27,Grocery,801.72,0.15,681.46,Completed
O001617,C00299,2026-01-31,Sports,1762.51,0.05,1674.38,Completed
O001618,C00299,2025-10-22,Sports,1548.23,0.0,1548.23,Completed
O001619,C00299,2026-06-09,Grocery,905.63,0.1,815.07,Completed
O001620,C00300,2026-05-27,Home,2580.27,0.0,2580.27,Completed
O001621,C00300,2026-03-17,Home,2214.57,0.0,2214.57,Completed
O001622,C00300,2026-02-11,Beauty,1454.1,0.0,1454.1,Completed
O001623,C00300,2025-08-16,Home,1969.33,0.1,1772.4,Completed
O001624,C00300,2025-11-14,Sports,2830.32,0.05,2688.8,Completed
O001625,C00300,2026-04-19,Electronics,8372.3,0.1,7535.07,Completed
O001626,C00300,2025-12-06,Electronics,6594.51,0.1,5935.06,Completed
O001627,C00300,2026-02-09,Home,4313.94,0.05,4098.24,Completed
O001628,C00301,2026-02-01,Sports,2665.16,0.0,2665.16,Completed
O001629,C00301,2026-05-06,Grocery,679.21,0.15,577.33,Completed
O001630,C00301,2026-05-30,Sports,2533.09,0.1,2279.78,Completed
O001631,C00301,2026-03-28,Sports,1487.73,0.0,1487.73,Completed
O001632,C00301,2026-03-30,Sports,1842.1,0.05,1750.0,Completed
O001633,C00301,2026-04-18,Home,3650.01,0.0,3650.01,Completed
O001634,C00302,2025-06-25,Grocery,1214.33,0.05,1153.61,Completed
O001635,C00302,2025-05-29,Home,2142.41,0.1,1928.17,Completed
O001636,C00302,2025-10-10,Electronics,4006.97,0.0,4006.97,Completed
O001637,C00302,2025-10-01,Home,3268.48,0.15,2778.21,Completed
O001638,C00302,2026-02-13,Beauty,694.59,0.1,625.13,Completed
O001639,C00302,2025-08-08,Sports,1149.2,0.15,976.82,Completed
O001640,C00303,2026-06-28,Sports,2159.6,0.0,2159.6,Completed
O001641,C00303,2026-06-24,Grocery,949.86,0.15,807.38,Completed
O001642,C00303,2026-03-04,Grocery,758.18,0.15,644.45,Completed
O001643,C00303,2026-03-05,Beauty,964.15,0.1,867.74,Completed
O001644,C00304,2026-06-28,Grocery,759.92,0.05,721.92,Completed
O001645,C00304,2025-12-01,Grocery,508.48,0.15,432.21,Completed
O001646,C00304,2026-06-19,Electronics,5791.51,0.05,5501.93,Completed
O001647,C00304,2026-06-21,Sports,2414.16,0.1,2172.74,Completed
O001648,C00304,2026-03-03,Home,1206.63,0.2,965.3,Completed
O001649,C00304,2025-12-31,Electronics,3371.28,0.0,3371.28,Completed
O001650,C00304,2026-06-08,Home,1884.69,0.2,1507.75,Completed
O001651,C00304,2025-10-27,Electronics,11133.88,0.05,10577.19,Completed
O001652,C00304,2026-01-13,Beauty,1291.33,0.0,1291.33,Completed
O001653,C00305,2026-03-01,Electronics,2775.31,0.0,2775.31,Completed
O001654,C00305,2026-03-24,Electronics,8203.57,0.0,8203.57,Completed
O001655,C00305,2026-06-18,Home,2720.16,0.05,2584.15,Completed
O001656,C00305,2026-01-24,Grocery,1062.15,0.05,1009.04,Completed
O001657,C00305,2026-05-27,Beauty,1716.77,0.0,1716.77,Completed
O001658,C00305,2026-06-01,Grocery,952.27,0.0,952.27,Completed
O001659,C00305,2026-05-12,Sports,1966.35,0.0,1966.35,Completed
O001660,C00306,2025-06-04,Grocery,647.8,0.05,615.41,Completed
O001661,C00306,2025-05-22,Home,2833.52,0.0,2833.52,Completed
O001662,C00306,2026-05-02,Home,1962.47,0.15,1668.1,Completed
O001663,C00306,2026-04-28,Electronics,4004.0,0.15,3403.4,Completed
O001664,C00306,2025-12-28,Beauty,1094.89,0.05,1040.15,Completed
O001665,C00306,2025-12-09,Beauty,1538.73,0.05,1461.79,Completed
O001666,C00306,2026-01-11,Grocery,867.85,0.05,824.46,Completed
O001667,C00306,2025-06-06,Beauty,894.76,0.05,850.02,Completed
O001668,C00306,2026-03-07,Beauty,1148.57,0.1,1033.71,Returned
O001669,C00306,2025-08-07,Grocery,691.74,0.2,553.39,Completed
O001670,C00307,2026-01-04,Grocery,836.82,0.0,836.82,Completed
O001671,C00307,2025-10-08,Home,3036.72,0.1,2733.05,Completed
O001672,C00307,2026-03-19,Electronics,6270.87,0.05,5957.33,Completed
O001673,C00307,2026-01-09,Home,2747.94,0.0,2747.94,Completed
O001674,C00307,2025-10-27,Home,2999.35,0.15,2549.45,Returned
O001675,C00307,2025-11-03,Beauty,2112.83,0.15,1795.91,Completed
O001676,C00307,2025-12-25,Sports,3648.19,0.15,3100.96,Completed
O001677,C00307,2026-04-28,Home,405.72,0.1,365.15,Completed
O001678,C00308,2026-04-26,Beauty,1398.11,0.05,1328.2,Completed
O001679,C00308,2026-05-09,Sports,3951.16,0.15,3358.49,Completed
O001680,C00308,2026-03-06,Sports,2458.09,0.15,2089.38,Completed
O001681,C00308,2025-12-19,Electronics,9335.47,0.1,8401.92,Completed
O001682,C00308,2026-03-13,Grocery,498.53,0.0,498.53,Completed
O001683,C00309,2026-05-05,Beauty,999.57,0.0,999.57,Completed
O001684,C00309,2026-04-21,Beauty,1836.31,0.0,1836.31,Returned
O001685,C00309,2026-02-19,Sports,2113.55,0.15,1796.52,Completed
O001686,C00310,2025-11-17,Grocery,636.34,0.2,509.07,Completed
O001687,C00310,2025-06-04,Electronics,5542.16,0.1,4987.94,Completed
O001688,C00310,2026-06-12,Sports,1046.89,0.0,1046.89,Completed
O001689,C00310,2026-04-24,Beauty,1244.26,0.0,1244.26,Completed
O001690,C00310,2025-07-05,Grocery,947.73,0.1,852.96,Completed
O001691,C00311,2025-10-20,Home,2786.02,0.0,2786.02,Returned
O001692,C00311,2025-11-05,Home,2607.44,0.05,2477.07,Completed
O001693,C00311,2025-12-09,Beauty,1272.5,0.15,1081.62,Completed
O001694,C00312,2026-02-20,Beauty,973.44,0.2,778.75,Completed
O001695,C00312,2026-02-24,Grocery,853.31,0.0,853.31,Completed
O001696,C00313,2026-05-09,Home,3295.16,0.05,3130.4,Completed
O001697,C00313,2026-05-03,Sports,1614.34,0.2,1291.47,Completed
O001698,C00313,2026-01-09,Electronics,7798.89,0.15,6629.06,Completed
O001699,C00314,2025-07-03,Electronics,5257.34,0.0,5257.34,Completed
O001700,C00314,2026-04-26,Sports,1799.29,0.05,1709.33,Completed
O001701,C00314,2025-06-18,Electronics,7470.64,0.05,7097.11,Completed
O001702,C00314,2025-08-29,Sports,3730.61,0.15,3171.02,Completed
O001703,C00314,2026-01-29,Electronics,7483.59,0.15,6361.05,Completed
O001704,C00314,2026-01-15,Home,2931.83,0.1,2638.65,Completed
O001705,C00314,2026-05-28,Home,3138.04,0.05,2981.14,Returned
O001706,C00314,2026-05-08,Beauty,1421.25,0.05,1350.19,Cancelled
O001707,C00315,2025-07-07,Beauty,1122.26,0.1,1010.03,Completed
O001708,C00315,2025-05-01,Beauty,1797.35,0.0,1797.35,Cancelled
O001709,C00315,2025-10-09,Electronics,9281.67,0.1,8353.5,Completed
O001710,C00315,2026-02-10,Home,1164.66,0.15,989.96,Completed
O001711,C00316,2025-05-27,Sports,2152.07,0.1,1936.86,Completed
O001712,C00316,2026-03-17,Beauty,770.7,0.0,770.7,Completed
O001713,C00316,2026-05-07,Home,1565.82,0.05,1487.53,Completed
O001714,C00316,2025-12-06,Electronics,5580.39,0.0,5580.39,Returned
O001715,C00316,2026-04-26,Electronics,6146.76,0.05,5839.42,Completed
O001716,C00316,2025-05-01,Home,2401.89,0.0,2401.89,Completed
O001717,C00316,2025-12-31,Electronics,8184.68,0.1,7366.21,Completed
O001718,C00316,2025-07-07,Grocery,1200.95,0.15,1020.81,Cancelled
O001719,C00316,2025-08-24,Grocery,739.32,0.05,702.35,Completed
O001720,C00316,2026-04-14,Sports,1737.22,0.05,1650.36,Completed
O001721,C00317,2025-10-30,Electronics,6698.74,0.0,6698.74,Completed
O001722,C00317,2026-04-24,Beauty,1041.9,0.0,1041.9,Completed
O001723,C00317,2026-05-25,Electronics,4350.33,0.1,3915.3,Completed
O001724,C00317,2026-06-05,Sports,2697.26,0.1,2427.53,Completed
O001725,C00317,2026-04-23,Home,2041.22,0.0,2041.22,Completed
O001726,C00317,2026-02-27,Electronics,5991.16,0.15,5092.49,Completed
O001727,C00318,2025-11-25,Sports,2067.71,0.15,1757.55,Completed
O001728,C00318,2025-09-14,Electronics,6166.41,0.05,5858.09,Completed
O001729,C00318,2025-09-21,Beauty,948.31,0.0,948.31,Completed
O001730,C00319,2025-09-08,Beauty,1448.99,0.05,1376.54,Completed
O001731,C00319,2025-05-13,Sports,2752.29,0.1,2477.06,Completed
O001732,C00319,2026-04-04,Home,1957.79,0.0,1957.79,Completed
O001733,C00319,2026-01-26,Home,2737.96,0.05,2601.06,Completed
O001734,C00319,2025-04-08,Grocery,875.24,0.0,875.24,Returned
O001735,C00320,2026-06-07,Electronics,13136.25,0.15,11165.81,Completed
O001736,C00320,2026-06-13,Home,3269.27,0.15,2778.88,Completed
O001737,C00320,2026-05-22,Beauty,1296.95,0.15,1102.41,Completed
O001738,C00320,2026-06-27,Home,2999.44,0.0,2999.44,Completed
O001739,C00320,2026-06-15,Home,911.07,0.1,819.96,Completed
O001740,C00320,2026-05-18,Grocery,778.05,0.05,739.15,Completed
O001741,C00320,2026-06-22,Sports,2090.34,0.0,2090.34,Completed
O001742,C00320,2026-04-23,Electronics,8601.59,0.1,7741.43,Completed
O001743,C00320,2026-04-08,Home,4017.59,0.0,4017.59,Completed
O001744,C00320,2026-04-11,Grocery,819.14,0.15,696.27,Completed
O001745,C00321,2026-06-13,Sports,3012.27,0.1,2711.04,Completed
O001746,C00321,2026-04-25,Sports,2926.91,0.0,2926.91,Completed
O001747,C00321,2026-04-21,Home,4525.61,0.05,4299.33,Completed
O001748,C00321,2026-04-12,Beauty,1338.47,0.0,1338.47,Completed
O001749,C00321,2026-06-02,Electronics,5487.2,0.0,5487.2,Completed
O001750,C00322,2025-07-14,Grocery,818.92,0.1,737.03,Cancelled
O001751,C00322,2026-01-10,Grocery,844.13,0.0,844.13,Completed
O001752,C00322,2026-03-13,Grocery,960.94,0.1,864.85,Completed
O001753,C00322,2025-08-01,Electronics,7452.19,0.1,6706.97,Completed
O001754,C00322,2026-05-17,Beauty,450.39,0.15,382.83,Completed
O001755,C00322,2025-06-22,Grocery,953.72,0.0,953.72,Completed
O001756,C00322,2026-01-13,Grocery,706.91,0.2,565.53,Completed
O001757,C00323,2025-12-15,Sports,1537.93,0.0,1537.93,Completed
O001758,C00323,2026-02-08,Electronics,9456.56,0.0,9456.56,Completed
O001759,C00323,2026-01-10,Sports,2494.39,0.1,2244.95,Completed
O001760,C00323,2026-03-26,Electronics,9019.15,0.15,7666.28,Returned
O001761,C00323,2026-01-11,Sports,707.44,0.05,672.07,Completed
O001762,C00324,2026-03-04,Grocery,940.0,0.05,893.0,Returned
O001763,C00324,2026-02-17,Beauty,2297.26,0.0,2297.26,Completed
O001764,C00324,2026-05-06,Home,3456.29,0.05,3283.48,Completed
O001765,C00325,2026-05-23,Grocery,823.52,0.1,741.17,Completed
O001766,C00325,2026-05-27,Beauty,1918.31,0.0,1918.31,Completed
O001767,C00325,2026-06-12,Home,3820.96,0.0,3820.96,Completed
O001768,C00325,2026-06-03,Electronics,5478.62,0.1,4930.76,Completed
O001769,C00325,2026-04-06,Grocery,1360.65,0.0,1360.65,Completed
O001770,C00325,2026-04-12,Electronics,1194.16,0.05,1134.45,Returned
O001771,C00325,2026-05-07,Home,3394.03,0.1,3054.63,Completed
O001772,C00326,2025-02-11,Electronics,5603.37,0.0,5603.37,Completed
O001773,C00326,2026-02-13,Grocery,491.22,0.0,491.22,Completed
O001774,C00326,2025-10-22,Grocery,439.44,0.0,439.44,Completed
O001775,C00326,2026-03-03,Sports,2120.96,0.15,1802.82,Completed
O001776,C00327,2026-05-15,Electronics,9602.21,0.0,9602.21,Completed
O001777,C00327,2026-06-19,Grocery,748.95,0.05,711.5,Completed
O001778,C00327,2026-03-13,Beauty,2198.37,0.1,1978.53,Completed
O001779,C00327,2026-02-23,Beauty,854.6,0.0,854.6,Completed
O001780,C00327,2026-02-22,Grocery,1036.42,0.0,1036.42,Returned
O001781,C00327,2026-03-26,Home,1733.14,0.0,1733.14,Completed
O001782,C00327,2026-06-19,Beauty,2772.67,0.2,2218.14,Completed
O001783,C00328,2025-11-04,Grocery,812.0,0.0,812.0,Completed
O001784,C00328,2026-03-08,Electronics,5656.13,0.15,4807.71,Completed
O001785,C00328,2025-09-23,Sports,2458.78,0.15,2089.96,Completed
O001786,C00328,2026-04-26,Home,3290.11,0.15,2796.59,Completed
O001787,C00328,2025-05-17,Home,3082.39,0.0,3082.39,Completed
O001788,C00328,2025-06-01,Sports,2476.31,0.0,2476.31,Completed
O001789,C00328,2025-06-16,Sports,2340.84,0.05,2223.8,Cancelled
O001790,C00329,2025-11-10,Beauty,491.67,0.15,417.92,Completed
O001791,C00329,2026-01-10,Electronics,9252.8,0.0,9252.8,Completed
O001792,C00329,2025-10-19,Home,3072.74,0.05,2919.1,Returned
O001793,C00329,2025-10-18,Home,2511.18,0.15,2134.5,Completed
O001794,C00329,2026-06-24,Beauty,802.78,0.0,802.78,Cancelled
O001795,C00329,2026-02-22,Home,2324.27,0.1,2091.84,Completed
O001796,C00329,2026-04-21,Home,1712.71,0.05,1627.07,Completed
O001797,C00329,2026-02-27,Electronics,5452.57,0.05,5179.94,Completed
O001798,C00330,2026-03-19,Electronics,7857.2,0.0,7857.2,Completed
O001799,C00330,2025-08-08,Sports,1672.54,0.15,1421.66,Completed
O001800,C00330,2025-07-07,Grocery,1464.83,0.0,1464.83,Completed
O001801,C00331,2025-06-21,Beauty,1143.71,0.05,1086.52,Completed
O001802,C00331,2026-05-19,Grocery,666.3,0.05,632.98,Returned
O001803,C00331,2026-04-06,Electronics,5945.74,0.1,5351.17,Completed
O001804,C00331,2026-01-29,Sports,1611.14,0.1,1450.03,Completed
O001805,C00331,2026-02-05,Beauty,1444.39,0.1,1299.95,Completed
O001806,C00331,2025-06-17,Sports,2779.53,0.05,2640.55,Completed
O001807,C00331,2026-03-06,Home,1218.11,0.15,1035.39,Completed
O001808,C00332,2026-02-10,Home,5180.36,0.15,4403.31,Completed
O001809,C00332,2025-12-14,Electronics,6933.91,0.0,6933.91,Completed
O001810,C00332,2026-05-26,Electronics,6973.52,0.0,6973.52,Returned
O001811,C00333,2025-06-09,Grocery,1281.6,0.15,1089.36,Completed
O001812,C00333,2025-02-14,Electronics,5350.11,0.05,5082.6,Completed
O001813,C00333,2026-04-28,Electronics,8057.73,0.05,7654.84,Completed
O001814,C00333,2025-06-18,Electronics,4049.93,0.15,3442.44,Completed
O001815,C00334,2026-06-21,Beauty,791.95,0.1,712.76,Completed
O001816,C00334,2026-05-30,Home,2407.67,0.05,2287.29,Completed
O001817,C00334,2026-04-07,Electronics,9179.28,0.05,8720.32,Completed
O001818,C00334,2026-06-08,Home,1160.5,0.05,1102.47,Completed
O001819,C00335,2026-03-09,Home,2845.29,0.05,2703.03,Completed
O001820,C00335,2026-04-27,Beauty,1766.98,0.0,1766.98,Completed
O001821,C00335,2026-02-11,Electronics,6559.57,0.0,6559.57,Completed
O001822,C00335,2026-04-04,Electronics,6662.18,0.0,6662.18,Completed
O001823,C00336,2025-12-01,Electronics,5510.26,0.15,4683.72,Completed
O001824,C00337,2025-11-03,Home,1351.56,0.0,1351.56,Completed
O001825,C00337,2026-04-25,Electronics,5620.05,0.0,5620.05,Completed
O001826,C00337,2026-02-25,Electronics,6484.68,0.1,5836.21,Completed
O001827,C00337,2026-03-30,Beauty,2152.06,0.15,1829.25,Completed
O001828,C00337,2026-01-10,Beauty,390.37,0.0,390.37,Completed
O001829,C00337,2025-09-17,Grocery,749.5,0.05,712.02,Completed
O001830,C00338,2026-05-13,Electronics,7187.39,0.15,6109.28,Completed
O001831,C00338,2026-04-21,Home,596.47,0.05,566.65,Completed
O001832,C00339,2025-09-04,Grocery,545.59,0.0,545.59,Completed
O001833,C00339,2026-05-14,Beauty,1857.73,0.1,1671.96,Completed
O001834,C00339,2026-04-21,Grocery,1036.54,0.1,932.89,Completed
O001835,C00340,2025-12-26,Sports,2435.19,0.1,2191.67,Completed
O001836,C00340,2026-02-28,Grocery,1595.96,0.0,1595.96,Completed
O001837,C00340,2026-05-03,Home,4819.48,0.2,3855.58,Completed
O001838,C00340,2026-05-30,Home,4135.79,0.05,3929.0,Completed
O001839,C00340,2025-11-09,Electronics,7912.12,0.1,7120.91,Completed
O001840,C00340,2026-03-21,Electronics,3254.23,0.15,2766.1,Completed
O001841,C00341,2026-02-05,Grocery,818.49,0.2,654.79,Completed
O001842,C00341,2026-04-04,Electronics,5369.21,0.05,5100.75,Returned
O001843,C00341,2026-03-29,Electronics,2168.95,0.15,1843.61,Completed
O001844,C00341,2026-04-19,Beauty,1163.39,0.15,988.88,Completed
O001845,C00342,2025-07-21,Home,2172.66,0.1,1955.39,Completed
O001846,C00342,2026-02-24,Home,3297.85,0.15,2803.17,Completed
O001847,C00342,2025-12-29,Sports,1846.0,0.15,1569.1,Completed
O001848,C00342,2025-06-28,Home,2467.69,0.1,2220.92,Completed
O001849,C00342,2026-05-28,Beauty,914.54,0.05,868.81,Completed
O001850,C00342,2025-07-15,Electronics,6353.94,0.2,5083.15,Completed
O001851,C00342,2025-09-24,Grocery,548.7,0.1,493.83,Completed
O001852,C00343,2026-06-01,Beauty,1263.63,0.1,1137.27,Completed
O001853,C00343,2026-06-13,Electronics,6334.91,0.1,5701.42,Completed
O001854,C00344,2026-03-28,Electronics,4566.46,0.0,4566.46,Completed
O001855,C00344,2026-03-09,Home,3039.56,0.1,2735.6,Completed
O001856,C00344,2026-04-12,Sports,2125.02,0.0,2125.02,Returned
O001857,C00344,2025-11-19,Grocery,787.24,0.15,669.15,Completed
O001858,C00344,2026-03-25,Electronics,7293.82,0.0,7293.82,Completed
O001859,C00345,2026-05-26,Home,1952.86,0.0,1952.86,Completed
O001860,C00345,2026-05-14,Beauty,1739.46,0.0,1739.46,Completed
O001861,C00346,2026-04-02,Beauty,1245.28,0.05,1183.02,Completed
O001862,C00346,2026-06-26,Sports,2182.32,0.2,1745.86,Completed
O001863,C00346,2026-05-28,Beauty,973.09,0.05,924.44,Completed
O001864,C00346,2026-04-09,Sports,2183.95,0.0,2183.95,Completed
O001865,C00347,2025-07-24,Home,1488.05,0.0,1488.05,Completed
O001866,C00347,2025-04-14,Home,1932.05,0.1,1738.84,Completed
O001867,C00347,2025-05-15,Grocery,1172.69,0.0,1172.69,Completed
O001868,C00347,2025-05-01,Home,3859.69,0.1,3473.72,Completed
O001869,C00347,2025-04-30,Home,2881.21,0.15,2449.03,Completed
O001870,C00347,2025-10-23,Sports,2564.47,0.15,2179.8,Completed
O001871,C00347,2025-08-14,Sports,2177.05,0.1,1959.35,Completed
O001872,C00347,2025-05-07,Grocery,1065.24,0.05,1011.98,Completed
O001873,C00347,2025-09-06,Home,2136.53,0.15,1816.05,Completed
O001874,C00347,2025-10-24,Beauty,1216.55,0.0,1216.55,Completed
O001875,C00348,2026-04-16,Beauty,1133.92,0.2,907.14,Completed
O001876,C00348,2025-10-22,Electronics,4914.46,0.05,4668.74,Completed
O001877,C00348,2025-11-10,Beauty,1007.86,0.0,1007.86,Completed
O001878,C00348,2026-06-26,Electronics,6459.21,0.05,6136.25,Completed
O001879,C00348,2025-12-10,Beauty,2196.41,0.2,1757.13,Completed
O001880,C00349,2026-04-20,Electronics,3402.19,0.0,3402.19,Completed
O001881,C00349,2026-05-03,Beauty,887.61,0.1,798.85,Completed
O001882,C00349,2026-05-22,Grocery,834.19,0.05,792.48,Completed
O001883,C00350,2025-04-22,Beauty,1433.63,0.05,1361.95,Completed
O001884,C00350,2025-08-08,Home,3840.95,0.0,3840.95,Completed
O001885,C00350,2025-04-12,Sports,2463.92,0.1,2217.53,Completed
O001886,C00350,2026-06-08,Sports,2653.79,0.0,2653.79,Completed
O001887,C00351,2025-12-29,Grocery,908.8,0.0,908.8,Completed
O001888,C00351,2025-07-25,Electronics,4784.72,0.2,3827.78,Completed
O001889,C00351,2025-11-11,Electronics,11267.7,0.0,11267.7,Completed
O001890,C00351,2026-05-05,Home,2350.81,0.15,1998.19,Completed
O001891,C00351,2025-05-21,Electronics,8987.29,0.15,7639.2,Completed
O001892,C00352,2025-08-24,Home,3540.93,0.15,3009.79,Completed
O001893,C00352,2025-09-28,Home,2402.09,0.15,2041.78,Completed
O001894,C00352,2026-02-14,Beauty,1663.22,0.05,1580.06,Returned
O001895,C00352,2026-06-11,Electronics,10288.45,0.15,8745.18,Completed
O001896,C00352,2026-05-18,Grocery,843.71,0.15,717.15,Completed
O001897,C00352,2025-12-03,Electronics,5147.12,0.05,4889.76,Completed
O001898,C00352,2025-08-04,Electronics,5538.66,0.0,5538.66,Completed
O001899,C00352,2025-11-02,Sports,2450.44,0.05,2327.92,Returned
O001900,C00352,2025-09-27,Electronics,9182.82,0.0,9182.82,Cancelled
O001901,C00352,2026-01-09,Electronics,3819.64,0.1,3437.68,Completed
O001902,C00352,2025-08-14,Sports,2533.29,0.05,2406.63,Completed
O001903,C00352,2025-08-18,Home,2342.71,0.0,2342.71,Completed
O001904,C00353,2026-05-15,Sports,1632.59,0.05,1550.96,Completed
O001905,C00353,2026-06-17,Electronics,3529.6,0.05,3353.12,Returned
O001906,C00353,2026-04-19,Sports,1537.72,0.0,1537.72,Completed
O001907,C00353,2026-01-02,Beauty,693.11,0.05,658.45,Completed
O001908,C00353,2026-01-23,Home,2897.57,0.15,2462.93,Completed
O001909,C00353,2026-02-23,Beauty,1603.11,0.0,1603.11,Completed
O001910,C00353,2026-05-22,Home,1558.24,0.0,1558.24,Completed
O001911,C00353,2025-10-23,Grocery,747.71,0.0,747.71,Cancelled
O001912,C00353,2026-02-08,Beauty,1736.2,0.05,1649.39,Completed
O001913,C00353,2026-06-18,Sports,1711.83,0.0,1711.83,Completed
O001914,C00353,2026-06-08,Electronics,5681.07,0.05,5397.02,Completed
O001915,C00353,2025-11-19,Beauty,1861.53,0.05,1768.45,Returned
O001916,C00354,2026-03-11,Home,2446.2,0.0,2446.2,Completed
O001917,C00354,2026-03-20,Home,4241.89,0.15,3605.61,Completed
O001918,C00354,2026-05-16,Grocery,879.16,0.05,835.2,Completed
O001919,C00355,2026-01-16,Grocery,719.84,0.05,683.85,Completed
O001920,C00355,2025-09-20,Sports,2827.8,0.05,2686.41,Completed
O001921,C00355,2026-03-13,Sports,3178.69,0.15,2701.89,Completed
O001922,C00355,2026-06-16,Sports,1948.15,0.05,1850.74,Completed
O001923,C00355,2026-03-06,Grocery,680.27,0.05,646.26,Completed
O001924,C00355,2026-05-26,Beauty,606.78,0.0,606.78,Completed
O001925,C00356,2026-02-07,Beauty,2163.12,0.05,2054.96,Completed
O001926,C00356,2025-12-16,Electronics,4127.86,0.15,3508.68,Completed
O001927,C00356,2026-01-20,Grocery,788.86,0.2,631.09,Completed
O001928,C00356,2025-12-26,Electronics,9254.61,0.2,7403.69,Completed
O001929,C00357,2026-03-27,Electronics,7777.58,0.0,7777.58,Completed
O001930,C00357,2026-05-15,Grocery,837.42,0.05,795.55,Completed
O001931,C00357,2026-04-16,Grocery,1113.74,0.0,1113.74,Completed
O001932,C00357,2026-03-15,Home,962.63,0.2,770.1,Completed
O001933,C00357,2026-02-09,Home,2611.05,0.1,2349.95,Completed
O001934,C00357,2026-03-17,Beauty,743.64,0.0,743.64,Completed
O001935,C00357,2026-05-31,Electronics,6234.99,0.05,5923.24,Cancelled
O001936,C00357,2026-03-12,Grocery,1054.1,0.1,948.69,Completed
O001937,C00358,2026-06-22,Sports,986.24,0.15,838.3,Completed
O001938,C00358,2025-11-07,Home,3186.86,0.15,2708.83,Completed
O001939,C00358,2025-08-08,Home,2976.73,0.0,2976.73,Completed
O001940,C00358,2026-03-09,Beauty,741.83,0.05,704.74,Completed
O001941,C00358,2026-06-26,Beauty,828.93,0.1,746.04,Completed
O001942,C00358,2026-03-08,Electronics,9845.76,0.1,8861.18,Completed
O001943,C00358,2026-05-05,Beauty,1060.05,0.1,954.04,Completed
O001944,C00358,2026-02-24,Grocery,1007.87,0.0,1007.87,Completed
O001945,C00358,2025-07-21,Grocery,514.52,0.1,463.07,Completed
O001946,C00359,2025-06-29,Sports,292.32,0.05,277.7,Completed
O001947,C00359,2025-12-27,Beauty,777.46,0.0,777.46,Completed
O001948,C00359,2025-06-22,Sports,2941.68,0.1,2647.51,Completed
O001949,C00359,2025-04-13,Electronics,3802.27,0.1,3422.04,Completed
O001950,C00359,2025-04-22,Home,2481.75,0.15,2109.49,Completed
O001951,C00359,2026-01-27,Home,2445.52,0.05,2323.24,Completed
O001952,C00359,2025-04-04,Grocery,956.28,0.0,956.28,Completed
O001953,C00360,2026-06-04,Electronics,8782.66,0.15,7465.26,Completed
O001954,C00360,2026-03-21,Grocery,1072.77,0.0,1072.77,Completed
O001955,C00360,2026-01-14,Home,2642.76,0.0,2642.76,Completed
O001956,C00361,2025-12-27,Home,2525.49,0.05,2399.22,Completed
O001957,C00361,2025-12-18,Electronics,9606.65,0.0,9606.65,Completed
O001958,C00361,2025-07-17,Home,2754.43,0.0,2754.43,Completed
O001959,C00361,2026-05-02,Home,3277.11,0.05,3113.25,Returned
O001960,C00361,2025-08-31,Grocery,1428.33,0.1,1285.5,Completed
O001961,C00361,2026-01-08,Electronics,7652.49,0.05,7269.87,Completed
O001962,C00361,2026-01-13,Sports,3056.2,0.15,2597.77,Completed
O001963,C00362,2025-12-12,Electronics,5419.52,0.05,5148.54,Completed
O001964,C00362,2025-08-06,Beauty,1080.39,0.2,864.31,Completed
O001965,C00362,2025-07-30,Home,5349.74,0.05,5082.25,Completed
O001966,C00362,2026-06-29,Home,4925.39,0.0,4925.39,Completed
O001967,C00363,2026-05-13,Sports,1472.68,0.15,1251.78,Returned
O001968,C00364,2026-05-30,Beauty,1721.38,0.1,1549.24,Completed
O001969,C00364,2025-09-29,Grocery,1308.65,0.15,1112.35,Returned
O001970,C00364,2026-06-22,Grocery,875.0,0.0,875.0,Returned
O001971,C00364,2025-12-31,Home,4012.62,0.05,3811.99,Completed
O001972,C00364,2026-06-07,Grocery,818.82,0.1,736.94,Completed
O001973,C00364,2025-09-29,Sports,1965.41,0.05,1867.14,Completed
O001974,C00364,2025-12-06,Beauty,1704.05,0.0,1704.05,Completed
O001975,C00364,2025-09-05,Home,2257.82,0.0,2257.82,Completed
O001976,C00365,2025-09-25,Grocery,719.28,0.1,647.35,Completed
O001977,C00365,2026-04-13,Grocery,1123.1,0.15,954.63,Completed
O001978,C00365,2025-10-11,Home,3560.16,0.05,3382.15,Completed
O001979,C00365,2026-03-06,Grocery,1034.24,0.0,1034.24,Completed
O001980,C00365,2026-01-16,Grocery,591.18,0.05,561.62,Completed
O001981,C00365,2025-11-17,Sports,1962.67,0.0,1962.67,Completed
O001982,C00365,2025-12-06,Beauty,1230.09,0.0,1230.09,Completed
O001983,C00365,2025-11-03,Home,2030.39,0.1,1827.35,Completed
O001984,C00365,2026-03-21,Beauty,2354.99,0.0,2354.99,Completed
O001985,C00365,2025-12-19,Electronics,9178.15,0.2,7342.52,Returned
O001986,C00365,2026-03-15,Sports,3612.28,0.05,3431.67,Completed
O001987,C00366,2025-10-25,Beauty,1013.77,0.2,811.02,Completed
O001988,C00366,2025-12-15,Home,1763.22,0.2,1410.58,Completed
O001989,C00367,2026-05-14,Electronics,5937.89,0.0,5937.89,Completed
O001990,C00367,2026-02-15,Beauty,846.46,0.0,846.46,Completed
O001991,C00367,2026-06-07,Electronics,4568.74,0.0,4568.74,Completed
O001992,C00367,2026-05-21,Electronics,3522.74,0.2,2818.19,Completed
O001993,C00367,2025-11-30,Sports,2898.22,0.0,2898.22,Completed
O001994,C00367,2026-03-10,Sports,2512.5,0.2,2010.0,Completed
O001995,C00368,2025-07-04,Sports,2302.85,0.0,2302.85,Completed
O001996,C00368,2025-12-18,Sports,2720.26,0.15,2312.22,Completed
O001997,C00368,2025-10-06,Grocery,1059.9,0.05,1006.91,Completed
O001998,C00368,2025-10-19,Electronics,9003.39,0.0,9003.39,Completed
O001999,C00368,2026-06-08,Sports,2376.77,0.05,2257.93,Completed
O002000,C00368,2026-05-18,Grocery,671.83,0.15,571.06,Completed
O002001,C00368,2026-03-09,Home,2723.24,0.0,2723.24,Completed
O002002,C00368,2025-07-02,Sports,1803.09,0.05,1712.94,Completed
O002003,C00368,2025-05-17,Electronics,6754.76,0.15,5741.55,Completed
O002004,C00368,2025-09-07,Electronics,5461.01,0.05,5187.96,Completed
O002005,C00368,2025-09-20,Beauty,742.78,0.1,668.5,Completed
O002006,C00369,2025-05-11,Electronics,7725.09,0.05,7338.84,Completed
O002007,C00369,2025-09-10,Home,1955.79,0.2,1564.63,Returned
O002008,C00369,2026-06-16,Sports,2275.07,0.0,2275.07,Completed
O002009,C00369,2025-06-09,Electronics,5984.34,0.1,5385.91,Completed
O002010,C00369,2025-12-24,Electronics,7976.81,0.1,7179.13,Completed
O002011,C00369,2025-09-08,Grocery,659.07,0.0,659.07,Completed
O002012,C00369,2026-01-27,Sports,817.09,0.0,817.09,Completed
O002013,C00370,2025-10-14,Sports,2137.98,0.05,2031.08,Completed
O002014,C00370,2025-12-22,Grocery,993.68,0.0,993.68,Completed
O002015,C00370,2026-05-09,Home,2080.52,0.0,2080.52,Cancelled
O002016,C00370,2025-10-26,Electronics,8279.35,0.0,8279.35,Completed
O002017,C00370,2026-03-17,Home,2973.83,0.0,2973.83,Returned
O002018,C00370,2026-01-04,Sports,2851.54,0.2,2281.23,Completed
O002019,C00371,2026-06-01,Grocery,812.55,0.05,771.92,Completed
O002020,C00371,2026-06-07,Grocery,911.11,0.05,865.55,Completed
O002021,C00371,2026-02-10,Beauty,1177.69,0.0,1177.69,Completed
O002022,C00371,2026-02-19,Home,3313.47,0.1,2982.12,Completed
O002023,C00371,2025-12-29,Electronics,6920.33,0.05,6574.31,Completed
O002024,C00371,2026-03-15,Grocery,784.48,0.05,745.26,Completed
O002025,C00371,2026-04-24,Sports,3446.15,0.15,2929.23,Completed
O002026,C00372,2025-08-28,Electronics,5777.22,0.15,4910.64,Completed
O002027,C00372,2025-12-12,Electronics,5972.5,0.05,5673.88,Completed
O002028,C00372,2026-01-15,Electronics,5721.91,0.05,5435.81,Completed
O002029,C00372,2025-11-08,Grocery,874.21,0.1,786.79,Returned
O002030,C00373,2025-10-16,Home,3352.4,0.05,3184.78,Completed
O002031,C00373,2025-04-03,Electronics,9519.11,0.2,7615.29,Completed
O002032,C00373,2025-05-29,Home,173.0,0.05,164.35,Completed
O002033,C00373,2026-01-05,Beauty,1566.53,0.0,1566.53,Completed
O002034,C00374,2025-10-06,Sports,1381.53,0.05,1312.45,Completed
O002035,C00374,2025-10-24,Beauty,2051.25,0.1,1846.12,Completed
O002036,C00374,2026-03-17,Sports,3729.54,0.0,3729.54,Completed
O002037,C00374,2026-05-03,Beauty,1177.85,0.05,1118.96,Completed
O002038,C00374,2025-10-11,Grocery,1106.16,0.05,1050.85,Completed
O002039,C00375,2025-11-28,Home,2749.03,0.15,2336.68,Completed
O002040,C00376,2026-05-23,Sports,1646.81,0.0,1646.81,Cancelled
O002041,C00376,2026-05-23,Home,1678.53,0.0,1678.53,Completed
O002042,C00376,2026-06-02,Electronics,6658.2,0.0,6658.2,Completed
O002043,C00376,2026-05-09,Sports,3288.61,0.05,3124.18,Cancelled
O002044,C00376,2026-06-04,Beauty,1198.97,0.0,1198.97,Completed
O002045,C00376,2026-05-04,Beauty,1515.92,0.2,1212.74,Completed
O002046,C00376,2026-06-17,Electronics,5555.77,0.05,5277.98,Completed
O002047,C00376,2026-04-25,Electronics,5695.9,0.0,5695.9,Completed
O002048,C00376,2026-04-16,Beauty,1296.15,0.15,1101.73,Completed
O002049,C00377,2026-04-14,Sports,3205.21,0.05,3044.95,Returned
O002050,C00377,2026-05-08,Home,2252.33,0.0,2252.33,Completed
O002051,C00377,2026-04-20,Electronics,6293.38,0.05,5978.71,Completed
O002052,C00377,2026-01-25,Grocery,1212.13,0.0,1212.13,Completed
O002053,C00377,2026-02-10,Grocery,700.3,0.1,630.27,Completed
O002054,C00377,2026-06-27,Sports,2640.72,0.0,2640.72,Completed
O002055,C00377,2026-04-30,Home,4419.63,0.1,3977.67,Completed
O002056,C00377,2026-03-11,Beauty,1030.08,0.1,927.07,Completed
O002057,C00377,2025-08-20,Sports,3184.11,0.0,3184.11,Returned
O002058,C00378,2026-06-22,Electronics,7694.07,0.15,6539.96,Completed
O002059,C00378,2026-04-29,Grocery,569.49,0.2,455.59,Completed
O002060,C00378,2026-05-03,Grocery,1115.64,0.1,1004.08,Completed
O002061,C00378,2026-06-13,Grocery,547.72,0.05,520.33,Completed
O002062,C00378,2026-01-28,Electronics,6749.81,0.05,6412.32,Completed
O002063,C00378,2026-04-15,Home,2768.02,0.15,2352.82,Completed
O002064,C00378,2026-02-02,Home,387.08,0.1,348.37,Completed
O002065,C00379,2026-01-11,Home,3773.87,0.05,3585.18,Completed
O002066,C00379,2025-10-26,Sports,2005.12,0.1,1804.61,Completed
O002067,C00380,2025-04-08,Sports,2627.66,0.0,2627.66,Completed
O002068,C00380,2025-08-12,Home,3861.6,0.0,3861.6,Completed
O002069,C00380,2025-10-09,Beauty,1676.6,0.2,1341.28,Completed
O002070,C00380,2025-03-27,Electronics,3857.02,0.05,3664.17,Completed
O002071,C00380,2026-02-19,Grocery,903.96,0.05,858.76,Completed
O002072,C00380,2026-02-28,Grocery,1173.23,0.0,1173.23,Completed
O002073,C00380,2025-12-17,Beauty,1110.79,0.05,1055.25,Completed
O002074,C00381,2026-06-28,Sports,2107.22,0.0,2107.22,Completed
O002075,C00381,2025-01-24,Grocery,996.36,0.15,846.91,Completed
O002076,C00381,2026-03-17,Electronics,6083.13,0.05,5778.97,Returned
O002077,C00381,2026-03-12,Home,3250.32,0.0,3250.32,Completed
O002078,C00381,2025-06-12,Grocery,1517.4,0.15,1289.79,Completed
O002079,C00381,2025-04-24,Electronics,8329.64,0.05,7913.16,Completed
O002080,C00382,2026-04-13,Electronics,5832.2,0.0,5832.2,Completed
O002081,C00382,2025-11-22,Grocery,150.69,0.1,135.62,Completed
O002082,C00382,2025-12-22,Sports,3332.49,0.1,2999.24,Completed
O002083,C00382,2025-11-11,Sports,2245.54,0.15,1908.71,Completed
O002084,C00382,2026-05-30,Sports,1893.81,0.05,1799.12,Returned
O002085,C00382,2026-04-17,Grocery,714.27,0.2,571.42,Completed
O002086,C00382,2026-02-26,Electronics,1727.27,0.0,1727.27,Completed
O002087,C00383,2025-07-30,Beauty,1962.01,0.15,1667.71,Cancelled
O002088,C00383,2025-11-25,Home,2736.43,0.15,2325.97,Completed
O002089,C00383,2026-03-15,Grocery,1369.72,0.1,1232.75,Completed
O002090,C00383,2026-04-16,Sports,1968.59,0.0,1968.59,Returned
O002091,C00383,2025-05-22,Sports,564.5,0.1,508.05,Completed
O002092,C00383,2025-10-19,Home,2123.79,0.0,2123.79,Completed
O002093,C00384,2025-09-28,Sports,845.3,0.15,718.5,Completed
O002094,C00384,2026-01-18,Beauty,1637.22,0.2,1309.78,Completed
O002095,C00384,2025-09-13,Beauty,1560.66,0.0,1560.66,Completed
O002096,C00384,2026-02-05,Beauty,150.0,0.05,142.5,Completed
O002097,C00384,2026-01-24,Sports,598.26,0.0,598.26,Completed
O002098,C00384,2025-10-23,Home,3073.4,0.0,3073.4,Completed
O002099,C00384,2025-11-10,Beauty,1411.31,0.1,1270.18,Completed
O002100,C00384,2026-04-17,Beauty,858.09,0.15,729.38,Completed
O002101,C00385,2025-12-25,Sports,1237.9,0.05,1176.01,Completed
O002102,C00385,2026-06-15,Electronics,5014.65,0.1,4513.18,Completed
O002103,C00385,2025-11-14,Sports,2219.76,0.05,2108.77,Completed
O002104,C00385,2025-11-26,Sports,2302.91,0.1,2072.62,Completed
O002105,C00385,2026-04-15,Grocery,854.15,0.15,726.03,Completed
O002106,C00385,2026-02-17,Electronics,3323.66,0.1,2991.29,Completed
O002107,C00385,2026-04-30,Home,2319.41,0.05,2203.44,Completed
O002108,C00385,2025-09-12,Beauty,1781.86,0.1,1603.67,Completed
O002109,C00385,2026-04-26,Sports,2279.37,0.05,2165.4,Completed
O002110,C00386,2026-02-11,Grocery,815.56,0.15,693.23,Completed
O002111,C00386,2026-06-02,Electronics,7303.8,0.05,6938.61,Completed
O002112,C00386,2026-02-21,Home,1489.96,0.15,1266.47,Completed
O002113,C00386,2026-02-28,Electronics,7033.17,0.05,6681.51,Completed
O002114,C00386,2026-03-12,Electronics,7715.71,0.1,6944.14,Completed
O002115,C00386,2026-05-04,Electronics,6648.98,0.0,6648.98,Completed
O002116,C00386,2026-04-10,Home,2059.44,0.05,1956.47,Completed
O002117,C00387,2025-07-10,Beauty,1724.01,0.15,1465.41,Completed
O002118,C00388,2026-05-07,Sports,1503.19,0.0,1503.19,Completed
O002119,C00388,2025-11-25,Sports,2697.67,0.05,2562.79,Completed
O002120,C00389,2026-05-10,Electronics,9854.48,0.15,8376.31,Completed
O002121,C00389,2026-05-25,Beauty,1308.03,0.0,1308.03,Completed
O002122,C00389,2026-06-26,Grocery,572.8,0.05,544.16,Completed
O002123,C00389,2026-06-21,Home,3367.48,0.05,3199.11,Completed
O002124,C00389,2026-06-24,Grocery,1047.13,0.05,994.77,Completed
O002125,C00389,2026-06-08,Beauty,1229.72,0.0,1229.72,Cancelled
O002126,C00389,2026-05-15,Beauty,987.28,0.0,987.28,Completed
O002127,C00389,2026-05-06,Beauty,500.36,0.05,475.34,Completed
O002128,C00389,2026-04-28,Sports,1860.29,0.1,1674.26,Completed
O002129,C00390,2025-03-14,Home,1898.49,0.1,1708.64,Cancelled
O002130,C00390,2026-04-30,Grocery,351.77,0.05,334.18,Completed
O002131,C00390,2026-03-23,Home,4437.43,0.0,4437.43,Completed
O002132,C00390,2026-05-01,Home,4960.75,0.1,4464.68,Completed
O002133,C00390,2026-01-14,Home,4105.0,0.05,3899.75,Completed
O002134,C00390,2026-01-29,Home,2170.84,0.1,1953.76,Completed
O002135,C00390,2025-07-04,Sports,1059.04,0.05,1006.09,Completed
O002136,C00390,2025-11-06,Electronics,7527.02,0.1,6774.32,Completed
O002137,C00390,2026-05-05,Electronics,6803.58,0.0,6803.58,Completed
O002138,C00390,2025-10-17,Home,2479.24,0.1,2231.32,Completed
O002139,C00390,2026-01-14,Home,2099.62,0.05,1994.64,Completed
O002140,C00390,2025-12-21,Electronics,4615.35,0.0,4615.35,Completed
O002141,C00391,2025-09-05,Beauty,1255.96,0.15,1067.57,Completed
O002142,C00391,2025-11-27,Beauty,1498.34,0.1,1348.51,Completed
O002143,C00391,2026-03-28,Sports,3292.53,0.15,2798.65,Completed
O002144,C00391,2026-01-11,Sports,1195.7,0.15,1016.34,Completed
O002145,C00391,2025-10-04,Home,2351.0,0.05,2233.45,Completed
O002146,C00391,2026-05-11,Beauty,1994.11,0.05,1894.4,Completed
O002147,C00391,2026-03-01,Grocery,1327.64,0.05,1261.26,Completed
O002148,C00391,2025-05-03,Electronics,8516.81,0.05,8090.97,Completed
O002149,C00391,2026-06-26,Beauty,1936.86,0.1,1743.17,Completed
O002150,C00392,2026-02-10,Beauty,1393.71,0.0,1393.71,Completed
O002151,C00392,2025-11-13,Sports,2050.01,0.0,2050.01,Completed
O002152,C00392,2025-10-21,Beauty,1250.4,0.0,1250.4,Completed
O002153,C00392,2026-02-07,Beauty,1237.57,0.15,1051.93,Completed
O002154,C00393,2026-06-09,Beauty,1439.38,0.05,1367.41,Completed
O002155,C00393,2025-08-05,Beauty,267.03,0.0,267.03,Completed
O002156,C00394,2025-09-08,Home,2213.23,0.0,2213.23,Completed
O002157,C00394,2026-02-23,Home,2159.23,0.05,2051.27,Completed
O002158,C00394,2025-07-03,Grocery,1568.06,0.05,1489.66,Completed
O002159,C00395,2025-09-16,Beauty,1927.81,0.15,1638.64,Completed
O002160,C00395,2026-02-05,Home,2974.43,0.05,2825.71,Completed
O002161,C00395,2026-02-26,Electronics,7463.79,0.1,6717.41,Returned
O002162,C00396,2026-03-18,Sports,1766.26,0.05,1677.95,Completed
O002163,C00396,2025-09-15,Beauty,1407.74,0.1,1266.97,Completed
O002164,C00396,2025-11-17,Sports,1782.39,0.0,1782.39,Completed
O002165,C00396,2025-11-01,Electronics,9104.11,0.0,9104.11,Completed
O002166,C00396,2026-02-09,Grocery,868.07,0.2,694.46,Returned
O002167,C00397,2026-02-09,Beauty,937.81,0.15,797.14,Completed
O002168,C00397,2026-06-26,Home,1893.05,0.2,1514.44,Completed
O002169,C00397,2026-06-16,Grocery,1435.23,0.2,1148.18,Completed
O002170,C00398,2026-04-12,Sports,1662.37,0.05,1579.25,Completed
O002171,C00398,2026-06-20,Beauty,1682.86,0.0,1682.86,Completed
O002172,C00398,2026-03-09,Beauty,689.05,0.05,654.6,Completed
O002173,C00398,2026-06-04,Home,2405.74,0.0,2405.74,Completed
O002174,C00398,2026-06-03,Grocery,150.0,0.0,150.0,Completed
O002175,C00398,2025-12-16,Beauty,2078.59,0.0,2078.59,Completed
O002176,C00399,2025-07-03,Sports,2505.4,0.0,2505.4,Completed
O002177,C00399,2025-07-19,Beauty,1438.16,0.0,1438.16,Completed
O002178,C00399,2026-05-21,Grocery,1386.39,0.05,1317.07,Completed
O002179,C00399,2026-06-09,Home,3057.39,0.2,2445.91,Completed
O002180,C00399,2026-04-28,Beauty,689.49,0.0,689.49,Completed
O002181,C00399,2026-04-15,Electronics,4990.91,0.15,4242.27,Returned
O002182,C00399,2025-09-05,Beauty,726.18,0.0,726.18,Completed
O002183,C00400,2026-04-16,Beauty,1714.93,0.0,1714.93,Completed
O002184,C00400,2026-05-11,Beauty,1753.11,0.15,1490.14,Completed
O002185,C00400,2026-05-05,Beauty,2647.57,0.15,2250.43,Completed
O002186,C00400,2026-06-01,Beauty,2239.03,0.0,2239.03,Completed
O002187,C00400,2026-05-17,Electronics,5576.01,0.15,4739.61,Returned
O002188,C00401,2025-11-05,Electronics,4345.61,0.05,4128.33,Completed
O002189,C00401,2026-05-27,Grocery,402.99,0.0,402.99,Cancelled
O002190,C00401,2026-01-01,Grocery,1529.21,0.05,1452.75,Completed
O002191,C00401,2025-04-15,Sports,2596.0,0.0,2596.0,Completed
O002192,C00402,2025-07-29,Grocery,736.56,0.15,626.08,Completed
O002193,C00402,2025-05-13,Sports,2943.93,0.05,2796.73,Completed
O002194,C00402,2025-11-12,Sports,2578.28,0.1,2320.45,Completed
O002195,C00402,2025-03-07,Home,3222.66,0.0,3222.66,Completed
O002196,C00402,2025-05-31,Home,1649.34,0.0,1649.34,Completed
O002197,C00402,2025-12-27,Sports,3205.3,0.05,3045.04,Completed
O002198,C00402,2026-04-24,Home,2100.96,0.05,1995.91,Completed
O002199,C00402,2025-11-30,Home,3120.37,0.15,2652.31,Completed
O002200,C00403,2026-06-25,Electronics,6269.3,0.1,5642.37,Returned
O002201,C00403,2026-01-27,Beauty,1677.65,0.05,1593.77,Cancelled
O002202,C00403,2026-04-11,Home,1554.65,0.05,1476.92,Completed
O002203,C00403,2025-10-30,Electronics,10011.55,0.0,10011.55,Completed
O002204,C00403,2025-05-25,Sports,1287.26,0.15,1094.17,Completed
O002205,C00403,2025-10-10,Home,1966.04,0.0,1966.04,Completed
O002206,C00403,2026-06-16,Home,3290.73,0.15,2797.12,Completed
O002207,C00403,2026-03-14,Home,3544.19,0.05,3366.98,Completed
O002208,C00403,2026-01-28,Electronics,4708.32,0.1,4237.49,Completed
O002209,C00403,2025-07-28,Grocery,823.87,0.05,782.68,Completed
O002210,C00403,2025-12-31,Sports,2467.59,0.0,2467.59,Cancelled
O002211,C00403,2025-12-15,Sports,1662.0,0.15,1412.7,Completed
O002212,C00404,2026-03-12,Sports,2185.6,0.05,2076.32,Completed
O002213,C00404,2025-07-13,Electronics,4669.19,0.0,4669.19,Completed
O002214,C00404,2026-04-10,Home,4327.13,0.1,3894.42,Completed
O002215,C00404,2026-01-18,Electronics,9311.77,0.0,9311.77,Completed
O002216,C00406,2026-04-05,Grocery,263.68,0.0,263.68,Completed
O002217,C00406,2026-03-02,Electronics,6159.03,0.0,6159.03,Completed
O002218,C00406,2026-01-14,Home,3890.05,0.0,3890.05,Completed
O002219,C00406,2026-03-11,Beauty,1331.25,0.0,1331.25,Completed
O002220,C00406,2026-04-02,Home,4777.45,0.15,4060.83,Completed
O002221,C00406,2026-02-08,Sports,1848.75,0.15,1571.44,Completed
O002222,C00406,2026-05-21,Grocery,1058.31,0.0,1058.31,Completed
O002223,C00406,2026-04-01,Home,2966.3,0.0,2966.3,Completed
O002224,C00406,2026-01-29,Electronics,7596.48,0.05,7216.66,Returned
O002225,C00406,2026-03-30,Beauty,1539.67,0.0,1539.67,Completed
O002226,C00407,2025-10-29,Grocery,803.49,0.0,803.49,Completed
O002227,C00407,2026-01-09,Grocery,1165.64,0.0,1165.64,Completed
O002228,C00407,2025-08-29,Sports,1507.49,0.0,1507.49,Completed
O002229,C00407,2026-06-07,Home,3780.59,0.0,3780.59,Completed
O002230,C00407,2025-09-01,Sports,2314.31,0.1,2082.88,Completed
O002231,C00407,2025-09-09,Home,2377.66,0.05,2258.78,Completed
O002232,C00408,2025-07-10,Sports,280.12,0.15,238.1,Completed
O002233,C00408,2025-02-11,Home,3030.61,0.05,2879.08,Completed
O002234,C00408,2025-09-09,Home,2855.38,0.05,2712.61,Completed
O002235,C00408,2025-08-27,Electronics,6327.33,0.05,6010.96,Completed
O002236,C00408,2026-06-23,Home,2878.71,0.05,2734.77,Completed
O002237,C00408,2025-05-29,Beauty,453.14,0.05,430.48,Completed
O002238,C00409,2026-06-29,Electronics,5749.71,0.1,5174.74,Completed
O002239,C00409,2026-01-08,Beauty,1600.51,0.05,1520.48,Completed
O002240,C00409,2026-03-30,Grocery,765.83,0.15,650.96,Completed
O002241,C00409,2025-07-24,Grocery,982.17,0.1,883.95,Completed
O002242,C00409,2025-07-24,Electronics,8319.74,0.0,8319.74,Completed
O002243,C00409,2026-05-30,Electronics,5001.97,0.05,4751.87,Completed
O002244,C00409,2025-07-24,Electronics,6895.68,0.1,6206.11,Completed
O002245,C00410,2026-02-03,Sports,3340.55,0.1,3006.5,Completed
O002246,C00410,2026-01-25,Electronics,8226.38,0.15,6992.42,Completed
O002247,C00410,2026-03-09,Beauty,2036.18,0.05,1934.37,Completed
O002248,C00411,2026-05-09,Home,1734.27,0.0,1734.27,Completed
O002249,C00411,2025-08-07,Electronics,4171.57,0.15,3545.83,Completed
O002250,C00411,2025-11-13,Sports,3294.74,0.15,2800.53,Completed
O002251,C00411,2025-04-22,Grocery,770.42,0.0,770.42,Completed
O002252,C00412,2026-02-13,Grocery,164.66,0.05,156.43,Completed
O002253,C00412,2025-12-07,Sports,2973.8,0.05,2825.11,Completed
O002254,C00412,2025-11-20,Grocery,776.27,0.1,698.64,Completed
O002255,C00412,2025-11-27,Beauty,2165.51,0.0,2165.51,Completed
O002256,C00412,2025-11-25,Electronics,13200.44,0.15,11220.37,Completed
O002257,C00412,2026-06-09,Home,3243.82,0.0,3243.82,Completed
O002258,C00413,2026-06-26,Home,2539.11,0.0,2539.11,Completed
O002259,C00413,2026-03-30,Grocery,286.59,0.0,286.59,Completed
O002260,C00413,2026-03-14,Beauty,1356.23,0.0,1356.23,Completed
O002261,C00413,2026-05-06,Beauty,661.61,0.1,595.45,Completed
O002262,C00413,2026-03-04,Electronics,6832.64,0.0,6832.64,Completed
O002263,C00413,2026-06-11,Sports,643.83,0.0,643.83,Completed
O002264,C00413,2026-03-16,Sports,2330.86,0.15,1981.23,Completed
O002265,C00413,2026-04-16,Home,2588.74,0.0,2588.74,Completed
O002266,C00413,2026-01-22,Electronics,7110.08,0.05,6754.58,Completed
O002267,C00414,2026-03-12,Electronics,4390.38,0.05,4170.86,Completed
O002268,C00414,2025-05-29,Grocery,688.86,0.0,688.86,Completed
O002269,C00414,2026-03-11,Sports,3380.34,0.1,3042.31,Completed
O002270,C00414,2025-06-18,Electronics,8345.27,0.0,8345.27,Completed
O002271,C00414,2026-05-07,Grocery,1050.95,0.0,1050.95,Completed
O002272,C00414,2025-05-11,Electronics,8014.35,0.2,6411.48,Completed
O002273,C00415,2026-05-01,Home,3662.04,0.0,3662.04,Completed
O002274,C00415,2026-05-27,Beauty,1229.24,0.1,1106.32,Cancelled
O002275,C00415,2026-05-02,Sports,732.85,0.15,622.92,Completed
O002276,C00415,2026-04-05,Electronics,2599.19,0.1,2339.27,Completed
O002277,C00415,2026-04-21,Electronics,8745.6,0.15,7433.76,Returned
O002278,C00415,2026-05-06,Beauty,616.83,0.0,616.83,Completed
O002279,C00415,2026-06-24,Beauty,1602.86,0.1,1442.57,Completed
O002280,C00415,2026-05-23,Electronics,6430.43,0.0,6430.43,Completed
O002281,C00415,2026-04-11,Electronics,5924.11,0.05,5627.9,Returned
O002282,C00416,2025-01-26,Home,4386.29,0.0,4386.29,Completed
O002283,C00416,2025-07-10,Beauty,1770.7,0.0,1770.7,Completed
O002284,C00416,2026-01-18,Sports,1641.33,0.0,1641.33,Completed
O002285,C00416,2025-10-18,Electronics,3134.57,0.0,3134.57,Completed
O002286,C00416,2026-02-02,Beauty,949.48,0.05,902.01,Completed
O002287,C00417,2025-09-04,Electronics,10003.75,0.0,10003.75,Completed
O002288,C00417,2025-12-25,Sports,2945.74,0.15,2503.88,Completed
O002289,C00417,2026-01-22,Beauty,1767.47,0.15,1502.35,Completed
O002290,C00417,2025-12-17,Sports,901.1,0.15,765.94,Completed
O002291,C00418,2026-05-27,Home,2504.61,0.15,2128.92,Completed
O002292,C00418,2026-03-09,Home,2378.87,0.1,2140.98,Completed
O002293,C00419,2026-05-21,Electronics,2161.52,0.0,2161.52,Completed
O002294,C00419,2026-06-28,Home,2763.17,0.0,2763.17,Completed
O002295,C00419,2025-12-20,Sports,722.65,0.0,722.65,Completed
O002296,C00419,2026-04-24,Sports,974.55,0.05,925.82,Completed
O002297,C00419,2026-06-17,Grocery,681.97,0.1,613.77,Completed
O002298,C00420,2026-05-11,Sports,3193.44,0.15,2714.42,Completed
O002299,C00420,2025-08-29,Grocery,1462.14,0.05,1389.03,Completed
O002300,C00421,2026-04-19,Beauty,1318.94,0.05,1252.99,Completed
O002301,C00421,2026-06-17,Electronics,7529.2,0.1,6776.28,Completed
O002302,C00421,2026-02-14,Sports,2377.31,0.1,2139.58,Completed
O002303,C00421,2026-05-16,Electronics,6384.43,0.15,5426.77,Completed
O002304,C00421,2026-04-27,Sports,1781.44,0.05,1692.37,Returned
O002305,C00421,2026-01-23,Electronics,7572.85,0.0,7572.85,Completed
O002306,C00421,2026-03-19,Beauty,1871.68,0.0,1871.68,Completed
O002307,C00421,2026-01-15,Grocery,1040.69,0.0,1040.69,Completed
O002308,C00422,2026-01-16,Beauty,523.56,0.0,523.56,Completed
O002309,C00422,2026-06-16,Grocery,1108.13,0.1,997.32,Completed
O002310,C00422,2025-11-11,Sports,2380.23,0.2,1904.18,Completed
O002311,C00422,2026-01-29,Sports,1335.94,0.05,1269.14,Completed
O002312,C00422,2026-03-20,Sports,2838.5,0.05,2696.58,Completed
O002313,C00423,2026-03-17,Grocery,766.29,0.05,727.98,Returned
O002314,C00423,2026-06-20,Grocery,741.69,0.0,741.69,Completed
O002315,C00423,2026-03-04,Electronics,2420.58,0.05,2299.55,Completed
O002316,C00423,2026-05-19,Home,2752.65,0.05,2615.02,Completed
O002317,C00423,2026-05-01,Sports,2398.82,0.15,2039.0,Completed
O002318,C00423,2026-06-15,Sports,1977.73,0.0,1977.73,Completed
O002319,C00424,2026-01-05,Electronics,7298.73,0.0,7298.73,Completed
O002320,C00424,2026-06-04,Sports,3259.7,0.0,3259.7,Completed
O002321,C00424,2026-02-14,Home,2567.88,0.1,2311.09,Completed
O002322,C00424,2026-02-16,Beauty,1334.24,0.05,1267.53,Completed
O002323,C00424,2025-12-06,Grocery,992.34,0.15,843.49,Completed
O002324,C00424,2026-01-20,Grocery,1326.34,0.15,1127.39,Returned
O002325,C00424,2026-05-07,Sports,2739.46,0.0,2739.46,Completed
O002326,C00425,2025-11-08,Home,2920.99,0.05,2774.94,Completed
O002327,C00425,2025-05-26,Sports,1465.86,0.15,1245.98,Completed
O002328,C00425,2025-11-29,Grocery,1042.35,0.0,1042.35,Completed
O002329,C00425,2025-12-01,Electronics,5534.3,0.05,5257.58,Completed
O002330,C00426,2026-06-19,Sports,2171.48,0.0,2171.48,Completed
O002331,C00426,2026-05-27,Electronics,7605.07,0.05,7224.82,Returned
O002332,C00426,2026-06-19,Electronics,11293.29,0.0,11293.29,Completed
O002333,C00426,2026-04-30,Sports,2202.46,0.0,2202.46,Completed
O002334,C00426,2026-06-08,Electronics,5305.94,0.1,4775.35,Completed
O002335,C00426,2026-06-27,Grocery,562.57,0.05,534.44,Returned
O002336,C00426,2026-04-17,Electronics,9533.05,0.0,9533.05,Completed
O002337,C00426,2026-05-25,Grocery,985.08,0.0,985.08,Completed
O002338,C00427,2026-06-08,Home,3866.33,0.0,3866.33,Completed
O002339,C00427,2026-05-12,Beauty,1022.59,0.0,1022.59,Completed
O002340,C00428,2026-02-11,Electronics,4508.1,0.15,3831.88,Completed
O002341,C00428,2025-09-20,Sports,2023.84,0.15,1720.26,Completed
O002342,C00428,2026-01-09,Grocery,952.82,0.0,952.82,Completed
O002343,C00428,2026-06-03,Beauty,1656.63,0.15,1408.14,Returned
O002344,C00429,2026-04-30,Sports,2666.27,0.15,2266.33,Completed
O002345,C00429,2025-06-26,Electronics,5581.13,0.05,5302.07,Completed
O002346,C00430,2025-08-29,Electronics,8446.8,0.05,8024.46,Completed
O002347,C00430,2025-12-29,Beauty,859.64,0.0,859.64,Completed
O002348,C00431,2025-11-08,Grocery,763.03,0.05,724.88,Completed
O002349,C00431,2026-01-31,Electronics,6281.39,0.1,5653.25,Returned
O002350,C00431,2025-03-01,Home,4782.48,0.0,4782.48,Completed
O002351,C00431,2026-06-02,Home,1944.52,0.15,1652.84,Completed
O002352,C00432,2026-04-20,Electronics,5472.63,0.0,5472.63,Completed
O002353,C00432,2026-01-31,Grocery,1115.67,0.05,1059.89,Completed
O002354,C00432,2026-01-01,Home,728.92,0.1,656.03,Returned
O002355,C00432,2025-11-23,Sports,3667.46,0.15,3117.34,Completed
O002356,C00432,2026-01-11,Sports,2284.18,0.15,1941.55,Completed
O002357,C00433,2026-06-24,Home,3014.2,0.1,2712.78,Completed
O002358,C00433,2026-05-21,Beauty,2217.72,0.2,1774.18,Completed
O002359,C00433,2025-07-14,Sports,3490.46,0.1,3141.41,Returned
O002360,C00433,2025-06-12,Grocery,1076.64,0.0,1076.64,Completed
O002361,C00433,2025-07-22,Sports,1827.72,0.2,1462.18,Completed
O002362,C00433,2026-01-09,Grocery,891.03,0.05,846.48,Completed
O002363,C00433,2026-02-02,Home,510.79,0.0,510.79,Completed
O002364,C00433,2026-01-30,Electronics,7476.07,0.05,7102.27,Cancelled
O002365,C00434,2026-03-05,Electronics,6554.48,0.1,5899.03,Completed
O002366,C00434,2026-03-11,Sports,3267.96,0.0,3267.96,Completed
O002367,C00434,2026-05-23,Grocery,443.2,0.15,376.72,Completed
O002368,C00434,2026-02-21,Grocery,836.67,0.1,753.0,Completed
O002369,C00434,2026-05-08,Home,3973.54,0.05,3774.86,Completed
O002370,C00434,2026-04-16,Grocery,756.2,0.0,756.2,Returned
O002371,C00434,2025-12-04,Home,4132.2,0.15,3512.37,Completed
O002372,C00434,2025-11-16,Sports,1148.02,0.05,1090.62,Completed
O002373,C00434,2026-04-07,Grocery,950.62,0.1,855.56,Completed
O002374,C00435,2026-06-03,Beauty,2191.24,0.05,2081.68,Completed
O002375,C00435,2026-05-08,Sports,1917.69,0.0,1917.69,Completed
O002376,C00435,2026-04-16,Grocery,699.88,0.0,699.88,Completed
O002377,C00435,2026-06-25,Home,3292.19,0.2,2633.75,Completed
O002378,C00435,2026-03-10,Sports,950.81,0.15,808.19,Completed
O002379,C00436,2025-10-21,Beauty,1717.33,0.05,1631.46,Completed
O002380,C00436,2025-12-16,Home,3283.67,0.1,2955.3,Returned
O002381,C00436,2025-07-08,Sports,2729.41,0.1,2456.47,Completed
O002382,C00436,2026-03-03,Grocery,403.17,0.15,342.69,Cancelled
O002383,C00436,2025-09-29,Grocery,150.0,0.05,142.5,Completed
O002384,C00437,2026-02-02,Grocery,855.84,0.1,770.26,Completed
O002385,C00437,2025-12-15,Home,4194.8,0.0,4194.8,Completed
O002386,C00437,2025-12-11,Grocery,857.98,0.05,815.08,Completed
O002387,C00438,2025-11-27,Beauty,1463.2,0.05,1390.04,Returned
O002388,C00438,2025-06-18,Home,483.61,0.05,459.43,Returned
O002389,C00438,2025-12-30,Electronics,10150.67,0.15,8628.07,Returned
O002390,C00438,2026-01-29,Grocery,779.71,0.0,779.71,Completed
O002391,C00438,2026-06-09,Grocery,150.0,0.1,135.0,Returned
O002392,C00438,2026-04-06,Grocery,619.85,0.0,619.85,Completed
O002393,C00438,2025-11-22,Sports,2214.18,0.2,1771.34,Completed
O002394,C00438,2025-02-16,Grocery,895.47,0.0,895.47,Completed
O002395,C00438,2025-05-23,Electronics,4219.16,0.15,3586.29,Cancelled
O002396,C00438,2026-02-28,Home,4132.8,0.05,3926.16,Completed
O002397,C00439,2025-07-15,Electronics,6940.79,0.1,6246.71,Completed
O002398,C00439,2025-09-28,Beauty,717.7,0.05,681.82,Completed
O002399,C00439,2025-09-08,Beauty,1356.02,0.2,1084.82,Completed
O002400,C00439,2026-06-02,Beauty,2018.42,0.1,1816.58,Completed
O002401,C00439,2025-08-31,Electronics,8648.69,0.15,7351.39,Cancelled
O002402,C00440,2025-11-08,Home,3203.87,0.15,2723.29,Returned
O002403,C00440,2025-02-12,Beauty,547.06,0.0,547.06,Completed
O002404,C00440,2026-04-18,Electronics,5592.11,0.0,5592.11,Returned
O002405,C00440,2025-08-27,Grocery,1265.43,0.05,1202.16,Completed
O002406,C00441,2025-11-17,Home,4134.53,0.2,3307.62,Cancelled
O002407,C00441,2026-01-18,Beauty,1894.09,0.0,1894.09,Cancelled
O002408,C00441,2026-04-21,Electronics,3948.25,0.0,3948.25,Completed
O002409,C00441,2025-11-13,Sports,793.55,0.1,714.2,Completed
O002410,C00441,2025-12-01,Beauty,1029.85,0.1,926.86,Cancelled
O002411,C00441,2026-02-08,Electronics,7340.64,0.05,6973.61,Completed
O002412,C00441,2025-05-08,Beauty,1553.17,0.05,1475.51,Completed
O002413,C00441,2025-08-13,Grocery,794.44,0.0,794.44,Completed
O002414,C00441,2026-06-05,Sports,2439.19,0.0,2439.19,Completed
O002415,C00441,2026-06-30,Home,1857.95,0.15,1579.26,Completed
O002416,C00442,2026-05-10,Grocery,942.64,0.1,848.38,Completed
O002417,C00442,2026-06-24,Grocery,597.49,0.0,597.49,Completed
O002418,C00442,2026-03-27,Home,1080.0,0.0,1080.0,Cancelled
O002419,C00442,2026-04-21,Sports,1900.92,0.0,1900.92,Completed
O002420,C00442,2026-03-22,Electronics,7006.68,0.05,6656.35,Completed
O002421,C00442,2026-03-24,Home,2967.03,0.0,2967.03,Completed
O002422,C00442,2026-06-16,Electronics,8153.63,0.2,6522.9,Completed
O002423,C00442,2026-05-12,Electronics,3933.0,0.05,3736.35,Completed
O002424,C00443,2025-12-30,Beauty,2019.13,0.1,1817.22,Completed
O002425,C00443,2026-03-05,Beauty,1688.69,0.05,1604.26,Completed
O002426,C00443,2025-07-30,Home,3346.31,0.1,3011.68,Cancelled
O002427,C00443,2026-03-20,Beauty,1209.24,0.0,1209.24,Completed
O002428,C00443,2025-05-27,Beauty,1450.38,0.0,1450.38,Completed
O002429,C00443,2026-01-18,Home,2333.54,0.0,2333.54,Completed
O002430,C00444,2026-04-01,Home,3466.33,0.05,3293.01,Completed
O002431,C00444,2026-05-07,Grocery,781.12,0.05,742.06,Completed
O002432,C00444,2026-04-02,Grocery,582.81,0.15,495.39,Completed
O002433,C00444,2026-06-19,Beauty,1043.8,0.05,991.61,Completed
O002434,C00444,2026-05-28,Grocery,708.35,0.1,637.52,Completed
O002435,C00444,2026-06-05,Beauty,1861.22,0.15,1582.04,Cancelled
O002436,C00444,2026-04-05,Beauty,1513.54,0.1,1362.19,Returned
O002437,C00445,2026-05-28,Home,3120.53,0.0,3120.53,Completed
O002438,C00445,2026-04-14,Grocery,948.71,0.1,853.84,Returned
O002439,C00446,2025-09-14,Grocery,1185.43,0.1,1066.89,Completed
O002440,C00446,2025-10-31,Sports,2842.44,0.05,2700.32,Completed
O002441,C00446,2026-05-16,Grocery,912.58,0.0,912.58,Completed
O002442,C00446,2026-03-05,Electronics,5795.95,0.1,5216.35,Completed
O002443,C00446,2026-02-05,Home,2818.98,0.2,2255.18,Completed
O002444,C00446,2025-11-28,Beauty,1685.54,0.05,1601.26,Completed
O002445,C00447,2026-03-31,Beauty,2187.07,0.0,2187.07,Completed
O002446,C00447,2026-03-22,Home,1682.36,0.0,1682.36,Completed
O002447,C00447,2026-06-13,Grocery,741.82,0.05,704.73,Completed
O002448,C00447,2026-05-07,Grocery,1367.68,0.0,1367.68,Completed
O002449,C00447,2026-06-21,Electronics,12805.82,0.15,10884.95,Completed
O002450,C00448,2025-11-11,Beauty,549.86,0.1,494.87,Completed
O002451,C00448,2026-04-30,Home,3718.6,0.0,3718.6,Completed
O002452,C00448,2026-01-16,Electronics,3019.95,0.05,2868.95,Completed
O002453,C00448,2026-02-25,Sports,2281.19,0.1,2053.07,Completed
O002454,C00448,2025-11-11,Sports,2646.85,0.05,2514.51,Completed
O002455,C00449,2026-02-03,Grocery,264.26,0.2,211.41,Completed
O002456,C00449,2026-02-16,Electronics,9508.96,0.1,8558.06,Completed
O002457,C00449,2026-06-16,Beauty,818.93,0.0,818.93,Completed
O002458,C00449,2026-06-15,Grocery,1162.11,0.05,1104.0,Completed
O002459,C00449,2026-05-11,Sports,2703.5,0.05,2568.32,Completed
O002460,C00449,2025-10-17,Beauty,651.71,0.0,651.71,Completed
O002461,C00449,2026-01-01,Beauty,1096.7,0.0,1096.7,Completed
O002462,C00449,2026-06-15,Electronics,8294.42,0.1,7464.98,Completed
O002463,C00450,2026-01-18,Home,3269.42,0.0,3269.42,Returned
O002464,C00450,2026-05-11,Grocery,631.13,0.15,536.46,Completed
O002465,C00450,2025-12-26,Electronics,6074.41,0.15,5163.25,Completed
O002466,C00451,2025-08-07,Home,3615.75,0.1,3254.18,Completed
O002467,C00451,2026-03-14,Electronics,5743.62,0.1,5169.26,Completed
O002468,C00451,2025-08-02,Grocery,1007.09,0.0,1007.09,Completed
O002469,C00451,2026-03-25,Electronics,7707.87,0.0,7707.87,Completed
O002470,C00451,2025-06-10,Electronics,4759.01,0.05,4521.06,Completed
O002471,C00451,2026-04-19,Beauty,1971.15,0.0,1971.15,Completed
O002472,C00452,2026-03-06,Electronics,5474.89,0.05,5201.15,Completed
O002473,C00452,2026-03-11,Electronics,7144.81,0.05,6787.57,Cancelled
O002474,C00452,2026-03-24,Beauty,1443.96,0.0,1443.96,Completed
O002475,C00452,2026-05-12,Electronics,5687.99,0.0,5687.99,Completed
O002476,C00452,2026-05-14,Home,1684.89,0.05,1600.65,Completed
O002477,C00453,2026-04-08,Sports,1693.37,0.05,1608.7,Completed
O002478,C00453,2026-05-11,Sports,1190.6,0.0,1190.6,Completed
O002479,C00453,2026-05-15,Sports,2077.41,0.1,1869.67,Completed
O002480,C00453,2026-04-22,Electronics,8804.45,0.15,7483.78,Completed
O002481,C00453,2026-05-11,Electronics,8331.92,0.1,7498.73,Completed
O002482,C00453,2026-06-17,Electronics,6417.08,0.0,6417.08,Completed
O002483,C00454,2026-06-02,Grocery,1447.44,0.1,1302.7,Completed
O002484,C00454,2026-01-05,Grocery,592.84,0.1,533.56,Completed
O002485,C00454,2025-12-31,Electronics,6396.01,0.1,5756.41,Completed
O002486,C00454,2026-03-21,Grocery,761.86,0.1,685.67,Completed
O002487,C00454,2026-01-16,Beauty,960.01,0.0,960.01,Completed
O002488,C00454,2026-06-13,Beauty,1390.36,0.0,1390.36,Cancelled
O002489,C00454,2026-05-24,Electronics,6151.73,0.1,5536.56,Completed
O002490,C00454,2026-03-02,Sports,2521.34,0.15,2143.14,Completed
O002491,C00454,2026-03-27,Sports,2250.89,0.15,1913.26,Returned
O002492,C00454,2026-06-07,Electronics,10317.58,0.05,9801.7,Completed
O002493,C00454,2026-04-20,Home,1827.19,0.15,1553.11,Completed
O002494,C00455,2026-01-14,Home,2262.17,0.05,2149.06,Completed
O002495,C00455,2025-06-24,Sports,3740.12,0.15,3179.1,Completed
O002496,C00455,2026-05-28,Grocery,1062.37,0.15,903.01,Completed
O002497,C00455,2025-09-14,Home,1490.36,0.15,1266.81,Completed
O002498,C00456,2025-08-25,Beauty,660.75,0.0,660.75,Completed
O002499,C00456,2025-03-31,Grocery,1289.18,0.05,1224.72,Completed
O002500,C00457,2026-05-13,Home,3424.38,0.05,3253.16,Completed
O002501,C00457,2025-10-04,Electronics,6713.0,0.0,6713.0,Completed
O002502,C00457,2025-08-04,Grocery,716.14,0.0,716.14,Completed
O002503,C00457,2026-06-03,Sports,2281.18,0.15,1939.0,Completed
O002504,C00457,2026-05-04,Grocery,1084.35,0.15,921.7,Completed
O002505,C00457,2025-09-14,Beauty,1250.8,0.1,1125.72,Completed
O002506,C00457,2025-11-17,Beauty,2744.42,0.0,2744.42,Completed
O002507,C00457,2025-11-18,Sports,2005.85,0.0,2005.85,Completed
O002508,C00458,2026-03-27,Grocery,1678.99,0.15,1427.14,Completed
O002509,C00458,2025-07-12,Home,3572.32,0.05,3393.7,Completed
O002510,C00458,2025-08-03,Home,2330.25,0.2,1864.2,Returned
O002511,C00459,2026-03-23,Beauty,1371.07,0.15,1165.41,Completed
O002512,C00459,2025-08-19,Electronics,5883.9,0.05,5589.7,Completed
O002513,C00459,2025-08-12,Grocery,510.14,0.0,510.14,Completed
O002514,C00460,2025-12-17,Grocery,1106.5,0.0,1106.5,Completed
O002515,C00460,2026-04-01,Grocery,958.4,0.0,958.4,Returned
O002516,C00460,2025-12-22,Beauty,1709.63,0.0,1709.63,Completed
O002517,C00460,2026-05-24,Electronics,7977.85,0.05,7578.96,Completed
O002518,C00460,2026-02-06,Electronics,2615.79,0.1,2354.21,Completed
O002519,C00460,2026-01-23,Grocery,715.43,0.1,643.89,Completed
O002520,C00460,2026-04-07,Beauty,1649.43,0.1,1484.49,Completed
O002521,C00460,2026-03-05,Home,2222.45,0.15,1889.08,Completed
O002522,C00460,2026-05-24,Home,3029.54,0.0,3029.54,Completed
O002523,C00460,2025-12-29,Beauty,1259.92,0.15,1070.93,Cancelled
O002524,C00461,2026-05-29,Electronics,6867.44,0.0,6867.44,Completed
O002525,C00461,2025-10-23,Beauty,1146.2,0.0,1146.2,Completed
O002526,C00461,2026-03-21,Sports,824.98,0.1,742.48,Completed
O002527,C00461,2025-12-31,Grocery,1147.58,0.0,1147.58,Completed
O002528,C00461,2026-06-18,Beauty,1688.53,0.1,1519.68,Completed
O002529,C00461,2026-05-11,Home,2201.45,0.0,2201.45,Completed
O002530,C00461,2026-05-01,Grocery,933.6,0.15,793.56,Returned
O002531,C00462,2026-01-27,Beauty,1127.33,0.15,958.23,Completed
O002532,C00462,2026-04-02,Home,3306.87,0.0,3306.87,Completed
O002533,C00462,2025-01-23,Beauty,1917.8,0.05,1821.91,Returned
O002534,C00462,2025-09-28,Home,4207.37,0.05,3997.0,Completed
O002535,C00462,2026-04-10,Beauty,1456.42,0.15,1237.96,Completed
O002536,C00462,2026-01-22,Home,1514.5,0.05,1438.78,Completed
O002537,C00462,2025-12-24,Sports,2492.86,0.15,2118.93,Returned
O002538,C00462,2026-05-07,Sports,3382.04,0.1,3043.84,Completed
O002539,C00462,2026-01-21,Beauty,340.29,0.1,306.26,Returned
O002540,C00463,2026-01-14,Grocery,1190.13,0.05,1130.62,Completed
O002541,C00463,2025-07-04,Home,4067.88,0.15,3457.7,Cancelled
O002542,C00463,2026-04-05,Grocery,405.73,0.05,385.44,Completed
O002543,C00463,2025-06-20,Beauty,955.0,0.0,955.0,Completed
O002544,C00463,2025-07-20,Grocery,767.01,0.0,767.01,Returned
O002545,C00464,2025-08-01,Beauty,1966.83,0.15,1671.81,Completed
O002546,C00464,2025-03-31,Electronics,9062.19,0.05,8609.08,Completed
O002547,C00464,2025-01-31,Grocery,750.84,0.05,713.3,Completed
O002548,C00464,2025-02-12,Grocery,842.78,0.0,842.78,Completed
O002549,C00464,2026-03-02,Grocery,802.59,0.05,762.46,Completed
O002550,C00464,2025-08-17,Electronics,5951.01,0.05,5653.46,Completed
O002551,C00464,2025-10-05,Grocery,938.27,0.05,891.36,Completed
O002552,C00464,2026-05-10,Home,1863.36,0.05,1770.19,Completed
O002553,C00464,2026-01-21,Sports,1690.31,0.05,1605.79,Completed
O002554,C00465,2025-07-14,Grocery,1025.69,0.1,923.12,Cancelled
O002555,C00465,2026-04-01,Beauty,1133.48,0.05,1076.81,Completed
O002556,C00465,2025-05-29,Sports,2835.91,0.0,2835.91,Completed
O002557,C00465,2025-12-03,Grocery,1370.84,0.15,1165.21,Completed
O002558,C00465,2025-05-07,Sports,1153.42,0.0,1153.42,Completed
O002559,C00465,2025-09-24,Grocery,1114.98,0.0,1114.98,Completed
O002560,C00465,2025-03-27,Home,3083.99,0.05,2929.79,Completed
O002561,C00465,2026-05-30,Grocery,855.51,0.0,855.51,Completed
O002562,C00465,2026-03-07,Home,1960.63,0.05,1862.6,Completed
O002563,C00465,2026-04-13,Grocery,1078.05,0.05,1024.15,Completed
O002564,C00465,2025-06-01,Sports,3365.97,0.2,2692.78,Completed
O002565,C00465,2025-06-11,Home,1988.16,0.1,1789.34,Completed
O002566,C00465,2026-01-05,Grocery,662.14,0.0,662.14,Completed
O002567,C00466,2026-05-13,Home,2034.81,0.05,1933.07,Completed
O002568,C00466,2026-06-02,Sports,1824.03,0.1,1641.63,Cancelled
O002569,C00466,2026-02-25,Electronics,5225.2,0.15,4441.42,Completed
O002570,C00467,2026-02-14,Sports,2064.97,0.05,1961.72,Completed
O002571,C00467,2026-02-17,Electronics,7174.06,0.15,6097.95,Completed
O002572,C00467,2026-02-25,Beauty,1346.54,0.0,1346.54,Completed
O002573,C00467,2026-02-17,Electronics,5274.91,0.15,4483.67,Completed
O002574,C00468,2026-01-02,Grocery,1413.9,0.0,1413.9,Completed
O002575,C00468,2026-03-22,Sports,1563.6,0.15,1329.06,Completed
O002576,C00468,2026-05-17,Sports,1532.43,0.1,1379.19,Completed
O002577,C00468,2025-10-12,Electronics,5708.32,0.0,5708.32,Completed
O002578,C00468,2026-03-03,Electronics,1375.49,0.15,1169.17,Returned
O002579,C00468,2026-06-12,Beauty,1289.79,0.2,1031.83,Completed
O002580,C00469,2026-04-04,Grocery,702.35,0.1,632.12,Completed
O002581,C00469,2026-06-15,Grocery,1216.68,0.1,1095.01,Completed
O002582,C00469,2026-03-12,Sports,2582.75,0.0,2582.75,Completed
O002583,C00469,2026-05-03,Beauty,487.11,0.15,414.04,Completed
O002584,C00469,2026-06-26,Electronics,5951.38,0.15,5058.67,Completed
O002585,C00469,2026-06-08,Beauty,787.27,0.15,669.18,Completed
O002586,C00469,2026-05-03,Home,3514.83,0.1,3163.35,Completed
O002587,C00469,2026-06-08,Sports,2520.11,0.15,2142.09,Completed
O002588,C00470,2025-11-01,Beauty,1334.92,0.05,1268.17,Completed
O002589,C00470,2026-01-09,Sports,2021.26,0.0,2021.26,Completed
O002590,C00470,2026-03-10,Electronics,4745.07,0.1,4270.56,Completed
O002591,C00470,2026-01-16,Home,3062.01,0.1,2755.81,Returned
O002592,C00470,2025-12-16,Home,2495.88,0.05,2371.09,Returned
O002593,C00471,2025-12-31,Electronics,5080.76,0.1,4572.68,Completed
O002594,C00471,2026-03-14,Beauty,1264.29,0.0,1264.29,Completed
O002595,C00471,2025-12-27,Home,2397.05,0.1,2157.35,Completed
O002596,C00471,2025-12-20,Home,2773.79,0.15,2357.72,Completed
O002597,C00471,2026-02-03,Grocery,501.04,0.05,475.99,Completed
O002598,C00471,2026-05-05,Electronics,9155.59,0.0,9155.59,Completed
O002599,C00471,2026-04-21,Home,4047.45,0.0,4047.45,Completed
O002600,C00471,2026-02-17,Beauty,1369.08,0.2,1095.26,Completed
O002601,C00472,2025-11-21,Sports,1545.95,0.0,1545.95,Completed
O002602,C00472,2026-05-27,Sports,2316.44,0.05,2200.62,Completed
O002603,C00472,2026-01-09,Grocery,1136.4,0.1,1022.76,Completed
O002604,C00472,2025-12-15,Sports,2159.15,0.0,2159.15,Completed
O002605,C00472,2025-10-05,Home,3055.44,0.05,2902.67,Cancelled
O002606,C00472,2025-10-16,Home,4091.19,0.1,3682.07,Completed
O002607,C00472,2025-12-15,Home,3538.53,0.1,3184.68,Completed
O002608,C00472,2026-06-13,Electronics,1895.56,0.05,1800.78,Completed
O002609,C00472,2025-12-08,Electronics,5699.09,0.1,5129.18,Returned
O002610,C00473,2026-04-13,Beauty,911.87,0.05,866.28,Cancelled
O002611,C00473,2026-04-15,Grocery,983.88,0.2,787.1,Completed
O002612,C00473,2026-05-13,Grocery,711.95,0.15,605.16,Returned
O002613,C00473,2026-06-03,Electronics,4621.33,0.0,4621.33,Completed
O002614,C00473,2026-06-23,Beauty,1772.13,0.15,1506.31,Completed
O002615,C00473,2026-04-02,Home,1399.26,0.0,1399.26,Completed
O002616,C00473,2026-05-19,Grocery,1305.17,0.1,1174.65,Returned
O002617,C00474,2026-05-16,Sports,2314.64,0.0,2314.64,Completed
O002618,C00474,2026-04-07,Home,1315.19,0.05,1249.43,Completed
O002619,C00474,2026-05-08,Grocery,762.91,0.05,724.76,Completed
O002620,C00474,2026-04-04,Grocery,624.45,0.1,562.01,Completed
O002621,C00474,2026-06-30,Home,1447.25,0.2,1157.8,Cancelled
O002622,C00474,2026-06-04,Grocery,1096.91,0.05,1042.06,Completed
O002623,C00474,2026-04-19,Home,3425.14,0.1,3082.63,Cancelled
O002624,C00474,2026-06-17,Beauty,1826.33,0.05,1735.01,Completed
O002625,C00474,2026-05-14,Grocery,1038.5,0.1,934.65,Completed
O002626,C00474,2026-05-31,Electronics,8556.35,0.05,8128.53,Completed
O002627,C00474,2026-04-15,Sports,150.0,0.2,120.0,Completed
O002628,C00475,2026-04-26,Home,3193.4,0.15,2714.39,Returned
O002629,C00475,2026-02-14,Electronics,6525.68,0.2,5220.54,Completed
O002630,C00475,2026-03-10,Grocery,910.0,0.0,910.0,Completed
O002631,C00475,2026-05-27,Sports,1767.19,0.0,1767.19,Completed
O002632,C00475,2026-02-25,Grocery,1422.72,0.15,1209.31,Cancelled
O002633,C00475,2026-02-11,Home,2233.18,0.0,2233.18,Completed
O002634,C00475,2026-05-19,Grocery,1572.55,0.0,1572.55,Completed
O002635,C00475,2026-06-20,Electronics,5277.16,0.1,4749.44,Completed
O002636,C00476,2026-06-25,Grocery,735.47,0.1,661.92,Completed
O002637,C00476,2026-02-01,Electronics,5160.95,0.05,4902.9,Completed
O002638,C00476,2025-07-06,Sports,3445.73,0.05,3273.44,Completed
O002639,C00476,2026-04-22,Home,4452.22,0.15,3784.39,Completed
O002640,C00476,2026-03-24,Grocery,829.57,0.0,829.57,Completed
O002641,C00477,2026-06-24,Electronics,7217.38,0.05,6856.51,Completed
O002642,C00477,2026-06-11,Sports,2971.07,0.05,2822.52,Returned
O002643,C00477,2026-04-07,Sports,2493.79,0.0,2493.79,Completed
O002644,C00478,2026-01-16,Electronics,6677.38,0.1,6009.64,Completed
O002645,C00478,2026-06-28,Sports,3266.17,0.2,2612.94,Completed
O002646,C00478,2025-08-24,Sports,1830.24,0.05,1738.73,Completed
O002647,C00478,2026-01-27,Beauty,1416.05,0.1,1274.44,Completed
O002648,C00478,2025-04-12,Sports,1008.34,0.1,907.51,Completed
O002649,C00478,2025-05-19,Beauty,681.59,0.0,681.59,Completed
O002650,C00478,2026-05-05,Home,4651.52,0.1,4186.37,Completed
O002651,C00479,2025-04-03,Beauty,1970.01,0.05,1871.51,Completed
O002652,C00479,2026-03-02,Beauty,1387.88,0.0,1387.88,Completed
O002653,C00479,2025-07-20,Electronics,10317.37,0.0,10317.37,Completed
O002654,C00479,2025-01-15,Grocery,933.8,0.05,887.11,Completed
O002655,C00479,2026-06-27,Electronics,9423.19,0.0,9423.19,Completed
O002656,C00479,2026-06-24,Electronics,5421.92,0.1,4879.73,Completed
O002657,C00479,2026-01-27,Home,3170.16,0.05,3011.65,Completed
O002658,C00479,2025-11-27,Sports,3550.1,0.0,3550.1,Returned
O002659,C00479,2026-01-13,Electronics,11174.69,0.15,9498.49,Completed
O002660,C00479,2025-06-15,Sports,3084.74,0.1,2776.27,Completed
O002661,C00479,2025-09-24,Beauty,2163.73,0.0,2163.73,Completed
O002662,C00479,2026-03-17,Grocery,209.0,0.15,177.65,Completed
O002663,C00480,2026-03-13,Grocery,1098.19,0.05,1043.28,Completed
O002664,C00480,2026-01-26,Sports,945.6,0.05,898.32,Completed
O002665,C00481,2026-06-09,Home,2453.29,0.05,2330.63,Completed
O002666,C00481,2025-12-16,Grocery,926.88,0.05,880.54,Completed
O002667,C00481,2026-06-24,Grocery,680.67,0.1,612.6,Completed
O002668,C00481,2026-01-21,Home,3647.97,0.0,3647.97,Returned
O002669,C00481,2025-11-24,Grocery,1185.87,0.1,1067.28,Completed
O002670,C00481,2026-02-27,Sports,3039.49,0.05,2887.52,Completed
O002671,C00482,2025-09-10,Beauty,1064.08,0.0,1064.08,Completed
O002672,C00482,2026-02-23,Beauty,670.43,0.15,569.87,Completed
O002673,C00482,2026-06-04,Sports,1065.63,0.15,905.79,Completed
O002674,C00482,2026-05-15,Home,3144.92,0.1,2830.43,Cancelled
O002675,C00482,2026-04-06,Electronics,3823.01,0.0,3823.01,Completed
O002676,C00482,2026-05-21,Home,3416.5,0.0,3416.5,Completed
O002677,C00482,2025-12-18,Home,3583.67,0.05,3404.49,Completed
O002678,C00483,2025-11-30,Home,2224.82,0.1,2002.34,Completed
O002679,C00483,2026-03-15,Sports,3366.92,0.0,3366.92,Completed
O002680,C00483,2026-05-25,Beauty,1336.16,0.15,1135.74,Completed
O002681,C00483,2026-05-29,Grocery,760.3,0.2,608.24,Completed
O002682,C00483,2026-04-11,Electronics,9611.43,0.1,8650.29,Completed
O002683,C00483,2025-12-16,Sports,2780.62,0.1,2502.56,Completed
O002684,C00484,2025-08-18,Electronics,8144.88,0.0,8144.88,Completed
O002685,C00484,2025-10-29,Sports,2246.13,0.05,2133.82,Completed
O002686,C00484,2026-06-19,Sports,2836.96,0.1,2553.26,Returned
O002687,C00484,2025-09-30,Electronics,5225.54,0.2,4180.43,Completed
O002688,C00484,2025-12-28,Home,1937.2,0.0,1937.2,Completed
O002689,C00485,2026-01-24,Electronics,757.4,0.1,681.66,Completed
O002690,C00485,2025-02-17,Sports,1818.62,0.15,1545.83,Completed
O002691,C00485,2026-02-24,Grocery,1100.07,0.0,1100.07,Completed
O002692,C00486,2026-06-19,Beauty,1552.06,0.05,1474.46,Completed
O002693,C00486,2026-06-29,Electronics,7182.9,0.15,6105.46,Completed
O002694,C00486,2026-05-06,Sports,675.92,0.0,675.92,Completed
O002695,C00486,2026-06-09,Electronics,5562.33,0.1,5006.1,Completed
O002696,C00486,2026-05-09,Grocery,729.66,0.05,693.18,Completed
O002697,C00486,2026-05-20,Home,2488.22,0.2,1990.58,Completed
O002698,C00487,2025-08-17,Grocery,883.72,0.0,883.72,Completed
O002699,C00487,2026-04-18,Grocery,1004.49,0.0,1004.49,Completed
O002700,C00487,2025-11-26,Grocery,1113.76,0.15,946.7,Completed
O002701,C00487,2025-10-25,Electronics,5527.95,0.05,5251.55,Completed
O002702,C00488,2025-10-23,Home,990.51,0.0,990.51,Completed
O002703,C00488,2026-03-23,Electronics,191.79,0.1,172.61,Completed
O002704,C00488,2025-07-11,Electronics,11209.83,0.15,9528.36,Completed
O002705,C00489,2025-10-17,Sports,1645.79,0.05,1563.5,Completed
O002706,C00489,2026-01-04,Sports,2070.58,0.15,1759.99,Completed
O002707,C00489,2026-02-27,Grocery,1134.89,0.05,1078.15,Completed
O002708,C00489,2025-08-01,Grocery,922.32,0.05,876.2,Completed
O002709,C00489,2025-01-23,Electronics,5631.9,0.05,5350.3,Completed
O002710,C00489,2025-04-10,Grocery,1029.23,0.15,874.85,Returned
O002711,C00489,2025-10-26,Grocery,1602.71,0.05,1522.57,Completed
O002712,C00489,2025-12-30,Beauty,1466.74,0.15,1246.73,Returned
O002713,C00489,2025-10-18,Home,3094.54,0.1,2785.09,Completed
O002714,C00490,2026-03-23,Home,608.3,0.15,517.05,Completed
O002715,C00490,2026-02-12,Sports,1438.35,0.1,1294.51,Cancelled
O002716,C00490,2026-03-15,Electronics,5558.58,0.1,5002.72,Completed
O002717,C00490,2025-12-24,Home,1961.04,0.1,1764.94,Completed
O002718,C00490,2026-01-31,Grocery,935.05,0.1,841.54,Returned
O002719,C00490,2025-11-15,Grocery,1109.96,0.15,943.47,Cancelled
O002720,C00490,2025-11-06,Grocery,1112.24,0.05,1056.63,Completed
O002721,C00490,2026-01-02,Beauty,2114.99,0.0,2114.99,Completed
O002722,C00490,2026-06-18,Electronics,6028.26,0.0,6028.26,Completed
O002723,C00490,2026-05-12,Grocery,171.13,0.0,171.13,Completed
O002724,C00491,2026-05-24,Grocery,906.49,0.1,815.84,Completed
O002725,C00491,2026-05-24,Sports,2541.97,0.1,2287.77,Completed
O002726,C00491,2026-06-09,Grocery,731.02,0.0,731.02,Completed
O002727,C00491,2026-06-22,Home,2121.27,0.1,1909.14,Completed
O002728,C00491,2026-06-04,Sports,3053.91,0.05,2901.21,Completed
O002729,C00491,2026-06-19,Grocery,679.33,0.05,645.36,Completed
O002730,C00492,2026-01-04,Sports,2062.47,0.05,1959.35,Completed
O002731,C00492,2026-01-26,Beauty,857.02,0.05,814.17,Cancelled
O002732,C00492,2026-01-14,Sports,749.15,0.0,749.15,Completed
O002733,C00493,2026-06-25,Home,2143.17,0.05,2036.01,Completed
O002734,C00493,2026-06-30,Home,4870.15,0.0,4870.15,Completed
O002735,C00493,2026-05-15,Sports,1768.63,0.05,1680.2,Completed
O002736,C00493,2026-05-20,Grocery,1157.32,0.0,1157.32,Cancelled
O002737,C00493,2026-06-12,Electronics,4449.13,0.2,3559.3,Completed
O002738,C00493,2026-05-08,Home,4073.92,0.0,4073.92,Completed
O002739,C00493,2026-05-11,Electronics,5553.27,0.1,4997.94,Completed
O002740,C00493,2026-05-26,Beauty,1622.24,0.15,1378.9,Completed
O002741,C00493,2026-04-14,Grocery,893.94,0.05,849.24,Cancelled
O002742,C00493,2026-04-27,Sports,2867.45,0.2,2293.96,Completed
O002743,C00493,2026-05-15,Beauty,1408.78,0.05,1338.34,Completed
O002744,C00494,2025-12-30,Grocery,558.91,0.05,530.96,Completed
O002745,C00494,2026-01-25,Home,2236.17,0.1,2012.55,Completed
O002746,C00494,2025-12-16,Sports,2394.95,0.05,2275.2,Completed
O002747,C00494,2025-12-21,Home,2145.96,0.05,2038.66,Cancelled
O002748,C00495,2025-09-18,Beauty,1576.46,0.0,1576.46,Returned
O002749,C00495,2025-08-13,Home,2253.5,0.1,2028.15,Completed
O002750,C00495,2025-08-09,Home,2624.7,0.1,2362.23,Completed
O002751,C00495,2026-01-13,Home,3091.5,0.0,3091.5,Completed
O002752,C00496,2025-10-21,Electronics,7390.25,0.15,6281.71,Completed
O002753,C00496,2025-10-07,Sports,2528.78,0.15,2149.46,Completed
O002754,C00496,2025-08-31,Grocery,693.81,0.0,693.81,Completed
O002755,C00496,2025-09-18,Sports,1205.58,0.0,1205.58,Completed
O002756,C00497,2026-04-30,Grocery,531.24,0.0,531.24,Completed
O002757,C00497,2026-04-23,Sports,1882.35,0.05,1788.23,Completed
O002758,C00497,2026-05-26,Beauty,2566.69,0.05,2438.36,Completed
O002759,C00497,2026-05-15,Home,4597.13,0.05,4367.27,Completed
O002760,C00497,2026-06-19,Grocery,683.38,0.0,683.38,Completed
O002761,C00497,2026-04-18,Sports,1878.56,0.0,1878.56,Cancelled
O002762,C00498,2025-12-21,Grocery,1212.16,0.1,1090.94,Completed
O002763,C00498,2025-11-03,Electronics,2340.92,0.0,2340.92,Completed
O002764,C00499,2026-06-20,Sports,3445.37,0.0,3445.37,Completed
O002765,C00499,2026-06-14,Grocery,736.98,0.15,626.43,Completed
O002766,C00499,2026-04-18,Grocery,1341.81,0.15,1140.54,Completed
O002767,C00499,2026-05-28,Sports,2814.83,0.0,2814.83,Completed
O002768,C00499,2026-05-06,Sports,2600.01,0.1,2340.01,Completed
O002769,C00499,2026-04-29,Grocery,316.4,0.0,316.4,Completed
O002770,C00499,2026-06-11,Beauty,2261.91,0.0,2261.91,Completed
O002771,C00499,2026-04-15,Electronics,3502.01,0.0,3502.01,Returned
O002772,C00500,2026-05-29,Home,3459.44,0.0,3459.44,Completed
O002773,C00500,2026-03-15,Grocery,625.66,0.2,500.53,Completed
O002774,C00500,2026-01-02,Beauty,1035.07,0.0,1035.07,Completed
O002775,C00500,2026-03-10,Grocery,588.26,0.15,500.02,Completed
O002776,C00500,2026-02-12,Home,1901.69,0.0,1901.69,Completed
O002777,C00500,2026-04-27,Beauty,934.41,0.05,887.69,Completed
O002778,C00501,2025-09-27,Beauty,1532.11,0.1,1378.9,Completed
O002779,C00501,2026-01-25,Grocery,750.86,0.1,675.77,Completed
O002780,C00501,2025-11-20,Beauty,870.48,0.0,870.48,Completed
O002781,C00501,2025-08-31,Sports,241.06,0.0,241.06,Completed
O002782,C00501,2026-01-01,Home,1809.18,0.05,1718.72,Completed
O002783,C00501,2025-12-29,Beauty,1751.06,0.0,1751.06,Cancelled
O002784,C00502,2026-02-26,Sports,2529.17,0.15,2149.79,Completed
O002785,C00502,2026-01-14,Sports,1523.31,0.2,1218.65,Completed
O002786,C00502,2025-11-24,Grocery,875.19,0.1,787.67,Completed
O002787,C00502,2025-10-30,Grocery,1113.53,0.0,1113.53,Completed
O002788,C00502,2025-12-19,Electronics,6666.27,0.0,6666.27,Completed
O002789,C00503,2026-05-05,Beauty,1465.53,0.05,1392.25,Completed
O002790,C00504,2026-05-23,Grocery,301.72,0.05,286.63,Completed
O002791,C00504,2026-06-17,Sports,2893.86,0.05,2749.17,Completed
O002792,C00504,2026-05-18,Home,2200.47,0.0,2200.47,Completed
O002793,C00504,2026-05-12,Sports,2421.16,0.1,2179.04,Completed
O002794,C00504,2026-04-24,Home,860.27,0.05,817.26,Completed
O002795,C00504,2026-06-15,Sports,2323.63,0.0,2323.63,Completed
O002796,C00505,2025-08-23,Grocery,1077.6,0.05,1023.72,Returned
O002797,C00505,2026-03-16,Beauty,1389.45,0.15,1181.03,Completed
O002798,C00505,2026-02-20,Beauty,1200.7,0.05,1140.66,Completed
O002799,C00505,2025-10-22,Grocery,501.52,0.0,501.52,Completed
O002800,C00506,2025-03-09,Sports,2091.06,0.0,2091.06,Returned
O002801,C00506,2025-05-01,Home,4701.35,0.05,4466.28,Completed
O002802,C00506,2025-03-22,Home,3527.44,0.0,3527.44,Completed
O002803,C00506,2025-10-07,Sports,3014.76,0.1,2713.28,Completed
O002804,C00507,2026-06-22,Electronics,5788.89,0.05,5499.45,Completed
O002805,C00507,2026-03-22,Beauty,1830.03,0.05,1738.53,Completed
O002806,C00507,2025-12-15,Beauty,1010.4,0.05,959.88,Returned
O002807,C00507,2026-02-04,Grocery,652.4,0.15,554.54,Completed
O002808,C00507,2026-05-16,Beauty,1956.17,0.2,1564.94,Completed
O002809,C00507,2026-01-27,Electronics,6441.22,0.05,6119.16,Completed
O002810,C00507,2026-03-02,Electronics,6064.05,0.1,5457.64,Completed
O002811,C00507,2026-01-30,Grocery,465.64,0.0,465.64,Completed
O002812,C00507,2025-11-13,Grocery,288.47,0.1,259.62,Completed
O002813,C00507,2026-05-25,Grocery,989.73,0.0,989.73,Completed
O002814,C00507,2025-11-01,Beauty,2234.98,0.0,2234.98,Completed
O002815,C00507,2026-02-01,Beauty,1312.24,0.0,1312.24,Completed
O002816,C00507,2026-04-22,Sports,3284.86,0.0,3284.86,Completed
O002817,C00507,2026-03-20,Electronics,213.16,0.15,181.19,Completed
O002818,C00508,2026-03-16,Grocery,511.45,0.05,485.88,Completed
O002819,C00508,2026-02-20,Sports,3237.31,0.1,2913.58,Completed
O002820,C00508,2026-05-19,Home,3417.49,0.15,2904.87,Completed
O002821,C00509,2025-08-08,Beauty,1241.6,0.0,1241.6,Completed
O002822,C00509,2025-12-16,Grocery,1132.95,0.0,1132.95,Completed
O002823,C00509,2026-03-03,Sports,2257.1,0.15,1918.54,Completed
O002824,C00509,2025-06-20,Electronics,6903.78,0.1,6213.4,Completed
O002825,C00509,2025-08-05,Beauty,1433.55,0.1,1290.2,Completed
O002826,C00509,2025-09-08,Beauty,2309.6,0.0,2309.6,Completed
O002827,C00509,2025-10-24,Beauty,1375.95,0.1,1238.36,Completed
O002828,C00509,2026-05-13,Beauty,1711.55,0.1,1540.4,Completed
O002829,C00509,2026-03-20,Sports,2095.6,0.0,2095.6,Completed
O002830,C00509,2025-09-30,Sports,2980.16,0.1,2682.14,Completed
O002831,C00509,2026-06-18,Beauty,1635.45,0.1,1471.9,Completed
O002832,C00509,2026-06-01,Grocery,1045.01,0.1,940.51,Returned
O002833,C00509,2026-02-05,Sports,781.6,0.05,742.52,Completed
O002834,C00509,2025-12-12,Home,1245.55,0.15,1058.72,Completed
O002835,C00509,2025-08-17,Electronics,4760.66,0.1,4284.59,Completed
O002836,C00510,2026-03-01,Home,3432.99,0.1,3089.69,Completed
O002837,C00510,2026-04-02,Electronics,10972.53,0.15,9326.65,Completed
O002838,C00510,2026-03-22,Home,2458.37,0.05,2335.45,Completed
O002839,C00510,2026-05-09,Electronics,5020.86,0.0,5020.86,Cancelled
O002840,C00510,2026-02-21,Electronics,3482.89,0.05,3308.75,Completed
O002841,C00510,2026-05-29,Grocery,1107.81,0.05,1052.42,Completed
O002842,C00510,2026-02-10,Electronics,1803.51,0.2,1442.81,Completed
O002843,C00510,2026-05-09,Grocery,563.97,0.0,563.97,Completed
O002844,C00510,2026-02-18,Electronics,7037.32,0.1,6333.59,Completed
O002845,C00511,2025-09-20,Grocery,908.56,0.0,908.56,Completed
O002846,C00511,2025-07-27,Electronics,5086.47,0.05,4832.15,Returned
O002847,C00511,2026-04-09,Sports,2835.02,0.15,2409.77,Cancelled
O002848,C00511,2025-10-14,Home,3374.1,0.1,3036.69,Completed
O002849,C00512,2026-04-18,Beauty,1466.12,0.05,1392.81,Completed
O002850,C00512,2026-06-07,Home,235.23,0.15,199.95,Returned
O002851,C00512,2026-03-19,Grocery,1003.5,0.0,1003.5,Completed
O002852,C00512,2026-03-29,Electronics,5985.89,0.1,5387.3,Completed
O002853,C00512,2026-02-22,Beauty,1327.71,0.1,1194.94,Completed
O002854,C00512,2026-05-08,Sports,1798.16,0.1,1618.34,Completed
O002855,C00512,2026-06-13,Grocery,1055.12,0.05,1002.36,Completed
O002856,C00513,2026-06-25,Beauty,1542.02,0.1,1387.82,Completed
O002857,C00513,2026-05-07,Sports,2820.88,0.1,2538.79,Completed
O002858,C00513,2026-03-15,Grocery,1088.77,0.05,1034.33,Cancelled
O002859,C00513,2026-03-20,Grocery,468.78,0.0,468.78,Completed
O002860,C00514,2026-03-22,Sports,2444.96,0.0,2444.96,Completed
O002861,C00514,2026-03-31,Grocery,687.81,0.0,687.81,Completed
O002862,C00514,2026-02-09,Grocery,610.83,0.1,549.75,Completed
O002863,C00514,2026-04-02,Grocery,828.25,0.1,745.42,Completed
O002864,C00514,2026-01-08,Beauty,1749.98,0.0,1749.98,Completed
O002865,C00514,2026-02-21,Grocery,1374.46,0.1,1237.01,Completed
O002866,C00514,2025-12-18,Electronics,7273.28,0.05,6909.62,Returned
O002867,C00515,2026-04-17,Beauty,1592.95,0.1,1433.66,Completed
O002868,C00515,2026-03-09,Sports,3534.01,0.0,3534.01,Completed
O002869,C00515,2026-01-14,Home,4537.52,0.0,4537.52,Completed
O002870,C00515,2026-02-05,Electronics,8067.95,0.0,8067.95,Completed
O002871,C00515,2025-09-03,Grocery,605.5,0.1,544.95,Completed
O002872,C00516,2025-09-15,Beauty,2100.57,0.0,2100.57,Completed
O002873,C00516,2025-12-01,Sports,1542.47,0.0,1542.47,Completed
O002874,C00516,2026-04-07,Electronics,9089.59,0.0,9089.59,Completed
O002875,C00516,2026-06-25,Sports,1857.75,0.05,1764.86,Completed
O002876,C00516,2026-03-09,Beauty,985.48,0.0,985.48,Completed
O002877,C00516,2025-07-12,Sports,2947.39,0.0,2947.39,Completed
O002878,C00517,2026-03-28,Beauty,776.1,0.1,698.49,Completed
O002879,C00517,2025-12-15,Home,2368.48,0.1,2131.63,Completed
O002880,C00517,2026-03-27,Electronics,4661.2,0.05,4428.14,Completed
O002881,C00518,2026-01-01,Beauty,909.92,0.05,864.42,Completed
O002882,C00518,2025-07-01,Sports,2518.96,0.1,2267.06,Completed
O002883,C00518,2026-06-21,Grocery,618.79,0.0,618.79,Completed
O002884,C00518,2025-11-05,Sports,2535.97,0.1,2282.37,Cancelled
O002885,C00518,2025-08-01,Home,2414.81,0.05,2294.07,Completed
O002886,C00518,2026-03-28,Sports,2026.85,0.05,1925.51,Completed
O002887,C00519,2026-04-13,Sports,2767.2,0.0,2767.2,Completed
O002888,C00519,2025-06-05,Beauty,2051.08,0.15,1743.42,Completed
O002889,C00519,2025-03-25,Sports,2243.92,0.1,2019.53,Completed
O002890,C00519,2025-12-30,Home,4922.56,0.0,4922.56,Completed
O002891,C00519,2025-11-04,Grocery,868.05,0.0,868.05,Returned
O002892,C00519,2026-04-02,Beauty,1958.3,0.1,1762.47,Completed
O002893,C00519,2025-07-08,Grocery,749.75,0.1,674.78,Completed
O002894,C00519,2026-04-03,Beauty,1097.9,0.0,1097.9,Completed
O002895,C00519,2025-09-12,Home,3612.71,0.0,3612.71,Completed
O002896,C00520,2025-12-13,Home,1200.77,0.05,1140.73,Completed
O002897,C00520,2025-12-30,Beauty,1080.23,0.15,918.2,Completed
O002898,C00520,2025-12-24,Sports,3984.49,0.05,3785.27,Completed
O002899,C00520,2026-05-03,Sports,2813.45,0.2,2250.76,Completed
O002900,C00520,2026-02-03,Grocery,1126.19,0.0,1126.19,Returned
O002901,C00520,2026-03-31,Home,2968.62,0.0,2968.62,Completed
O002902,C00520,2026-02-16,Electronics,5161.48,0.0,5161.48,Completed
O002903,C00520,2026-01-03,Electronics,4701.33,0.0,4701.33,Completed
O002904,C00521,2026-05-26,Electronics,5857.74,0.2,4686.19,Completed
O002905,C00521,2026-02-26,Electronics,10477.11,0.1,9429.4,Completed
O002906,C00521,2026-03-23,Beauty,1869.38,0.0,1869.38,Cancelled
O002907,C00521,2026-02-11,Sports,462.14,0.1,415.93,Completed
O002908,C00521,2026-01-12,Home,3424.83,0.0,3424.83,Completed
O002909,C00521,2026-02-02,Home,2071.51,0.2,1657.21,Completed
O002910,C00521,2026-01-13,Sports,2596.95,0.05,2467.1,Completed
O002911,C00521,2026-03-06,Beauty,598.72,0.05,568.78,Completed
O002912,C00522,2026-05-14,Beauty,2064.46,0.2,1651.57,Completed
O002913,C00522,2026-06-30,Sports,3110.83,0.05,2955.29,Cancelled
O002914,C00523,2026-04-18,Sports,1010.77,0.05,960.23,Completed
O002915,C00523,2026-01-21,Beauty,932.01,0.15,792.21,Completed
O002916,C00523,2026-02-02,Home,2481.0,0.0,2481.0,Completed
O002917,C00523,2026-01-27,Beauty,2047.39,0.05,1945.02,Completed
O002918,C00523,2026-04-23,Electronics,2828.37,0.05,2686.95,Completed
O002919,C00523,2026-06-01,Sports,1643.6,0.0,1643.6,Completed
O002920,C00523,2026-02-28,Home,3232.0,0.0,3232.0,Completed
O002921,C00523,2026-03-18,Sports,2357.33,0.1,2121.6,Completed
O002922,C00523,2026-01-16,Electronics,3799.28,0.15,3229.39,Completed
O002923,C00523,2026-03-17,Sports,2723.82,0.05,2587.63,Completed
O002924,C00523,2026-05-06,Home,1665.22,0.0,1665.22,Completed
O002925,C00523,2026-01-21,Home,1836.22,0.05,1744.41,Completed
O002926,C00523,2026-05-10,Electronics,7218.26,0.05,6857.35,Completed
O002927,C00524,2026-06-07,Home,957.69,0.2,766.15,Returned
O002928,C00524,2026-05-26,Sports,3265.29,0.1,2938.76,Completed
O002929,C00524,2026-04-14,Beauty,744.05,0.0,744.05,Completed
O002930,C00524,2026-03-06,Electronics,6133.3,0.05,5826.64,Returned
O002931,C00524,2026-06-14,Grocery,908.84,0.1,817.96,Completed
O002932,C00524,2026-02-25,Beauty,820.02,0.15,697.02,Cancelled
O002933,C00524,2026-05-28,Beauty,1590.13,0.05,1510.62,Completed
O002934,C00524,2026-03-16,Beauty,1012.06,0.05,961.46,Completed
O002935,C00524,2026-02-07,Home,3067.25,0.05,2913.89,Completed
O002936,C00524,2026-02-22,Home,4295.79,0.05,4081.0,Completed
O002937,C00525,2026-04-14,Sports,1839.19,0.2,1471.35,Completed
O002938,C00525,2025-11-07,Electronics,1932.03,0.15,1642.23,Completed
O002939,C00525,2025-08-18,Beauty,1441.62,0.1,1297.46,Completed
O002940,C00525,2026-03-20,Electronics,3355.96,0.0,3355.96,Completed
O002941,C00525,2025-12-13,Home,3998.65,0.05,3798.72,Completed
O002942,C00525,2025-05-29,Electronics,4288.35,0.15,3645.1,Completed
O002943,C00525,2026-03-18,Sports,2871.94,0.2,2297.55,Completed
O002944,C00525,2026-05-12,Grocery,1126.98,0.1,1014.28,Completed
O002945,C00525,2025-08-12,Beauty,1201.63,0.05,1141.55,Completed
O002946,C00526,2026-03-21,Electronics,10981.61,0.2,8785.29,Completed
O002947,C00526,2025-06-27,Home,4467.4,0.15,3797.29,Completed
O002948,C00526,2025-11-02,Electronics,8422.04,0.1,7579.84,Completed
O002949,C00526,2026-02-06,Grocery,592.34,0.15,503.49,Completed
O002950,C00526,2025-08-12,Electronics,5723.16,0.1,5150.84,Completed
O002951,C00527,2025-09-29,Beauty,1030.33,0.1,927.3,Completed
O002952,C00527,2025-11-16,Grocery,1057.31,0.05,1004.44,Completed
O002953,C00527,2025-10-23,Home,1689.76,0.1,1520.78,Completed
O002954,C00528,2026-02-22,Home,1657.1,0.0,1657.1,Completed
O002955,C00528,2026-01-10,Grocery,1109.8,0.15,943.33,Completed
O002956,C00528,2026-05-10,Beauty,1802.81,0.0,1802.81,Completed
O002957,C00528,2026-05-15,Sports,1486.94,0.05,1412.59,Completed
O002958,C00528,2026-04-26,Home,1592.78,0.1,1433.5,Completed
O002959,C00528,2025-10-26,Sports,3022.33,0.0,3022.33,Returned
O002960,C00528,2026-01-20,Home,3215.86,0.05,3055.07,Returned
O002961,C00529,2026-04-17,Electronics,8488.9,0.05,8064.45,Completed
O002962,C00529,2026-06-16,Sports,2191.06,0.1,1971.95,Completed
O002963,C00529,2026-04-28,Grocery,704.83,0.2,563.86,Completed
O002964,C00529,2026-06-17,Home,150.0,0.0,150.0,Completed
O002965,C00530,2025-12-07,Home,2762.87,0.0,2762.87,Completed
O002966,C00530,2025-11-25,Beauty,2027.93,0.0,2027.93,Completed
O002967,C00530,2025-08-04,Sports,1263.08,0.2,1010.46,Completed
O002968,C00530,2025-07-10,Grocery,637.24,0.1,573.52,Completed
O002969,C00530,2026-06-03,Grocery,1052.12,0.05,999.51,Cancelled
O002970,C00530,2025-05-13,Electronics,7937.85,0.0,7937.85,Returned
O002971,C00530,2025-11-18,Home,3482.99,0.0,3482.99,Completed
O002972,C00530,2025-10-08,Beauty,214.8,0.1,193.32,Cancelled
O002973,C00530,2026-04-15,Beauty,1969.82,0.0,1969.82,Completed
O002974,C00530,2025-11-24,Beauty,1327.89,0.2,1062.31,Returned
O002975,C00530,2025-10-10,Electronics,8813.29,0.0,8813.29,Completed
O002976,C00530,2026-03-24,Grocery,1097.61,0.1,987.85,Completed
O002977,C00530,2025-09-02,Home,2119.39,0.05,2013.42,Completed
O002978,C00530,2026-05-18,Electronics,7489.38,0.05,7114.91,Completed
O002979,C00530,2026-01-03,Beauty,1481.73,0.05,1407.64,Completed
O002980,C00531,2026-01-23,Beauty,2372.76,0.1,2135.48,Completed
O002981,C00531,2025-10-25,Grocery,405.01,0.15,344.26,Cancelled
O002982,C00531,2026-04-09,Home,1675.87,0.05,1592.08,Completed
O002983,C00531,2026-06-18,Sports,2431.51,0.0,2431.51,Completed
O002984,C00531,2025-12-10,Grocery,1469.0,0.15,1248.65,Returned
O002985,C00531,2026-02-14,Beauty,1337.46,0.05,1270.59,Completed
O002986,C00532,2025-11-25,Beauty,1309.72,0.15,1113.26,Completed
O002987,C00532,2025-06-25,Electronics,4067.76,0.1,3660.98,Completed
O002988,C00532,2026-01-22,Electronics,5503.51,0.05,5228.33,Completed
O002989,C00532,2025-05-22,Home,3153.79,0.0,3153.79,Completed
O002990,C00532,2025-07-30,Electronics,5393.12,0.0,5393.12,Completed
O002991,C00532,2025-08-11,Electronics,5569.53,0.0,5569.53,Returned
O002992,C00532,2026-01-03,Home,1301.16,0.1,1171.04,Completed
O002993,C00532,2025-06-19,Electronics,9381.12,0.15,7973.95,Completed
O002994,C00532,2026-02-16,Sports,1412.98,0.1,1271.68,Completed
O002995,C00532,2026-04-01,Sports,826.84,0.1,744.16,Completed
O002996,C00532,2026-01-24,Grocery,1114.56,0.1,1003.1,Completed
O002997,C00532,2026-04-24,Grocery,865.15,0.0,865.15,Completed
O002998,C00532,2025-09-08,Electronics,9494.11,0.1,8544.7,Returned
O002999,C00533,2026-01-22,Home,1020.06,0.0,1020.06,Completed
O003000,C00533,2026-05-25,Electronics,2632.23,0.2,2105.78,Completed
O003001,C00533,2025-07-25,Home,3228.03,0.0,3228.03,Completed
O003002,C00533,2026-06-19,Sports,2287.96,0.05,2173.56,Completed
O003003,C00533,2025-08-28,Sports,1749.94,0.0,1749.94,Completed
O003004,C00533,2026-06-11,Electronics,5653.12,0.2,4522.5,Completed
O003005,C00533,2026-01-19,Grocery,1190.48,0.1,1071.43,Completed
O003006,C00533,2026-02-16,Beauty,1336.4,0.1,1202.76,Completed
O003007,C00533,2025-08-17,Grocery,1002.95,0.15,852.51,Completed
O003008,C00533,2025-12-02,Grocery,1172.59,0.0,1172.59,Returned
O003009,C00533,2025-08-08,Electronics,8538.06,0.0,8538.06,Completed
O003010,C00533,2025-12-21,Electronics,6708.12,0.15,5701.9,Completed
O003011,C00533,2025-11-06,Grocery,952.3,0.1,857.07,Completed
O003012,C00533,2025-09-06,Electronics,8766.95,0.1,7890.26,Completed
O003013,C00533,2025-11-14,Grocery,852.76,0.05,810.12,Completed
O003014,C00533,2026-02-01,Home,1706.89,0.0,1706.89,Cancelled
O003015,C00534,2026-03-30,Grocery,1042.73,0.0,1042.73,Completed
O003016,C00534,2026-04-13,Grocery,696.57,0.1,626.91,Completed
O003017,C00534,2026-03-26,Grocery,777.11,0.0,777.11,Completed
O003018,C00534,2026-05-26,Electronics,6383.64,0.0,6383.64,Returned
O003019,C00535,2026-06-27,Beauty,2257.91,0.0,2257.91,Completed
O003020,C00535,2026-04-27,Sports,1249.96,0.1,1124.96,Completed
O003021,C00535,2025-10-28,Home,2880.12,0.0,2880.12,Completed
O003022,C00535,2025-12-06,Grocery,913.7,0.05,868.02,Completed
O003023,C00535,2026-03-29,Grocery,316.09,0.1,284.48,Completed
O003024,C00536,2025-08-30,Home,3184.47,0.05,3025.25,Completed
O003025,C00536,2025-12-09,Grocery,922.88,0.0,922.88,Completed
O003026,C00536,2025-10-23,Beauty,2144.5,0.05,2037.28,Cancelled
O003027,C00536,2026-06-16,Beauty,2070.52,0.05,1966.99,Completed
O003028,C00536,2025-12-17,Beauty,1897.64,0.15,1612.99,Completed
O003029,C00536,2026-05-17,Beauty,1392.95,0.0,1392.95,Completed
O003030,C00536,2025-10-08,Sports,2327.76,0.0,2327.76,Completed
O003031,C00537,2026-06-10,Beauty,1399.58,0.1,1259.62,Completed
O003032,C00537,2026-05-11,Home,3608.12,0.1,3247.31,Completed
O003033,C00537,2026-04-30,Grocery,1500.07,0.0,1500.07,Completed
O003034,C00537,2026-01-30,Sports,1770.16,0.15,1504.64,Completed
O003035,C00537,2026-06-21,Grocery,1092.22,0.05,1037.61,Cancelled
O003036,C00538,2026-06-15,Beauty,2203.97,0.15,1873.37,Completed
O003037,C00538,2025-08-29,Sports,1872.93,0.15,1591.99,Completed
O003038,C00538,2025-10-13,Sports,3124.54,0.0,3124.54,Completed
O003039,C00539,2026-01-17,Electronics,6920.07,0.05,6574.07,Completed
O003040,C00539,2026-03-30,Grocery,439.27,0.0,439.27,Completed
O003041,C00539,2026-01-21,Grocery,599.52,0.15,509.59,Completed
O003042,C00540,2025-04-18,Beauty,2072.22,0.15,1761.39,Completed
O003043,C00540,2025-02-11,Beauty,1251.08,0.1,1125.97,Completed
O003044,C00541,2026-05-15,Home,1908.54,0.15,1622.26,Completed
O003045,C00541,2026-05-27,Electronics,4800.08,0.05,4560.08,Completed
O003046,C00541,2026-05-22,Grocery,633.4,0.05,601.73,Completed
O003047,C00541,2026-06-21,Grocery,796.03,0.1,716.43,Completed
O003048,C00541,2026-06-29,Grocery,1389.81,0.0,1389.81,Completed
O003049,C00542,2026-01-03,Electronics,5514.96,0.0,5514.96,Completed
O003050,C00542,2025-11-04,Sports,1082.06,0.15,919.75,Completed
O003051,C00542,2026-04-16,Home,2613.2,0.1,2351.88,Completed
O003052,C00542,2025-12-25,Beauty,1663.19,0.1,1496.87,Completed
O003053,C00544,2026-01-28,Grocery,586.25,0.0,586.25,Completed
O003054,C00544,2025-09-30,Home,3997.75,0.05,3797.86,Completed
O003055,C00544,2025-10-07,Beauty,1201.81,0.05,1141.72,Completed
O003056,C00544,2025-04-22,Grocery,486.43,0.0,486.43,Completed
O003057,C00544,2026-03-03,Grocery,961.05,0.1,864.94,Completed
O003058,C00544,2025-08-28,Electronics,6485.44,0.0,6485.44,Returned
O003059,C00544,2025-12-16,Sports,3000.82,0.15,2550.7,Completed
O003060,C00544,2025-07-14,Sports,2503.48,0.0,2503.48,Completed
O003061,C00544,2025-04-25,Grocery,597.65,0.0,597.65,Completed
O003062,C00545,2026-06-06,Beauty,1289.79,0.15,1096.32,Completed
O003063,C00545,2026-03-20,Grocery,670.53,0.15,569.95,Returned
O003064,C00545,2026-05-03,Electronics,8051.45,0.1,7246.3,Completed
O003065,C00545,2026-06-23,Electronics,6849.32,0.1,6164.39,Completed
O003066,C00545,2026-06-22,Beauty,1501.68,0.1,1351.51,Completed
O003067,C00545,2026-04-29,Sports,2506.08,0.0,2506.08,Completed
O003068,C00546,2026-03-09,Electronics,3245.27,0.05,3083.01,Completed
O003069,C00546,2025-12-02,Grocery,334.17,0.05,317.46,Completed
O003070,C00546,2025-08-13,Sports,1937.73,0.2,1550.18,Completed
O003071,C00546,2025-09-04,Beauty,216.47,0.05,205.65,Completed
O003072,C00547,2026-03-23,Electronics,6533.34,0.05,6206.67,Completed
O003073,C00547,2026-01-29,Grocery,1008.5,0.15,857.22,Completed
O003074,C00547,2026-04-02,Home,3957.6,0.2,3166.08,Completed
O003075,C00548,2026-02-15,Grocery,1206.22,0.05,1145.91,Completed
O003076,C00548,2025-12-23,Home,3928.95,0.0,3928.95,Completed
O003077,C00548,2025-09-26,Sports,2233.77,0.1,2010.39,Completed
O003078,C00548,2026-04-17,Grocery,1156.38,0.0,1156.38,Cancelled
O003079,C00548,2026-06-22,Grocery,614.06,0.0,614.06,Completed
O003080,C00548,2025-10-17,Home,1777.62,0.0,1777.62,Completed
O003081,C00549,2026-04-07,Beauty,1082.31,0.1,974.08,Completed
O003082,C00549,2026-03-28,Home,2628.37,0.15,2234.11,Completed
O003083,C00549,2026-01-20,Beauty,748.16,0.05,710.75,Completed
O003084,C00549,2026-01-08,Sports,2058.11,0.0,2058.11,Completed
O003085,C00549,2026-05-13,Electronics,9388.83,0.0,9388.83,Returned
O003086,C00550,2026-06-14,Sports,2328.68,0.0,2328.68,Completed
O003087,C00550,2026-05-08,Electronics,8461.86,0.0,8461.86,Completed
O003088,C00550,2026-05-26,Grocery,778.8,0.1,700.92,Cancelled
O003089,C00550,2026-05-30,Home,2759.77,0.2,2207.82,Completed
O003090,C00550,2026-04-22,Sports,2396.65,0.1,2156.98,Completed
O003091,C00550,2026-06-15,Home,2847.58,0.0,2847.58,Completed
O003092,C00550,2026-06-06,Sports,920.58,0.05,874.55,Completed
O003093,C00550,2026-06-27,Grocery,766.99,0.2,613.59,Completed
O003094,C00550,2026-04-30,Grocery,745.54,0.2,596.43,Completed
O003095,C00550,2026-06-22,Grocery,903.64,0.05,858.46,Completed
O003096,C00550,2026-05-06,Home,1561.79,0.1,1405.61,Completed
O003097,C00550,2026-04-14,Beauty,1130.07,0.05,1073.57,Completed
O003098,C00550,2026-05-30,Beauty,896.12,0.05,851.31,Completed
O003099,C00551,2026-04-24,Grocery,1594.04,0.2,1275.23,Cancelled
O003100,C00551,2025-11-22,Electronics,7938.14,0.15,6747.42,Completed
O003101,C00551,2026-04-20,Sports,2296.96,0.15,1952.42,Completed
O003102,C00551,2026-02-16,Beauty,1648.25,0.0,1648.25,Completed
O003103,C00552,2026-01-22,Home,2551.94,0.2,2041.55,Completed
O003104,C00552,2026-01-15,Beauty,920.28,0.0,920.28,Returned
O003105,C00552,2026-03-26,Electronics,8232.05,0.1,7408.84,Completed
O003106,C00552,2026-05-10,Beauty,2004.0,0.2,1603.2,Completed
O003107,C00553,2026-01-04,Beauty,623.65,0.2,498.92,Completed
O003108,C00553,2026-05-24,Grocery,349.36,0.1,314.42,Completed
O003109,C00553,2025-12-23,Sports,2689.23,0.0,2689.23,Completed
O003110,C00553,2025-11-01,Home,4045.02,0.1,3640.52,Completed
O003111,C00553,2026-01-20,Beauty,1396.17,0.05,1326.36,Completed
O003112,C00554,2025-06-02,Electronics,3770.44,0.15,3204.87,Completed
O003113,C00554,2025-05-11,Electronics,6908.2,0.0,6908.2,Completed
O003114,C00554,2025-07-17,Grocery,1305.01,0.05,1239.76,Cancelled
O003115,C00554,2025-05-29,Beauty,1666.0,0.05,1582.7,Completed
O003116,C00554,2025-03-22,Beauty,1386.57,0.0,1386.57,Returned
O003117,C00554,2026-03-05,Electronics,6565.63,0.0,6565.63,Completed
O003118,C00554,2025-08-18,Sports,1965.16,0.0,1965.16,Completed
O003119,C00554,2025-11-11,Electronics,8448.91,0.1,7604.02,Cancelled
O003120,C00555,2025-10-06,Home,2990.14,0.05,2840.63,Completed
O003121,C00555,2026-05-03,Grocery,1276.93,0.15,1085.39,Completed
O003122,C00555,2025-08-06,Home,2429.37,0.15,2064.96,Completed
O003123,C00555,2026-01-24,Grocery,1043.23,0.1,938.91,Completed
O003124,C00555,2026-05-09,Beauty,1740.46,0.05,1653.44,Cancelled
O003125,C00555,2026-01-25,Sports,2127.61,0.1,1914.85,Completed
O003126,C00555,2026-03-04,Home,2761.95,0.1,2485.76,Completed
O003127,C00555,2026-04-10,Electronics,9942.51,0.05,9445.38,Completed
O003128,C00555,2025-10-29,Grocery,959.78,0.1,863.8,Completed
O003129,C00555,2026-03-25,Grocery,1240.86,0.15,1054.73,Completed
O003130,C00556,2025-07-21,Beauty,1465.65,0.1,1319.08,Cancelled
O003131,C00556,2025-09-24,Electronics,9569.99,0.1,8612.99,Completed
O003132,C00556,2025-11-21,Home,3242.02,0.05,3079.92,Completed
O003133,C00556,2026-06-20,Grocery,1781.55,0.1,1603.4,Completed
O003134,C00556,2025-11-14,Electronics,6498.51,0.0,6498.51,Completed
O003135,C00557,2026-04-30,Electronics,1268.96,0.05,1205.51,Completed
O003136,C00557,2026-03-10,Sports,2330.77,0.0,2330.77,Returned
O003137,C00557,2026-05-25,Beauty,1675.73,0.15,1424.37,Completed
O003138,C00557,2026-05-25,Beauty,920.74,0.15,782.63,Completed
O003139,C00558,2025-05-22,Electronics,1825.43,0.1,1642.89,Returned
O003140,C00558,2025-11-27,Sports,1514.53,0.0,1514.53,Completed
O003141,C00559,2025-12-18,Sports,1841.76,0.0,1841.76,Completed
O003142,C00559,2026-05-09,Electronics,5222.91,0.15,4439.47,Completed
O003143,C00559,2026-01-30,Sports,1727.71,0.05,1641.32,Completed
O003144,C00559,2026-06-23,Grocery,645.68,0.05,613.4,Completed
O003145,C00559,2025-10-06,Home,1290.38,0.0,1290.38,Completed
O003146,C00559,2025-12-01,Grocery,1021.66,0.0,1021.66,Completed
O003147,C00559,2026-04-13,Grocery,1263.17,0.1,1136.85,Completed
O003148,C00559,2025-09-02,Electronics,4927.21,0.15,4188.13,Completed
O003149,C00560,2026-02-12,Grocery,495.81,0.0,495.81,Completed
O003150,C00560,2026-03-14,Beauty,846.36,0.0,846.36,Completed
O003151,C00560,2026-06-16,Sports,1908.64,0.0,1908.64,Completed
O003152,C00560,2025-12-28,Electronics,8465.86,0.2,6772.69,Completed
O003153,C00560,2026-04-04,Beauty,1422.73,0.0,1422.73,Returned
O003154,C00560,2026-04-08,Beauty,748.96,0.2,599.17,Completed
O003155,C00561,2025-09-23,Grocery,1525.25,0.05,1448.99,Completed
O003156,C00561,2025-11-03,Electronics,4265.69,0.0,4265.69,Completed
O003157,C00561,2025-10-15,Sports,2499.21,0.0,2499.21,Cancelled
O003158,C00561,2025-02-24,Grocery,1450.08,0.05,1377.58,Completed
O003159,C00561,2025-11-07,Home,3661.71,0.0,3661.71,Completed
O003160,C00561,2025-06-29,Beauty,1627.63,0.1,1464.87,Returned
O003161,C00561,2026-03-03,Home,2016.23,0.05,1915.42,Completed
O003162,C00562,2025-12-19,Sports,3519.35,0.0,3519.35,Completed
O003163,C00562,2026-04-09,Grocery,905.59,0.05,860.31,Completed
O003164,C00562,2026-05-06,Home,2164.45,0.0,2164.45,Completed
O003165,C00562,2026-03-13,Home,2924.24,0.0,2924.24,Completed
O003166,C00562,2026-04-22,Home,3538.26,0.2,2830.61,Completed
O003167,C00562,2026-03-16,Beauty,745.44,0.15,633.62,Completed
O003168,C00563,2026-03-23,Sports,3622.7,0.15,3079.29,Completed
O003169,C00564,2026-05-18,Home,2012.16,0.05,1911.55,Completed
O003170,C00564,2025-11-27,Home,3992.2,0.0,3992.2,Completed
O003171,C00564,2026-06-07,Grocery,1127.59,0.05,1071.21,Completed
O003172,C00565,2026-02-11,Home,2489.68,0.05,2365.2,Completed
O003173,C00565,2026-05-13,Home,1628.34,0.1,1465.51,Completed
O003174,C00565,2025-08-03,Grocery,691.31,0.1,622.18,Completed
O003175,C00565,2026-06-06,Home,3015.92,0.15,2563.53,Returned
O003176,C00565,2025-10-04,Home,2420.66,0.05,2299.63,Completed
O003177,C00565,2026-01-27,Grocery,697.54,0.0,697.54,Completed
O003178,C00565,2026-06-10,Home,3261.16,0.0,3261.16,Completed
O003179,C00566,2025-12-08,Electronics,10681.32,0.2,8545.06,Completed
O003180,C00566,2026-04-10,Grocery,1032.98,0.15,878.03,Completed
O003181,C00566,2025-08-28,Home,3632.82,0.0,3632.82,Completed
O003182,C00566,2025-12-08,Home,4405.52,0.0,4405.52,Completed
O003183,C00566,2025-07-14,Beauty,1049.38,0.1,944.44,Completed
O003184,C00567,2026-03-19,Sports,2613.85,0.0,2613.85,Completed
O003185,C00567,2026-01-22,Sports,3122.82,0.1,2810.54,Completed
O003186,C00567,2026-01-07,Home,3898.65,0.0,3898.65,Returned
O003187,C00567,2025-11-24,Electronics,625.82,0.05,594.53,Completed
O003188,C00567,2025-10-26,Home,3010.29,0.0,3010.29,Completed
O003189,C00567,2025-09-02,Grocery,667.72,0.15,567.56,Completed
O003190,C00568,2026-06-23,Beauty,1014.55,0.05,963.82,Completed
O003191,C00568,2026-06-21,Grocery,848.27,0.1,763.44,Completed
O003192,C00568,2026-06-22,Home,949.25,0.05,901.79,Completed
O003193,C00568,2026-06-18,Home,3881.02,0.15,3298.87,Completed
O003194,C00569,2026-02-06,Electronics,6145.66,0.05,5838.38,Completed
O003195,C00569,2026-03-10,Electronics,5556.45,0.0,5556.45,Completed
O003196,C00570,2026-06-22,Home,5029.49,0.1,4526.54,Completed
O003197,C00570,2026-06-25,Grocery,749.75,0.1,674.78,Returned
O003198,C00570,2026-06-21,Beauty,1736.56,0.0,1736.56,Completed
O003199,C00570,2026-05-15,Sports,443.12,0.15,376.65,Completed
O003200,C00570,2026-06-23,Sports,1343.87,0.0,1343.87,Completed
O003201,C00570,2026-05-09,Home,2698.93,0.1,2429.04,Completed
O003202,C00571,2026-01-20,Home,2291.35,0.0,2291.35,Completed
O003203,C00571,2025-10-30,Sports,2157.2,0.05,2049.34,Completed
O003204,C00571,2025-10-21,Beauty,1577.92,0.0,1577.92,Completed
O003205,C00571,2026-05-13,Home,2031.84,0.05,1930.25,Completed
O003206,C00571,2026-01-25,Home,2452.41,0.05,2329.79,Completed
O003207,C00572,2025-04-07,Home,1178.31,0.1,1060.48,Completed
O003208,C00572,2026-06-22,Sports,1850.38,0.0,1850.38,Completed
O003209,C00572,2026-05-22,Grocery,894.12,0.05,849.41,Completed
O003210,C00572,2025-11-10,Beauty,2429.19,0.05,2307.73,Completed
O003211,C00572,2026-05-22,Sports,4806.09,0.1,4325.48,Completed
O003212,C00572,2026-06-02,Home,2764.01,0.05,2625.81,Completed
O003213,C00573,2026-05-24,Sports,2282.85,0.2,1826.28,Completed
O003214,C00573,2026-04-05,Grocery,708.29,0.0,708.29,Completed
O003215,C00573,2026-05-18,Beauty,740.96,0.1,666.86,Cancelled
O003216,C00573,2026-05-20,Grocery,1241.1,0.15,1054.94,Completed
O003217,C00573,2026-06-12,Grocery,555.98,0.05,528.18,Completed
O003218,C00573,2026-06-07,Grocery,435.96,0.1,392.36,Completed
O003219,C00573,2026-06-21,Electronics,6908.42,0.05,6563.0,Completed
O003220,C00573,2026-06-05,Electronics,10706.34,0.0,10706.34,Completed
O003221,C00573,2026-05-27,Sports,2377.51,0.0,2377.51,Completed
O003222,C00573,2026-04-05,Home,2040.81,0.05,1938.77,Completed
O003223,C00574,2026-05-12,Grocery,673.97,0.1,606.57,Completed
O003224,C00574,2026-03-10,Electronics,6489.8,0.1,5840.82,Completed
O003225,C00574,2026-06-01,Sports,1902.02,0.15,1616.72,Completed
O003226,C00574,2026-05-11,Electronics,8525.68,0.05,8099.4,Completed
O003227,C00574,2025-11-25,Beauty,1792.79,0.1,1613.51,Completed
O003228,C00575,2026-05-29,Sports,1626.05,0.05,1544.75,Completed
O003229,C00575,2026-03-20,Beauty,980.42,0.15,833.36,Completed
O003230,C00575,2026-06-09,Home,1656.42,0.15,1407.96,Completed
O003231,C00575,2026-05-20,Beauty,1628.04,0.0,1628.04,Completed
O003232,C00575,2025-11-12,Grocery,913.62,0.05,867.94,Completed
O003233,C00575,2025-12-27,Sports,2220.28,0.1,1998.25,Completed
O003234,C00575,2026-06-04,Electronics,6928.79,0.1,6235.91,Completed
O003235,C00575,2026-06-29,Electronics,3305.18,0.0,3305.18,Completed
O003236,C00575,2026-01-16,Grocery,716.13,0.0,716.13,Completed
O003237,C00575,2025-12-24,Sports,2366.56,0.0,2366.56,Cancelled
O003238,C00575,2026-05-15,Beauty,1457.12,0.1,1311.41,Completed
O003239,C00575,2026-06-03,Electronics,8078.92,0.1,7271.03,Completed
O003240,C00575,2026-01-15,Sports,578.38,0.1,520.54,Completed
O003241,C00575,2026-01-27,Sports,1514.06,0.0,1514.06,Completed
O003242,C00575,2025-12-01,Beauty,445.29,0.0,445.29,Completed
O003243,C00576,2026-01-13,Home,1952.93,0.1,1757.64,Returned
O003244,C00576,2025-10-03,Electronics,8596.81,0.0,8596.81,Completed
O003245,C00576,2025-09-28,Sports,789.93,0.1,710.94,Completed
O003246,C00576,2026-06-21,Beauty,1059.4,0.1,953.46,Completed
O003247,C00576,2025-09-13,Grocery,995.93,0.05,946.13,Completed
O003248,C00576,2026-02-13,Grocery,718.2,0.15,610.47,Completed
O003249,C00576,2026-06-10,Home,3213.02,0.15,2731.07,Completed
O003250,C00576,2026-02-10,Grocery,799.3,0.05,759.33,Completed
O003251,C00576,2026-02-11,Electronics,6110.49,0.05,5804.97,Cancelled
O003252,C00576,2025-10-27,Beauty,1444.83,0.0,1444.83,Returned
O003253,C00576,2026-05-17,Home,2010.26,0.1,1809.23,Completed
O003254,C00576,2025-10-23,Home,3568.51,0.0,3568.51,Completed
O003255,C00577,2025-12-15,Electronics,7310.43,0.15,6213.87,Completed
O003256,C00577,2026-04-17,Beauty,1427.52,0.05,1356.14,Completed
O003257,C00577,2026-02-20,Sports,2148.71,0.05,2041.27,Completed
O003258,C00578,2025-11-09,Home,1572.53,0.0,1572.53,Completed
O003259,C00578,2025-05-18,Home,3563.23,0.1,3206.91,Completed
O003260,C00578,2025-08-13,Electronics,3255.76,0.15,2767.4,Completed
O003261,C00578,2025-10-04,Electronics,7327.52,0.15,6228.39,Completed
O003262,C00578,2026-05-02,Sports,2592.53,0.0,2592.53,Completed
O003263,C00578,2026-06-12,Grocery,1203.79,0.05,1143.6,Completed
O003264,C00578,2025-01-23,Grocery,854.88,0.0,854.88,Completed
O003265,C00578,2026-06-07,Home,2631.7,0.1,2368.53,Completed
O003266,C00578,2025-08-28,Grocery,1188.46,0.15,1010.19,Completed
O003267,C00578,2026-05-20,Sports,1976.94,0.05,1878.09,Returned
O003268,C00578,2026-03-13,Sports,2340.92,0.15,1989.78,Completed
O003269,C00578,2025-04-09,Grocery,734.67,0.0,734.67,Completed
O003270,C00578,2025-01-24,Home,1018.61,0.0,1018.61,Completed
O003271,C00579,2026-03-31,Beauty,922.24,0.05,876.13,Completed
O003272,C00579,2026-05-07,Grocery,1138.69,0.0,1138.69,Completed
O003273,C00579,2025-10-08,Electronics,8147.09,0.1,7332.38,Cancelled
O003274,C00579,2025-09-26,Home,2519.42,0.05,2393.45,Completed
O003275,C00580,2026-03-07,Beauty,264.94,0.0,264.94,Completed
O003276,C00580,2026-03-02,Home,3410.4,0.0,3410.4,Completed
O003277,C00580,2026-03-01,Grocery,800.93,0.1,720.84,Completed
O003278,C00581,2026-06-21,Beauty,1513.52,0.15,1286.49,Completed
O003279,C00581,2026-02-02,Electronics,7960.83,0.1,7164.75,Completed
O003280,C00581,2025-09-11,Electronics,4771.79,0.0,4771.79,Completed
O003281,C00582,2026-03-15,Home,2117.32,0.05,2011.45,Completed
O003282,C00582,2025-11-04,Beauty,2329.96,0.1,2096.96,Returned
O003283,C00582,2026-06-22,Grocery,360.66,0.1,324.59,Completed
O003284,C00582,2026-06-03,Grocery,709.01,0.05,673.56,Completed
O003285,C00582,2025-11-12,Sports,2118.75,0.1,1906.88,Completed
O003286,C00582,2026-06-06,Beauty,813.13,0.05,772.47,Completed
O003287,C00582,2025-09-01,Electronics,9629.42,0.05,9147.95,Completed
O003288,C00582,2026-01-14,Beauty,1199.15,0.05,1139.19,Completed
O003289,C00583,2025-09-29,Sports,1685.31,0.1,1516.78,Completed
O003290,C00583,2026-05-18,Electronics,16689.92,0.1,15020.93,Completed
O003291,C00583,2026-04-17,Sports,3046.55,0.05,2894.22,Completed
O003292,C00583,2026-05-30,Grocery,1492.71,0.15,1268.8,Completed
O003293,C00584,2025-11-20,Beauty,1821.97,0.0,1821.97,Returned
O003294,C00584,2026-06-16,Home,1385.11,0.15,1177.34,Completed
O003295,C00585,2026-03-26,Beauty,1293.2,0.1,1163.88,Cancelled
O003296,C00585,2026-04-22,Grocery,696.94,0.2,557.55,Completed
O003297,C00585,2026-05-02,Grocery,518.06,0.1,466.25,Completed
O003298,C00585,2026-04-06,Home,3203.13,0.0,3203.13,Completed
O003299,C00585,2026-05-28,Electronics,5860.06,0.15,4981.05,Completed
O003300,C00585,2026-03-24,Grocery,862.66,0.0,862.66,Completed
O003301,C00585,2026-06-12,Grocery,673.08,0.1,605.77,Completed
O003302,C00585,2026-03-22,Sports,1772.34,0.15,1506.49,Completed
O003303,C00586,2026-06-30,Grocery,473.26,0.0,473.26,Completed
O003304,C00586,2026-03-19,Sports,2777.88,0.1,2500.09,Completed
O003305,C00586,2026-06-09,Beauty,1828.25,0.15,1554.01,Completed
O003306,C00586,2026-03-12,Grocery,416.82,0.1,375.14,Completed
O003307,C00586,2026-06-01,Grocery,791.4,0.15,672.69,Completed
O003308,C00586,2026-04-05,Home,1117.48,0.15,949.86,Cancelled
O003309,C00586,2026-06-11,Grocery,791.18,0.0,791.18,Completed
O003310,C00586,2026-05-12,Grocery,570.23,0.0,570.23,Completed
O003311,C00587,2026-05-15,Sports,1748.31,0.1,1573.48,Completed
O003312,C00587,2025-12-04,Grocery,695.75,0.0,695.75,Completed
O003313,C00587,2025-12-31,Beauty,2077.25,0.05,1973.39,Completed
O003314,C00587,2025-12-11,Electronics,9202.84,0.05,8742.7,Completed
O003315,C00587,2025-11-02,Electronics,6157.96,0.05,5850.06,Completed
O003316,C00587,2026-04-29,Electronics,5114.93,0.15,4347.69,Completed
O003317,C00588,2026-03-31,Grocery,670.85,0.15,570.22,Completed
O003318,C00588,2026-05-23,Sports,1260.28,0.1,1134.25,Completed
O003319,C00588,2026-02-17,Beauty,1668.95,0.1,1502.06,Completed
O003320,C00588,2026-05-06,Grocery,775.86,0.1,698.27,Completed
O003321,C00588,2026-04-01,Electronics,7090.31,0.1,6381.28,Completed
O003322,C00589,2026-03-13,Home,2818.42,0.0,2818.42,Completed
O003323,C00589,2026-04-08,Beauty,1151.31,0.0,1151.31,Completed
O003324,C00589,2025-08-28,Electronics,8397.58,0.15,7137.94,Completed
O003325,C00590,2026-02-15,Beauty,1207.51,0.15,1026.38,Completed
O003326,C00590,2026-05-28,Grocery,1248.79,0.05,1186.35,Completed
O003327,C00590,2026-02-23,Electronics,7164.38,0.15,6089.72,Completed
O003328,C00590,2025-11-08,Beauty,2746.9,0.05,2609.55,Returned
O003329,C00590,2026-03-04,Sports,885.44,0.05,841.17,Completed
O003330,C00591,2026-04-03,Grocery,1256.67,0.15,1068.17,Completed
O003331,C00591,2026-02-07,Electronics,7124.52,0.1,6412.07,Completed
O003332,C00591,2026-05-29,Home,2620.74,0.0,2620.74,Completed
O003333,C00591,2025-07-06,Beauty,1257.25,0.05,1194.39,Completed
O003334,C00591,2026-05-29,Beauty,1630.49,0.1,1467.44,Completed
O003335,C00591,2026-03-08,Sports,2877.07,0.0,2877.07,Completed
O003336,C00591,2025-11-26,Electronics,6589.43,0.1,5930.49,Completed
O003337,C00592,2026-02-06,Home,4285.09,0.05,4070.84,Completed
O003338,C00592,2025-11-14,Home,3549.01,0.05,3371.56,Completed
O003339,C00592,2026-01-28,Sports,1315.39,0.0,1315.39,Returned
O003340,C00592,2026-06-12,Grocery,642.03,0.05,609.93,Completed
O003341,C00592,2026-06-14,Beauty,1744.71,0.0,1744.71,Cancelled
O003342,C00593,2026-05-14,Sports,2965.7,0.1,2669.13,Completed
O003343,C00593,2026-01-30,Grocery,482.76,0.1,434.48,Completed
O003344,C00593,2026-04-02,Grocery,1061.64,0.05,1008.56,Completed
O003345,C00593,2026-04-06,Grocery,1289.58,0.0,1289.58,Completed
O003346,C00593,2026-06-02,Electronics,4851.85,0.2,3881.48,Cancelled
O003347,C00593,2026-03-10,Grocery,754.41,0.0,754.41,Completed
O003348,C00594,2026-01-04,Beauty,556.54,0.05,528.71,Completed
O003349,C00594,2025-04-07,Home,3470.62,0.15,2950.03,Completed
O003350,C00594,2025-11-13,Electronics,6868.63,0.15,5838.34,Completed
O003351,C00594,2026-01-12,Sports,1376.53,0.2,1101.22,Completed
O003352,C00594,2025-07-18,Grocery,525.22,0.1,472.7,Returned
O003353,C00595,2026-04-27,Sports,3250.87,0.05,3088.33,Completed
O003354,C00595,2025-09-24,Grocery,775.77,0.05,736.98,Completed
O003355,C00595,2025-08-19,Beauty,1186.36,0.15,1008.41,Completed
O003356,C00596,2026-05-04,Beauty,1797.19,0.0,1797.19,Returned
O003357,C00596,2026-05-05,Electronics,8284.2,0.0,8284.2,Completed
O003358,C00596,2026-01-13,Sports,2307.71,0.0,2307.71,Completed
O003359,C00597,2026-02-20,Sports,3097.13,0.1,2787.42,Completed
O003360,C00597,2026-03-30,Beauty,1259.89,0.0,1259.89,Returned
O003361,C00597,2026-05-24,Beauty,1092.08,0.05,1037.48,Returned
O003362,C00598,2026-02-02,Grocery,1429.7,0.1,1286.73,Completed
O003363,C00598,2026-02-24,Home,1582.29,0.1,1424.06,Returned
O003364,C00598,2026-01-06,Beauty,1658.85,0.15,1410.02,Completed
O003365,C00598,2026-06-27,Electronics,9383.05,0.05,8913.9,Completed
O003366,C00599,2026-06-19,Home,2421.49,0.0,2421.49,Returned
O003367,C00599,2026-03-23,Sports,1559.6,0.15,1325.66,Completed
O003368,C00599,2026-05-15,Electronics,986.35,0.1,887.72,Completed
O003369,C00599,2026-06-22,Sports,1940.43,0.0,1940.43,Completed
O003370,C00600,2026-03-09,Home,3130.11,0.0,3130.11,Completed
O003371,C00600,2025-10-01,Beauty,1437.28,0.1,1293.55,Completed
O003372,C00600,2026-02-28,Grocery,974.66,0.1,877.19,Completed
O003373,C00600,2025-12-01,Beauty,313.52,0.05,297.84,Completed
O003374,C00600,2025-09-07,Electronics,8436.56,0.0,8436.56,Completed
O003375,C00601,2026-02-07,Home,2757.25,0.0,2757.25,Completed
O003376,C00601,2025-09-01,Electronics,8746.15,0.0,8746.15,Completed
O003377,C00601,2026-01-09,Sports,2133.32,0.15,1813.32,Completed
O003378,C00602,2026-04-06,Electronics,5071.35,0.15,4310.65,Completed
O003379,C00602,2025-07-15,Beauty,1159.81,0.0,1159.81,Completed
O003380,C00602,2025-08-04,Grocery,1186.05,0.1,1067.44,Completed
O003381,C00602,2025-08-26,Beauty,1474.41,0.1,1326.97,Cancelled
O003382,C00603,2026-03-01,Electronics,4939.21,0.1,4445.29,Completed
O003383,C00604,2025-09-27,Grocery,554.24,0.0,554.24,Completed
O003384,C00604,2026-01-12,Electronics,7655.55,0.0,7655.55,Completed
O003385,C00604,2026-05-28,Beauty,685.94,0.0,685.94,Returned
O003386,C00604,2026-06-29,Home,4491.48,0.2,3593.18,Completed
O003387,C00604,2026-01-17,Home,3753.87,0.0,3753.87,Completed
O003388,C00605,2025-09-19,Beauty,1029.57,0.05,978.09,Completed
O003389,C00605,2025-11-01,Grocery,788.28,0.1,709.45,Completed
O003390,C00605,2025-11-23,Sports,1147.82,0.0,1147.82,Completed
O003391,C00605,2026-05-22,Electronics,8168.14,0.0,8168.14,Cancelled
O003392,C00605,2025-10-30,Home,4074.3,0.0,4074.3,Completed
O003393,C00605,2025-09-01,Beauty,1735.68,0.0,1735.68,Returned
O003394,C00606,2025-08-07,Electronics,7996.12,0.05,7596.31,Completed
O003395,C00606,2026-04-24,Grocery,1423.82,0.0,1423.82,Completed
O003396,C00606,2026-02-28,Electronics,4519.29,0.0,4519.29,Completed
O003397,C00606,2025-09-23,Grocery,1350.46,0.1,1215.41,Completed
O003398,C00607,2026-04-20,Grocery,963.33,0.0,963.33,Completed
O003399,C00607,2026-04-16,Beauty,1471.66,0.1,1324.49,Completed
O003400,C00607,2026-03-25,Beauty,1689.73,0.05,1605.24,Completed
O003401,C00607,2026-05-19,Home,2289.33,0.0,2289.33,Completed
O003402,C00607,2026-03-28,Electronics,7895.79,0.05,7501.0,Returned
O003403,C00608,2025-11-27,Grocery,786.42,0.05,747.1,Cancelled
O003404,C00608,2025-12-25,Grocery,518.29,0.2,414.63,Completed
O003405,C00608,2026-04-12,Electronics,6655.34,0.1,5989.81,Completed
O003406,C00608,2025-05-26,Electronics,6438.27,0.1,5794.44,Completed
O003407,C00608,2026-05-10,Electronics,7065.88,0.1,6359.29,Completed
O003408,C00608,2025-05-01,Sports,1994.44,0.05,1894.72,Returned
O003409,C00608,2025-03-09,Electronics,3578.61,0.0,3578.61,Completed
O003410,C00608,2026-03-25,Sports,3477.38,0.2,2781.9,Completed
O003411,C00609,2025-12-07,Grocery,1078.35,0.15,916.6,Completed
O003412,C00609,2026-06-08,Grocery,1204.57,0.0,1204.57,Completed
O003413,C00609,2026-04-02,Sports,2150.1,0.15,1827.58,Completed
O003414,C00609,2026-03-29,Beauty,1500.54,0.0,1500.54,Completed
O003415,C00609,2026-01-10,Beauty,1619.22,0.0,1619.22,Completed
O003416,C00609,2026-05-20,Home,2401.77,0.0,2401.77,Completed
O003417,C00610,2026-03-30,Grocery,378.67,0.0,378.67,Completed
O003418,C00610,2025-05-09,Sports,2133.21,0.05,2026.55,Completed
O003419,C00610,2026-01-14,Home,4964.09,0.05,4715.89,Completed
O003420,C00610,2025-05-16,Sports,1650.81,0.05,1568.27,Completed
O003421,C00610,2025-05-18,Sports,2792.76,0.0,2792.76,Completed
O003422,C00610,2025-09-04,Sports,1837.38,0.0,1837.38,Completed
O003423,C00611,2026-03-20,Home,2268.53,0.05,2155.1,Completed
O003424,C00612,2026-06-11,Home,383.82,0.1,345.44,Cancelled
O003425,C00612,2025-04-25,Grocery,1179.1,0.0,1179.1,Completed
O003426,C00612,2025-06-23,Beauty,1544.16,0.15,1312.54,Completed
O003427,C00612,2025-08-30,Home,4273.78,0.15,3632.71,Completed
O003428,C00612,2026-02-04,Beauty,178.86,0.0,178.86,Completed
O003429,C00612,2026-03-21,Beauty,946.85,0.1,852.17,Completed
O003430,C00612,2025-10-01,Sports,2228.81,0.05,2117.37,Completed
O003431,C00612,2025-02-26,Electronics,9274.88,0.0,9274.88,Cancelled
O003432,C00612,2025-10-12,Electronics,6236.89,0.0,6236.89,Completed
O003433,C00612,2025-08-09,Sports,2480.92,0.0,2480.92,Cancelled
O003434,C00612,2025-10-05,Home,3327.97,0.05,3161.57,Cancelled
O003435,C00613,2026-04-20,Beauty,994.21,0.15,845.08,Completed
O003436,C00613,2026-03-11,Grocery,682.16,0.1,613.94,Cancelled
O003437,C00613,2026-03-05,Sports,1461.99,0.05,1388.89,Completed
O003438,C00613,2026-03-06,Beauty,1118.22,0.15,950.49,Completed
O003439,C00613,2026-06-29,Electronics,8812.86,0.05,8372.22,Completed
O003440,C00613,2026-04-25,Grocery,625.71,0.05,594.42,Returned
O003441,C00614,2026-03-22,Sports,3458.65,0.05,3285.72,Completed
O003442,C00614,2026-05-27,Sports,2048.46,0.15,1741.19,Completed
O003443,C00614,2025-11-28,Grocery,604.47,0.0,604.47,Completed
O003444,C00615,2025-12-19,Grocery,1012.51,0.1,911.26,Completed
O003445,C00615,2025-11-06,Sports,2204.83,0.1,1984.35,Completed
O003446,C00615,2026-03-01,Electronics,3967.42,0.15,3372.31,Completed
O003447,C00615,2026-02-07,Home,3323.14,0.0,3323.14,Completed
O003448,C00615,2026-06-15,Sports,3201.51,0.1,2881.36,Returned
O003449,C00615,2026-03-27,Grocery,1354.75,0.1,1219.28,Completed
O003450,C00615,2026-02-08,Grocery,576.75,0.15,490.24,Completed
O003451,C00615,2025-12-15,Home,3106.24,0.0,3106.24,Returned
O003452,C00615,2025-09-25,Grocery,339.68,0.1,305.71,Completed
O003453,C00615,2026-04-23,Electronics,6028.85,0.05,5727.41,Completed
O003454,C00616,2026-05-16,Grocery,1318.0,0.15,1120.3,Completed
O003455,C00616,2026-04-13,Beauty,661.28,0.2,529.02,Completed
O003456,C00616,2026-05-07,Electronics,8566.71,0.05,8138.37,Cancelled
O003457,C00616,2026-04-08,Home,2896.12,0.2,2316.9,Completed
O003458,C00616,2026-03-04,Sports,2992.21,0.0,2992.21,Completed
O003459,C00616,2026-01-02,Grocery,516.49,0.1,464.84,Completed
O003460,C00616,2026-01-12,Grocery,493.08,0.0,493.08,Completed
O003461,C00616,2026-03-23,Beauty,1123.17,0.05,1067.01,Completed
O003462,C00617,2026-06-12,Electronics,7931.28,0.2,6345.02,Returned
O003463,C00617,2025-11-17,Home,3100.16,0.05,2945.15,Returned
O003464,C00618,2026-06-30,Home,479.42,0.0,479.42,Returned
O003465,C00618,2026-05-31,Electronics,11343.83,0.05,10776.64,Completed
O003466,C00618,2026-06-22,Home,2943.38,0.05,2796.21,Completed
O003467,C00618,2026-06-10,Home,3279.35,0.0,3279.35,Returned
O003468,C00618,2026-05-14,Grocery,837.62,0.0,837.62,Completed
O003469,C00619,2026-03-04,Sports,3091.27,0.1,2782.14,Completed
O003470,C00619,2026-05-22,Home,2462.05,0.15,2092.74,Completed
O003471,C00619,2026-01-19,Beauty,1748.45,0.0,1748.45,Completed
O003472,C00619,2026-03-08,Grocery,717.58,0.05,681.7,Completed
O003473,C00619,2026-03-10,Sports,2320.41,0.1,2088.37,Completed
O003474,C00619,2026-03-31,Electronics,3869.1,0.15,3288.73,Completed
O003475,C00619,2025-10-10,Grocery,636.9,0.0,636.9,Completed
O003476,C00620,2026-05-27,Sports,3680.7,0.1,3312.63,Completed
O003477,C00620,2025-11-12,Beauty,1622.48,0.0,1622.48,Returned
O003478,C00620,2025-10-09,Beauty,2241.25,0.1,2017.12,Completed
O003479,C00621,2026-06-24,Grocery,1273.27,0.1,1145.94,Completed
O003480,C00621,2025-11-19,Electronics,10634.38,0.0,10634.38,Completed
O003481,C00621,2026-05-05,Grocery,583.63,0.0,583.63,Completed
O003482,C00621,2026-06-04,Beauty,1199.64,0.15,1019.69,Completed
O003483,C00622,2025-09-21,Beauty,1574.42,0.2,1259.54,Completed
O003484,C00622,2025-08-11,Home,5043.95,0.15,4287.36,Completed
O003485,C00622,2026-03-05,Grocery,1181.8,0.0,1181.8,Returned
O003486,C00622,2026-02-13,Beauty,1194.59,0.05,1134.86,Returned
O003487,C00622,2026-02-07,Sports,3162.42,0.05,3004.3,Completed
O003488,C00622,2026-02-07,Sports,1472.67,0.05,1399.04,Cancelled
O003489,C00623,2026-04-05,Home,2511.44,0.0,2511.44,Returned
O003490,C00623,2026-05-05,Home,3339.6,0.15,2838.66,Completed
O003491,C00623,2026-03-18,Home,2993.76,0.0,2993.76,Completed
O003492,C00623,2026-01-04,Grocery,940.61,0.05,893.58,Completed
O003493,C00623,2026-02-23,Beauty,2342.78,0.0,2342.78,Completed
O003494,C00624,2025-12-19,Home,2731.88,0.15,2322.1,Completed
O003495,C00624,2025-10-14,Home,605.0,0.1,544.5,Completed
O003496,C00625,2025-12-14,Electronics,3216.91,0.0,3216.91,Completed
O003497,C00625,2025-11-12,Electronics,3776.45,0.15,3209.98,Completed
O003498,C00625,2025-12-19,Sports,3488.2,0.0,3488.2,Completed
O003499,C00625,2026-05-18,Home,4247.83,0.0,4247.83,Returned
O003500,C00625,2025-11-19,Home,3790.88,0.0,3790.88,Completed
O003501,C00626,2026-04-04,Sports,1340.85,0.15,1139.72,Completed
O003502,C00626,2026-04-14,Grocery,1249.41,0.0,1249.41,Completed
O003503,C00626,2025-08-06,Sports,2228.64,0.0,2228.64,Completed
O003504,C00626,2026-04-13,Grocery,463.19,0.0,463.19,Completed
O003505,C00626,2026-05-09,Sports,2386.39,0.2,1909.11,Completed
O003506,C00626,2026-02-01,Home,2838.28,0.1,2554.45,Completed
O003507,C00627,2025-12-22,Sports,1054.04,0.05,1001.34,Completed
O003508,C00627,2026-04-08,Electronics,6955.21,0.05,6607.45,Completed
O003509,C00628,2026-06-23,Sports,1119.74,0.0,1119.74,Completed
O003510,C00628,2026-03-28,Grocery,1306.89,0.0,1306.89,Completed
O003511,C00628,2026-04-05,Sports,2775.96,0.0,2775.96,Completed
O003512,C00628,2026-06-15,Grocery,512.93,0.15,435.99,Completed
O003513,C00628,2026-04-30,Electronics,7576.85,0.0,7576.85,Completed
O003514,C00628,2026-02-05,Grocery,831.71,0.2,665.37,Completed
O003515,C00628,2026-05-30,Beauty,2397.66,0.1,2157.89,Completed
O003516,C00628,2026-02-24,Grocery,768.68,0.0,768.68,Completed
O003517,C00628,2026-05-30,Electronics,11576.65,0.1,10418.98,Completed
O003518,C00629,2025-06-12,Grocery,788.97,0.1,710.07,Completed
O003519,C00629,2025-10-31,Sports,2299.12,0.15,1954.25,Completed
O003520,C00629,2025-04-08,Grocery,510.87,0.1,459.78,Completed
O003521,C00631,2026-02-28,Electronics,9771.52,0.15,8305.79,Completed
O003522,C00631,2025-08-25,Sports,2253.03,0.0,2253.03,Completed
O003523,C00631,2026-03-10,Electronics,8065.85,0.15,6855.97,Completed
O003524,C00631,2026-04-07,Grocery,638.27,0.05,606.36,Completed
O003525,C00631,2026-06-04,Grocery,622.05,0.2,497.64,Completed
O003526,C00631,2025-09-28,Grocery,1073.15,0.0,1073.15,Completed
O003527,C00632,2025-02-28,Beauty,1604.1,0.1,1443.69,Completed
O003528,C00632,2025-01-16,Sports,2351.97,0.0,2351.97,Completed
O003529,C00632,2026-04-14,Grocery,1460.59,0.2,1168.47,Completed
O003530,C00632,2026-04-30,Grocery,1075.14,0.0,1075.14,Completed
O003531,C00632,2025-12-10,Sports,1731.5,0.1,1558.35,Completed
O003532,C00632,2026-01-01,Beauty,1599.21,0.05,1519.25,Completed
O003533,C00632,2025-10-28,Home,3039.57,0.15,2583.63,Completed
O003534,C00632,2025-02-10,Grocery,1227.23,0.0,1227.23,Completed
O003535,C00632,2025-11-12,Grocery,926.93,0.05,880.58,Completed
O003536,C00633,2026-04-21,Electronics,6069.89,0.0,6069.89,Completed
O003537,C00633,2026-06-15,Grocery,909.47,0.0,909.47,Completed
O003538,C00634,2026-04-02,Grocery,507.67,0.0,507.67,Completed
O003539,C00634,2026-03-03,Beauty,1908.61,0.05,1813.18,Completed
O003540,C00634,2026-02-24,Beauty,1531.67,0.0,1531.67,Completed
O003541,C00634,2026-06-22,Electronics,4675.78,0.0,4675.78,Completed
O003542,C00634,2026-03-22,Grocery,1071.06,0.05,1017.51,Completed
O003543,C00634,2026-03-09,Beauty,1612.92,0.0,1612.92,Completed
O003544,C00634,2026-04-23,Home,3994.06,0.2,3195.25,Returned
O003545,C00634,2026-04-30,Beauty,1209.1,0.1,1088.19,Completed
O003546,C00634,2026-04-24,Electronics,8165.17,0.1,7348.65,Completed
O003547,C00635,2025-08-27,Grocery,638.5,0.0,638.5,Completed
O003548,C00635,2025-09-28,Grocery,1519.3,0.1,1367.37,Completed
O003549,C00635,2025-09-16,Sports,2688.24,0.0,2688.24,Completed
O003550,C00636,2026-01-26,Home,1825.09,0.05,1733.84,Completed
O003551,C00636,2025-10-07,Home,2345.23,0.0,2345.23,Completed
O003552,C00636,2026-05-24,Home,2339.06,0.0,2339.06,Completed
O003553,C00637,2026-06-27,Grocery,474.41,0.05,450.69,Cancelled
O003554,C00637,2025-12-13,Beauty,989.16,0.0,989.16,Completed
O003555,C00638,2025-11-24,Home,3278.63,0.05,3114.7,Completed
O003556,C00638,2025-12-29,Sports,1321.08,0.0,1321.08,Completed
O003557,C00638,2026-05-11,Sports,1178.69,0.0,1178.69,Completed
O003558,C00638,2026-02-10,Sports,2531.51,0.1,2278.36,Completed
O003559,C00638,2026-01-05,Home,2333.25,0.15,1983.26,Completed
O003560,C00638,2026-04-06,Electronics,8333.41,0.05,7916.74,Completed
O003561,C00638,2026-02-24,Electronics,4005.15,0.0,4005.15,Completed
O003562,C00638,2025-11-07,Home,1601.85,0.0,1601.85,Completed
O003563,C00639,2026-05-11,Sports,1980.27,0.0,1980.27,Returned
O003564,C00639,2026-05-17,Beauty,1510.34,0.15,1283.79,Completed
O003565,C00639,2026-05-17,Grocery,1382.84,0.1,1244.56,Completed
O003566,C00639,2026-01-13,Sports,3356.69,0.0,3356.69,Completed
O003567,C00639,2026-04-03,Sports,1517.51,0.0,1517.51,Completed
O003568,C00639,2026-01-28,Home,2430.83,0.2,1944.66,Completed
O003569,C00639,2026-06-14,Sports,2582.98,0.15,2195.53,Completed
O003570,C00640,2025-04-06,Beauty,1416.04,0.1,1274.44,Completed
O003571,C00640,2026-05-13,Sports,3189.76,0.0,3189.76,Completed
O003572,C00640,2025-10-12,Beauty,1938.03,0.05,1841.13,Completed
O003573,C00641,2026-01-10,Electronics,7475.57,0.0,7475.57,Completed
O003574,C00641,2025-06-02,Grocery,956.0,0.0,956.0,Completed
O003575,C00641,2026-03-06,Beauty,1079.76,0.15,917.8,Completed
O003576,C00641,2026-06-20,Sports,2092.47,0.0,2092.47,Completed
O003577,C00641,2026-02-20,Beauty,1212.77,0.0,1212.77,Completed
O003578,C00641,2025-10-02,Beauty,517.91,0.1,466.12,Completed
O003579,C00641,2025-08-28,Electronics,7090.84,0.15,6027.21,Completed
O003580,C00641,2025-08-22,Grocery,314.94,0.0,314.94,Completed
O003581,C00641,2025-10-31,Sports,1274.46,0.1,1147.01,Completed
O003582,C00642,2026-03-16,Grocery,1082.52,0.05,1028.39,Completed
O003583,C00642,2026-03-04,Grocery,1240.32,0.0,1240.32,Completed
O003584,C00642,2026-04-10,Home,2457.04,0.0,2457.04,Completed
O003585,C00643,2025-12-12,Grocery,1048.35,0.05,995.93,Completed
O003586,C00643,2025-07-10,Electronics,8172.04,0.0,8172.04,Completed
O003587,C00643,2025-08-08,Electronics,7491.78,0.15,6368.01,Completed
O003588,C00643,2026-01-31,Electronics,8018.3,0.15,6815.56,Completed
O003589,C00644,2026-06-02,Electronics,6768.1,0.1,6091.29,Completed
O003590,C00644,2026-04-23,Beauty,890.42,0.05,845.9,Completed
O003591,C00644,2025-12-28,Beauty,1623.36,0.0,1623.36,Completed
O003592,C00645,2026-01-18,Home,2255.07,0.0,2255.07,Completed
O003593,C00645,2025-09-29,Electronics,5118.74,0.0,5118.74,Completed
O003594,C00645,2025-10-29,Electronics,8726.0,0.0,8726.0,Completed
O003595,C00645,2026-01-01,Grocery,678.78,0.0,678.78,Returned
O003596,C00645,2025-11-13,Electronics,14590.94,0.0,14590.94,Completed
O003597,C00645,2025-10-26,Grocery,1182.97,0.1,1064.67,Completed
O003598,C00646,2025-05-22,Sports,1975.94,0.15,1679.55,Completed
O003599,C00646,2026-02-16,Grocery,1333.75,0.05,1267.06,Completed
O003600,C00646,2026-05-02,Home,2013.24,0.0,2013.24,Completed
O003601,C00646,2026-06-18,Electronics,6630.27,0.05,6298.76,Completed
O003602,C00646,2026-03-08,Home,3302.99,0.0,3302.99,Completed
O003603,C00646,2025-07-24,Beauty,1212.54,0.0,1212.54,Completed
O003604,C00646,2025-11-11,Electronics,2616.85,0.1,2355.16,Returned
O003605,C00646,2026-02-07,Sports,2327.0,0.0,2327.0,Completed
O003606,C00646,2025-08-05,Sports,2670.07,0.0,2670.07,Completed
O003607,C00646,2026-03-06,Beauty,1754.26,0.2,1403.41,Completed
O003608,C00646,2025-07-26,Home,3676.35,0.1,3308.72,Completed
O003609,C00647,2026-02-08,Beauty,1143.39,0.15,971.88,Completed
O003610,C00647,2026-02-05,Sports,2763.39,0.1,2487.05,Completed
O003611,C00647,2026-04-30,Beauty,1190.78,0.1,1071.7,Completed
O003612,C00647,2026-02-05,Beauty,860.99,0.0,860.99,Completed
O003613,C00648,2026-05-07,Home,2982.21,0.0,2982.21,Completed
O003614,C00648,2026-05-30,Electronics,4358.56,0.15,3704.78,Completed
O003615,C00649,2025-12-25,Home,2929.13,0.0,2929.13,Completed
O003616,C00649,2026-02-24,Sports,3041.06,0.15,2584.9,Completed
O003617,C00649,2025-07-18,Sports,3081.39,0.0,3081.39,Returned
O003618,C00649,2025-06-12,Home,2765.05,0.15,2350.29,Completed
O003619,C00649,2026-01-19,Sports,2340.03,0.1,2106.03,Completed
O003620,C00650,2025-09-24,Grocery,1315.62,0.0,1315.62,Completed
O003621,C00650,2026-04-30,Electronics,9671.82,0.0,9671.82,Completed
O003622,C00650,2026-01-17,Beauty,1072.42,0.0,1072.42,Completed
O003623,C00650,2025-07-27,Electronics,9786.35,0.0,9786.35,Completed
O003624,C00650,2025-07-12,Electronics,10090.72,0.15,8577.11,Completed
O003625,C00652,2026-01-04,Beauty,161.16,0.05,153.1,Completed
O003626,C00652,2026-04-19,Sports,1376.79,0.15,1170.27,Completed
O003627,C00652,2025-03-27,Sports,2398.34,0.0,2398.34,Completed
O003628,C00653,2026-05-09,Electronics,3540.83,0.1,3186.75,Completed
O003629,C00653,2026-06-28,Electronics,8209.16,0.15,6977.79,Cancelled
O003630,C00653,2026-06-11,Sports,2427.1,0.2,1941.68,Completed
O003631,C00653,2026-05-17,Home,2466.98,0.0,2466.98,Completed
O003632,C00653,2026-06-13,Beauty,1489.25,0.05,1414.79,Completed
O003633,C00654,2026-06-04,Grocery,611.46,0.0,611.46,Completed
O003634,C00654,2026-04-15,Grocery,883.6,0.05,839.42,Completed
O003635,C00654,2026-06-16,Sports,2548.56,0.15,2166.28,Completed
O003636,C00654,2026-06-09,Sports,1868.56,0.15,1588.28,Completed
O003637,C00654,2026-04-23,Grocery,1189.8,0.0,1189.8,Completed
O003638,C00654,2026-05-13,Electronics,8568.43,0.0,8568.43,Completed
O003639,C00654,2026-06-03,Sports,1100.92,0.05,1045.87,Completed
O003640,C00654,2026-04-30,Grocery,1066.49,0.2,853.19,Completed
O003641,C00656,2026-06-16,Beauty,1265.93,0.05,1202.63,Completed
O003642,C00656,2026-03-04,Beauty,1483.91,0.2,1187.13,Completed
O003643,C00656,2026-04-08,Electronics,5477.88,0.0,5477.88,Completed
O003644,C00656,2025-10-31,Beauty,925.64,0.0,925.64,Completed
O003645,C00656,2026-06-15,Beauty,1480.34,0.0,1480.34,Completed
O003646,C00657,2025-06-17,Sports,2516.05,0.1,2264.45,Completed
O003647,C00657,2026-05-31,Beauty,1832.03,0.1,1648.83,Completed
O003648,C00657,2026-04-03,Home,3354.95,0.0,3354.95,Completed
O003649,C00657,2025-08-05,Grocery,483.81,0.15,411.24,Completed
O003650,C00657,2025-05-27,Sports,2959.62,0.0,2959.62,Completed
O003651,C00657,2026-04-10,Home,3743.36,0.0,3743.36,Completed
O003652,C00657,2025-10-07,Sports,2232.37,0.0,2232.37,Cancelled
O003653,C00658,2026-06-26,Electronics,5011.14,0.0,5011.14,Completed
O003654,C00658,2026-06-09,Beauty,1708.44,0.05,1623.02,Completed
O003655,C00658,2026-05-31,Electronics,1986.11,0.0,1986.11,Completed
O003656,C00658,2026-06-25,Sports,2606.04,0.05,2475.74,Completed
O003657,C00658,2026-06-16,Home,3492.84,0.1,3143.56,Completed
O003658,C00658,2026-05-08,Electronics,7068.13,0.15,6007.91,Cancelled
O003659,C00658,2026-05-12,Electronics,7622.15,0.05,7241.04,Completed
O003660,C00658,2026-06-15,Grocery,890.9,0.0,890.9,Completed
O003661,C00658,2026-05-15,Sports,1934.24,0.0,1934.24,Completed
O003662,C00659,2026-05-05,Electronics,5963.02,0.0,5963.02,Completed
O003663,C00659,2026-06-13,Beauty,2175.61,0.0,2175.61,Completed
O003664,C00659,2026-06-02,Grocery,1018.18,0.0,1018.18,Completed
O003665,C00659,2026-05-21,Electronics,7489.56,0.05,7115.08,Completed
O003666,C00659,2026-02-04,Beauty,1336.74,0.05,1269.9,Completed
O003667,C00659,2026-02-09,Beauty,1162.76,0.05,1104.62,Completed
O003668,C00660,2025-10-30,Sports,3270.29,0.05,3106.78,Cancelled
O003669,C00660,2025-12-08,Home,1486.8,0.0,1486.8,Completed
O003670,C00660,2026-05-31,Grocery,930.65,0.15,791.05,Cancelled
O003671,C00661,2026-05-08,Grocery,786.84,0.15,668.81,Returned
O003672,C00661,2026-05-18,Electronics,5180.17,0.05,4921.16,Completed
O003673,C00661,2026-04-23,Home,2999.89,0.05,2849.9,Completed
O003674,C00661,2026-06-20,Electronics,7480.51,0.05,7106.48,Completed
O003675,C00661,2026-06-18,Grocery,634.78,0.0,634.78,Completed
O003676,C00661,2026-04-24,Home,2364.72,0.0,2364.72,Completed
O003677,C00661,2026-05-05,Electronics,6702.64,0.05,6367.51,Completed
O003678,C00662,2025-06-25,Electronics,5620.29,0.0,5620.29,Completed
O003679,C00662,2025-09-02,Electronics,11270.96,0.1,10143.86,Completed
O003680,C00662,2025-11-17,Grocery,995.32,0.0,995.32,Completed
O003681,C00662,2025-06-24,Grocery,647.04,0.05,614.69,Completed
O003682,C00662,2025-04-30,Electronics,10264.02,0.05,9750.82,Completed
O003683,C00662,2025-05-26,Sports,775.96,0.1,698.36,Completed
O003684,C00663,2026-05-23,Grocery,800.24,0.0,800.24,Completed
O003685,C00663,2025-11-12,Electronics,8924.94,0.15,7586.2,Completed
O003686,C00663,2025-11-03,Sports,1534.48,0.1,1381.03,Completed
O003687,C00663,2026-01-11,Sports,2439.7,0.1,2195.73,Completed
O003688,C00664,2025-12-14,Electronics,4687.91,0.05,4453.51,Completed
O003689,C00664,2025-06-05,Beauty,2201.69,0.05,2091.61,Completed
O003690,C00664,2025-08-22,Electronics,8372.0,0.05,7953.4,Completed
O003691,C00664,2025-07-12,Beauty,1910.14,0.2,1528.11,Completed
O003692,C00665,2025-07-02,Electronics,7985.59,0.15,6787.75,Completed
O003693,C00665,2025-10-18,Home,4016.12,0.0,4016.12,Completed
O003694,C00665,2026-06-22,Sports,2851.69,0.0,2851.69,Completed
O003695,C00665,2025-08-25,Beauty,683.08,0.15,580.62,Completed
O003696,C00665,2026-03-10,Home,3038.75,0.1,2734.88,Completed
O003697,C00665,2026-01-10,Home,1704.46,0.0,1704.46,Completed
O003698,C00665,2026-03-24,Electronics,4716.15,0.05,4480.34,Completed
O003699,C00666,2026-03-17,Electronics,7315.71,0.05,6949.92,Completed
O003700,C00666,2026-06-09,Grocery,771.32,0.1,694.19,Completed
O003701,C00666,2026-04-17,Home,1027.82,0.1,925.04,Returned
O003702,C00666,2026-03-02,Sports,2092.57,0.0,2092.57,Completed
O003703,C00666,2026-03-10,Electronics,4868.18,0.05,4624.77,Completed
O003704,C00666,2026-02-28,Home,3447.05,0.1,3102.34,Completed
O003705,C00666,2026-06-26,Electronics,4964.29,0.1,4467.86,Completed
O003706,C00667,2026-02-03,Sports,3122.07,0.15,2653.76,Completed
O003707,C00667,2026-05-12,Home,2674.56,0.0,2674.56,Completed
O003708,C00667,2025-12-25,Home,2053.77,0.15,1745.7,Cancelled
O003709,C00667,2026-01-27,Grocery,1359.53,0.15,1155.6,Completed
O003710,C00667,2026-04-29,Sports,2021.81,0.0,2021.81,Completed
O003711,C00667,2026-01-11,Home,3607.6,0.0,3607.6,Completed
O003712,C00667,2025-09-30,Grocery,995.49,0.2,796.39,Completed
O003713,C00667,2025-12-12,Sports,1942.78,0.05,1845.64,Completed
O003714,C00667,2025-10-26,Beauty,763.62,0.0,763.62,Returned
O003715,C00668,2026-01-01,Sports,823.9,0.0,823.9,Completed
O003716,C00668,2025-07-09,Grocery,582.31,0.1,524.08,Completed
O003717,C00668,2025-11-04,Home,2236.7,0.1,2013.03,Completed
O003718,C00668,2025-09-05,Grocery,1303.08,0.05,1237.93,Completed
O003719,C00668,2025-08-24,Grocery,758.04,0.1,682.24,Returned
O003720,C00669,2026-02-25,Grocery,1611.77,0.1,1450.59,Completed
O003721,C00669,2026-04-03,Home,2298.37,0.05,2183.45,Completed
O003722,C00669,2026-03-23,Home,4315.19,0.0,4315.19,Completed
O003723,C00669,2026-02-03,Electronics,12562.0,0.1,11305.8,Cancelled
O003724,C00669,2026-01-13,Electronics,10764.32,0.0,10764.32,Completed
O003725,C00669,2026-06-16,Home,2914.7,0.05,2768.96,Completed
O003726,C00669,2026-05-19,Sports,2387.75,0.05,2268.36,Completed
O003727,C00670,2026-06-25,Home,2618.03,0.15,2225.33,Completed
O003728,C00670,2025-07-14,Electronics,2934.97,0.0,2934.97,Completed
O003729,C00670,2025-03-28,Beauty,1333.39,0.05,1266.72,Completed
O003730,C00670,2025-11-19,Home,3568.85,0.05,3390.41,Completed
O003731,C00670,2026-04-22,Beauty,1955.7,0.0,1955.7,Completed
O003732,C00670,2026-01-09,Grocery,1204.77,0.15,1024.05,Returned
O003733,C00671,2026-05-18,Electronics,5637.81,0.05,5355.92,Completed
O003734,C00671,2025-11-20,Electronics,8342.25,0.15,7090.91,Completed
O003735,C00671,2026-06-30,Home,3050.45,0.05,2897.93,Completed
O003736,C00671,2025-12-17,Electronics,8450.34,0.0,8450.34,Completed
O003737,C00672,2026-05-31,Grocery,812.66,0.1,731.39,Completed
O003738,C00672,2026-05-07,Electronics,7027.97,0.05,6676.57,Completed
O003739,C00672,2026-06-26,Home,4900.68,0.0,4900.68,Completed
O003740,C00672,2026-06-15,Sports,2439.42,0.15,2073.51,Completed
O003741,C00672,2026-06-06,Grocery,943.06,0.15,801.6,Completed
O003742,C00672,2026-05-20,Sports,2158.45,0.0,2158.45,Cancelled
O003743,C00672,2026-05-12,Beauty,1745.59,0.0,1745.59,Completed
O003744,C00672,2026-05-14,Electronics,8165.13,0.2,6532.1,Completed
O003745,C00672,2026-05-20,Home,3898.73,0.0,3898.73,Completed
O003746,C00672,2026-05-06,Home,2469.86,0.05,2346.37,Completed
O003747,C00672,2026-06-16,Sports,1427.14,0.0,1427.14,Completed
O003748,C00672,2026-06-24,Home,2147.55,0.15,1825.42,Completed
O003749,C00672,2026-05-24,Home,1986.74,0.15,1688.73,Cancelled
O003750,C00672,2026-05-04,Sports,1821.25,0.0,1821.25,Completed
O003751,C00673,2026-06-30,Sports,2613.36,0.05,2482.69,Completed
O003752,C00673,2026-02-14,Sports,3474.07,0.05,3300.37,Completed
O003753,C00673,2026-03-10,Home,5834.76,0.0,5834.76,Returned
O003754,C00673,2026-05-28,Home,1262.03,0.0,1262.03,Completed
O003755,C00673,2026-05-11,Beauty,1461.13,0.0,1461.13,Completed
O003756,C00673,2026-03-07,Sports,1273.93,0.0,1273.93,Completed
O003757,C00674,2025-07-22,Beauty,1381.3,0.0,1381.3,Completed
O003758,C00674,2025-10-08,Home,3552.75,0.15,3019.84,Completed
O003759,C00674,2025-12-14,Home,1406.76,0.15,1195.75,Completed
O003760,C00674,2025-02-06,Grocery,279.22,0.0,279.22,Completed
O003761,C00674,2025-03-07,Beauty,1027.51,0.0,1027.51,Completed
O003762,C00675,2026-04-21,Electronics,4527.75,0.0,4527.75,Completed
O003763,C00675,2026-06-02,Sports,2557.71,0.0,2557.71,Completed
O003764,C00675,2026-05-27,Home,3768.56,0.0,3768.56,Completed
O003765,C00675,2026-05-17,Home,698.88,0.0,698.88,Completed
O003766,C00676,2026-02-09,Grocery,1715.97,0.1,1544.37,Completed
O003767,C00676,2026-01-05,Grocery,1060.87,0.05,1007.83,Completed
O003768,C00676,2026-01-08,Grocery,1019.07,0.0,1019.07,Completed
O003769,C00676,2026-04-16,Home,1711.6,0.15,1454.86,Completed
O003770,C00676,2025-12-18,Sports,1824.33,0.1,1641.9,Returned
O003771,C00676,2026-04-08,Sports,2536.86,0.0,2536.86,Returned
O003772,C00676,2026-01-20,Grocery,759.41,0.1,683.47,Completed
O003773,C00676,2026-03-27,Sports,2323.06,0.15,1974.6,Completed
O003774,C00676,2026-02-05,Electronics,4677.06,0.0,4677.06,Returned
O003775,C00677,2026-05-09,Sports,1696.0,0.0,1696.0,Completed
O003776,C00678,2026-06-05,Home,3115.92,0.05,2960.12,Completed
O003777,C00678,2026-01-31,Beauty,2395.62,0.15,2036.28,Completed
O003778,C00678,2026-03-20,Grocery,1112.81,0.0,1112.81,Returned
O003779,C00679,2025-10-09,Grocery,1124.94,0.05,1068.69,Completed
O003780,C00679,2025-09-02,Grocery,1040.84,0.15,884.71,Completed
O003781,C00679,2025-06-20,Sports,2572.93,0.1,2315.64,Completed
O003782,C00679,2025-07-10,Electronics,5003.98,0.15,4253.38,Completed
O003783,C00679,2026-02-13,Grocery,882.43,0.1,794.19,Completed
O003784,C00679,2025-07-05,Sports,3324.28,0.0,3324.28,Completed
O003785,C00679,2026-03-16,Sports,1523.68,0.1,1371.31,Completed
O003786,C00679,2026-02-18,Electronics,10885.49,0.05,10341.22,Cancelled
O003787,C00679,2026-02-04,Sports,2801.63,0.05,2661.55,Completed
O003788,C00679,2025-10-19,Electronics,4382.95,0.0,4382.95,Completed
O003789,C00679,2026-03-30,Electronics,8879.91,0.05,8435.91,Completed
O003790,C00679,2026-06-07,Sports,3653.85,0.05,3471.16,Completed
O003791,C00679,2025-10-07,Home,2483.55,0.1,2235.2,Cancelled
O003792,C00679,2025-12-18,Beauty,805.56,0.2,644.45,Returned
O003793,C00679,2025-10-18,Electronics,5827.78,0.05,5536.39,Completed
O003794,C00680,2025-07-08,Sports,2899.75,0.05,2754.76,Completed
O003795,C00680,2026-06-07,Beauty,1212.03,0.15,1030.23,Returned
O003796,C00680,2025-09-20,Sports,2398.66,0.15,2038.86,Completed
O003797,C00681,2026-05-27,Grocery,1341.7,0.15,1140.44,Completed
O003798,C00681,2026-01-07,Sports,2529.76,0.1,2276.78,Completed
O003799,C00682,2026-02-19,Home,2779.16,0.15,2362.29,Completed
O003800,C00682,2026-06-22,Sports,2842.66,0.15,2416.26,Completed
O003801,C00682,2025-09-29,Beauty,1656.01,0.15,1407.61,Completed
O003802,C00682,2026-05-13,Sports,1929.05,0.05,1832.6,Completed
O003803,C00683,2026-05-18,Electronics,150.0,0.0,150.0,Completed
O003804,C00683,2026-04-09,Electronics,9790.96,0.05,9301.41,Returned
O003805,C00683,2025-12-06,Beauty,892.94,0.0,892.94,Completed
O003806,C00684,2026-05-12,Electronics,7341.13,0.0,7341.13,Completed
O003807,C00684,2026-03-13,Sports,2345.28,0.2,1876.22,Completed
O003808,C00684,2026-03-07,Grocery,1195.79,0.2,956.63,Completed
O003809,C00684,2026-05-15,Grocery,1095.61,0.0,1095.61,Returned
O003810,C00685,2025-12-20,Electronics,12740.58,0.1,11466.52,Completed
O003811,C00685,2026-02-23,Electronics,2063.57,0.05,1960.39,Completed
O003812,C00685,2026-05-26,Beauty,1398.35,0.0,1398.35,Completed
O003813,C00686,2025-06-02,Electronics,7487.96,0.0,7487.96,Completed
O003814,C00686,2025-11-19,Beauty,1525.52,0.1,1372.97,Cancelled
O003815,C00686,2025-12-31,Grocery,634.86,0.05,603.12,Completed
O003816,C00686,2025-05-27,Beauty,1878.57,0.15,1596.78,Completed
O003817,C00686,2025-11-10,Home,1247.27,0.15,1060.18,Completed
O003818,C00686,2026-04-03,Grocery,1097.33,0.2,877.86,Completed
O003819,C00686,2026-05-02,Electronics,7546.56,0.0,7546.56,Cancelled
O003820,C00686,2026-02-18,Home,3262.47,0.0,3262.47,Completed
O003821,C00687,2025-11-29,Beauty,936.72,0.1,843.05,Completed
O003822,C00687,2026-01-20,Grocery,1407.17,0.1,1266.45,Completed
O003823,C00687,2025-11-17,Sports,2296.08,0.1,2066.47,Returned
O003824,C00687,2026-01-05,Home,3052.7,0.1,2747.43,Completed
O003825,C00687,2026-03-03,Beauty,1586.12,0.05,1506.81,Completed
O003826,C00687,2026-02-03,Grocery,1078.7,0.15,916.9,Cancelled
O003827,C00687,2026-04-24,Beauty,1338.19,0.05,1271.28,Completed
O003828,C00687,2025-10-17,Electronics,7243.18,0.0,7243.18,Returned
O003829,C00687,2026-03-29,Beauty,2041.4,0.1,1837.26,Completed
O003830,C00687,2026-05-09,Sports,1036.59,0.0,1036.59,Completed
O003831,C00687,2026-06-03,Grocery,244.71,0.2,195.77,Completed
O003832,C00687,2025-11-21,Sports,1587.72,0.05,1508.33,Completed
O003833,C00688,2026-02-07,Grocery,690.54,0.1,621.49,Completed
O003834,C00688,2026-01-22,Grocery,414.01,0.1,372.61,Completed
O003835,C00688,2026-05-15,Beauty,1997.77,0.0,1997.77,Completed
O003836,C00688,2025-09-28,Grocery,1126.91,0.15,957.87,Completed
O003837,C00688,2025-08-16,Electronics,9815.67,0.0,9815.67,Completed
O003838,C00689,2026-04-05,Sports,2728.44,0.05,2592.02,Completed
O003839,C00689,2026-03-10,Electronics,6312.44,0.1,5681.2,Completed
O003840,C00689,2026-05-27,Home,3473.4,0.05,3299.73,Completed
O003841,C00690,2026-05-04,Electronics,9497.94,0.05,9023.04,Returned
O003842,C00690,2026-03-19,Home,2624.07,0.1,2361.66,Completed
O003843,C00690,2026-05-01,Electronics,3042.83,0.2,2434.26,Completed
O003844,C00690,2026-03-29,Sports,1923.85,0.1,1731.46,Completed
O003845,C00690,2026-03-30,Home,1669.11,0.1,1502.2,Completed
O003846,C00690,2026-02-25,Beauty,787.6,0.05,748.22,Completed
O003847,C00691,2026-04-06,Grocery,450.58,0.2,360.46,Completed
O003848,C00691,2026-01-23,Sports,1829.71,0.2,1463.77,Completed
O003849,C00691,2026-03-19,Sports,2231.14,0.0,2231.14,Returned
O003850,C00691,2026-04-13,Electronics,3040.3,0.15,2584.26,Completed
O003851,C00691,2026-03-05,Home,4115.8,0.2,3292.64,Completed
O003852,C00692,2025-10-14,Electronics,10702.08,0.1,9631.87,Completed
O003853,C00692,2026-01-08,Grocery,900.2,0.0,900.2,Completed
O003854,C00692,2026-03-02,Sports,2152.04,0.0,2152.04,Completed
O003855,C00692,2026-03-06,Beauty,1003.19,0.15,852.71,Completed
O003856,C00692,2026-05-18,Grocery,484.01,0.0,484.01,Completed
O003857,C00692,2026-06-10,Grocery,1606.88,0.0,1606.88,Completed
O003858,C00692,2026-04-27,Sports,2256.27,0.0,2256.27,Completed
O003859,C00693,2025-10-25,Grocery,862.01,0.05,818.91,Completed
O003860,C00693,2025-07-29,Beauty,900.27,0.0,900.27,Completed
O003861,C00693,2025-08-18,Beauty,1728.59,0.05,1642.16,Completed
O003862,C00693,2025-09-16,Sports,1322.94,0.05,1256.79,Completed
O003863,C00693,2025-11-29,Beauty,1618.04,0.0,1618.04,Completed
O003864,C00693,2026-06-21,Electronics,8045.3,0.0,8045.3,Completed
O003865,C00693,2025-08-06,Beauty,1563.17,0.05,1485.01,Completed
O003866,C00694,2026-01-20,Sports,2177.18,0.05,2068.32,Completed
O003867,C00694,2025-11-21,Grocery,201.09,0.0,201.09,Completed
O003868,C00694,2025-11-18,Grocery,851.58,0.1,766.42,Completed
O003869,C00694,2026-01-21,Home,3120.1,0.0,3120.1,Completed
O003870,C00694,2025-11-25,Home,2458.27,0.15,2089.53,Completed
O003871,C00694,2025-11-18,Home,2353.02,0.05,2235.37,Completed
O003872,C00694,2025-10-26,Electronics,5575.84,0.2,4460.67,Completed
O003873,C00694,2026-02-06,Grocery,1010.93,0.15,859.29,Completed
O003874,C00694,2025-10-31,Sports,2612.5,0.15,2220.62,Completed
O003875,C00695,2025-12-27,Beauty,1897.54,0.05,1802.66,Completed
O003876,C00695,2025-11-18,Home,758.94,0.0,758.94,Completed
O003877,C00695,2026-05-30,Electronics,8523.76,0.15,7245.2,Completed
O003878,C00695,2026-01-25,Beauty,1452.39,0.0,1452.39,Completed
O003879,C00695,2025-10-30,Beauty,1203.93,0.05,1143.73,Completed
O003880,C00696,2026-03-31,Grocery,823.79,0.0,823.79,Completed
O003881,C00696,2026-01-17,Grocery,518.86,0.05,492.92,Completed
O003882,C00696,2026-02-22,Electronics,6238.86,0.1,5614.97,Completed
O003883,C00696,2025-12-13,Sports,1238.59,0.0,1238.59,Completed
O003884,C00696,2026-04-13,Home,3002.68,0.1,2702.41,Completed
O003885,C00696,2026-04-03,Beauty,1929.97,0.05,1833.47,Completed
O003886,C00697,2025-10-04,Electronics,10115.99,0.1,9104.39,Returned
O003887,C00697,2026-04-22,Grocery,1018.95,0.2,815.16,Completed
O003888,C00697,2026-01-02,Beauty,1617.4,0.1,1455.66,Cancelled
O003889,C00698,2025-11-03,Beauty,1565.91,0.15,1331.02,Completed
O003890,C00699,2026-06-18,Home,2989.78,0.0,2989.78,Completed
O003891,C00699,2026-06-16,Sports,950.12,0.05,902.61,Returned
O003892,C00700,2025-12-23,Electronics,1597.36,0.0,1597.36,Completed
O003893,C00700,2026-05-16,Electronics,4152.59,0.1,3737.33,Cancelled
O003894,C00700,2025-06-02,Grocery,619.89,0.1,557.9,Returned
O003895,C00700,2025-05-10,Beauty,1745.13,0.05,1657.87,Completed
O003896,C00700,2025-02-05,Sports,2876.22,0.15,2444.79,Returned
O003897,C00700,2025-08-24,Sports,2021.84,0.1,1819.66,Completed
O003898,C00700,2026-01-11,Electronics,6448.41,0.0,6448.41,Completed
O003899,C00700,2025-12-11,Electronics,11004.38,0.15,9353.72,Completed
O003900,C00701,2026-02-23,Home,2982.44,0.0,2982.44,Completed
O003901,C00701,2026-02-10,Grocery,150.0,0.1,135.0,Completed
O003902,C00701,2025-08-09,Beauty,467.09,0.0,467.09,Completed
O003903,C00701,2025-07-27,Electronics,8370.16,0.1,7533.14,Completed
O003904,C00702,2025-04-21,Grocery,1423.51,0.1,1281.16,Completed
O003905,C00702,2026-04-27,Electronics,7772.18,0.0,7772.18,Cancelled
O003906,C00702,2026-03-05,Home,1766.99,0.15,1501.94,Completed
O003907,C00702,2026-06-12,Beauty,1727.32,0.0,1727.32,Completed
O003908,C00702,2025-03-24,Beauty,1174.68,0.05,1115.95,Completed
O003909,C00702,2026-03-09,Home,1220.01,0.1,1098.01,Completed
O003910,C00702,2026-04-08,Beauty,2001.06,0.0,2001.06,Completed
O003911,C00702,2026-02-25,Beauty,1001.8,0.0,1001.8,Completed
O003912,C00702,2025-02-07,Beauty,2437.42,0.0,2437.42,Completed
O003913,C00703,2026-05-04,Beauty,1983.71,0.1,1785.34,Completed
O003914,C00703,2026-04-29,Sports,3024.56,0.0,3024.56,Completed
O003915,C00703,2026-05-31,Electronics,8990.15,0.05,8540.64,Completed
O003916,C00703,2026-04-17,Sports,3072.29,0.2,2457.83,Completed
O003917,C00703,2026-06-23,Sports,1648.53,0.1,1483.68,Completed
O003918,C00703,2026-05-16,Beauty,1493.77,0.1,1344.39,Completed
O003919,C00704,2026-03-17,Sports,1547.77,0.1,1392.99,Returned
O003920,C00704,2026-05-29,Sports,2424.91,0.2,1939.93,Completed
O003921,C00704,2026-03-14,Grocery,733.94,0.15,623.85,Completed
O003922,C00704,2026-05-12,Electronics,9032.55,0.0,9032.55,Completed
O003923,C00704,2026-03-15,Home,3904.14,0.05,3708.93,Completed
O003924,C00704,2026-04-04,Sports,1705.11,0.1,1534.6,Cancelled
O003925,C00705,2026-02-23,Beauty,796.58,0.05,756.75,Completed
O003926,C00705,2025-07-03,Grocery,823.11,0.05,781.95,Completed
O003927,C00705,2026-06-22,Sports,2323.19,0.15,1974.71,Completed
O003928,C00705,2025-07-15,Electronics,7855.38,0.1,7069.84,Completed
O003929,C00705,2025-12-26,Beauty,565.6,0.05,537.32,Completed
O003930,C00705,2025-12-29,Home,1928.67,0.1,1735.8,Completed
O003931,C00705,2026-03-11,Sports,2474.14,0.0,2474.14,Completed
O003932,C00706,2026-05-26,Home,3740.22,0.0,3740.22,Completed
O003933,C00706,2025-11-19,Home,2975.35,0.05,2826.58,Completed
O003934,C00706,2026-02-20,Beauty,1365.96,0.0,1365.96,Completed
O003935,C00706,2026-05-19,Sports,2552.41,0.0,2552.41,Completed
O003936,C00706,2025-08-30,Beauty,1970.93,0.05,1872.38,Completed
O003937,C00706,2026-06-04,Beauty,1468.28,0.1,1321.45,Cancelled
O003938,C00706,2026-04-18,Grocery,700.5,0.15,595.42,Completed
O003939,C00706,2026-04-03,Home,3764.96,0.1,3388.46,Completed
O003940,C00707,2025-12-13,Electronics,8283.2,0.0,8283.2,Completed
O003941,C00707,2026-01-15,Beauty,1303.74,0.1,1173.37,Completed
O003942,C00707,2026-02-21,Sports,2329.57,0.0,2329.57,Completed
O003943,C00707,2026-01-07,Beauty,1592.55,0.0,1592.55,Completed
O003944,C00708,2026-03-26,Home,3348.58,0.15,2846.29,Completed
O003945,C00708,2026-05-03,Home,1006.69,0.1,906.02,Completed
O003946,C00708,2025-09-08,Electronics,7023.63,0.0,7023.63,Completed
O003947,C00708,2026-01-13,Sports,1145.71,0.1,1031.14,Completed
O003948,C00708,2025-09-28,Grocery,804.11,0.0,804.11,Completed
O003949,C00709,2026-02-26,Grocery,778.05,0.0,778.05,Completed
O003950,C00709,2026-04-28,Grocery,742.29,0.05,705.18,Completed
O003951,C00709,2026-04-05,Beauty,1785.33,0.05,1696.06,Completed
O003952,C00709,2026-04-25,Electronics,8054.64,0.15,6846.44,Cancelled
O003953,C00709,2026-03-04,Grocery,1103.54,0.15,938.01,Completed
O003954,C00710,2026-05-28,Electronics,4361.98,0.05,4143.88,Returned
O003955,C00710,2025-12-17,Home,1396.37,0.0,1396.37,Completed
O003956,C00710,2026-05-31,Electronics,7273.42,0.05,6909.75,Completed
O003957,C00710,2025-10-20,Beauty,1097.45,0.0,1097.45,Completed
O003958,C00710,2026-03-31,Home,2982.96,0.0,2982.96,Returned
O003959,C00710,2026-02-05,Home,3209.51,0.05,3049.03,Completed
O003960,C00710,2025-09-03,Beauty,978.7,0.1,880.83,Completed
O003961,C00710,2026-02-07,Sports,2231.59,0.05,2120.01,Completed
O003962,C00710,2026-06-28,Beauty,2273.75,0.1,2046.38,Completed
O003963,C00711,2026-03-06,Beauty,1973.85,0.05,1875.16,Completed
O003964,C00711,2026-04-06,Grocery,803.22,0.0,803.22,Completed
O003965,C00711,2026-05-20,Electronics,6080.0,0.0,6080.0,Completed
O003966,C00711,2026-05-04,Home,3063.37,0.1,2757.03,Completed
O003967,C00711,2026-06-06,Home,4757.56,0.0,4757.56,Completed
O003968,C00712,2026-04-18,Grocery,751.7,0.15,638.95,Completed
O003969,C00712,2026-04-27,Grocery,1565.16,0.1,1408.64,Completed
O003970,C00712,2026-05-17,Beauty,1656.16,0.1,1490.54,Completed
O003971,C00712,2026-05-14,Beauty,1154.07,0.0,1154.07,Completed
O003972,C00712,2026-05-22,Electronics,5260.98,0.0,5260.98,Completed
O003973,C00712,2026-06-13,Grocery,1158.98,0.15,985.13,Completed
O003974,C00712,2026-05-21,Home,3061.87,0.0,3061.87,Completed
O003975,C00712,2026-04-07,Home,2847.71,0.0,2847.71,Completed
O003976,C00713,2026-02-20,Beauty,1627.1,0.15,1383.04,Completed
O003977,C00713,2025-12-07,Sports,1094.94,0.05,1040.19,Cancelled
O003978,C00713,2025-12-27,Beauty,1587.93,0.1,1429.14,Completed
O003979,C00713,2025-08-22,Electronics,10072.42,0.05,9568.8,Completed
O003980,C00714,2025-08-22,Home,389.53,0.1,350.58,Returned
O003981,C00714,2026-01-15,Home,3599.54,0.0,3599.54,Completed
O003982,C00714,2025-08-07,Grocery,979.67,0.1,881.7,Completed
O003983,C00714,2026-03-13,Grocery,1163.72,0.15,989.16,Completed
O003984,C00714,2026-01-30,Grocery,1128.0,0.1,1015.2,Completed
O003985,C00714,2026-04-27,Electronics,5906.52,0.05,5611.19,Completed
O003986,C00714,2025-12-02,Sports,3496.81,0.0,3496.81,Completed
O003987,C00714,2025-06-11,Electronics,6943.26,0.15,5901.77,Completed
O003988,C00715,2025-07-30,Electronics,4914.15,0.0,4914.15,Completed
O003989,C00715,2026-01-24,Beauty,1082.08,0.1,973.87,Completed
O003990,C00715,2025-10-30,Beauty,806.86,0.0,806.86,Completed
O003991,C00715,2025-08-03,Sports,2773.09,0.0,2773.09,Completed
O003992,C00716,2026-06-28,Beauty,1380.76,0.05,1311.72,Completed
O003993,C00716,2026-05-15,Beauty,1299.62,0.0,1299.62,Completed
O003994,C00716,2026-04-26,Electronics,11595.92,0.05,11016.12,Completed
O003995,C00716,2026-05-21,Home,2666.63,0.0,2666.63,Returned
O003996,C00716,2026-05-11,Home,2606.42,0.05,2476.1,Completed
O003997,C00716,2026-06-01,Home,1565.63,0.05,1487.35,Completed
O003998,C00716,2026-05-19,Home,3150.05,0.15,2677.54,Completed
O003999,C00716,2026-05-03,Sports,3551.59,0.05,3374.01,Completed
O004000,C00717,2026-06-26,Electronics,5746.86,0.15,4884.83,Completed
O004001,C00717,2025-08-16,Electronics,7372.82,0.2,5898.26,Completed
O004002,C00717,2026-03-12,Sports,1523.84,0.05,1447.65,Completed
O004003,C00717,2025-07-29,Home,2286.26,0.0,2286.26,Completed
O004004,C00717,2025-09-01,Electronics,7265.13,0.05,6901.87,Completed
O004005,C00717,2026-06-10,Grocery,678.64,0.05,644.71,Completed
O004006,C00717,2026-05-07,Electronics,6540.14,0.0,6540.14,Completed
O004007,C00717,2026-03-05,Electronics,7848.96,0.05,7456.51,Completed
O004008,C00717,2025-11-14,Electronics,4788.67,0.0,4788.67,Completed
O004009,C00717,2025-08-10,Beauty,1486.02,0.0,1486.02,Completed
O004010,C00717,2026-06-14,Electronics,8491.77,0.15,7218.0,Completed
O004011,C00718,2025-10-31,Electronics,4552.37,0.0,4552.37,Completed
O004012,C00718,2025-12-26,Grocery,599.27,0.0,599.27,Cancelled
O004013,C00718,2025-12-23,Home,2012.72,0.2,1610.18,Completed
O004014,C00718,2026-03-10,Electronics,10664.32,0.05,10131.1,Completed
O004015,C00718,2025-10-28,Home,2889.88,0.0,2889.88,Completed
O004016,C00718,2026-02-01,Grocery,840.83,0.0,840.83,Returned
O004017,C00718,2026-03-09,Beauty,1942.67,0.05,1845.54,Completed
O004018,C00719,2025-05-30,Grocery,1311.28,0.0,1311.28,Completed
O004019,C00719,2026-04-12,Grocery,1065.41,0.1,958.87,Completed
O004020,C00719,2025-07-10,Grocery,1228.2,0.05,1166.79,Completed
O004021,C00720,2026-01-30,Electronics,6892.26,0.1,6203.03,Completed
O004022,C00720,2025-06-03,Grocery,977.66,0.05,928.78,Completed
O004023,C00720,2026-05-09,Electronics,8225.01,0.05,7813.76,Completed
O004024,C00720,2026-01-09,Home,1080.23,0.05,1026.22,Completed
O004025,C00720,2026-04-15,Home,3081.13,0.0,3081.13,Completed
O004026,C00720,2025-09-05,Home,4098.76,0.0,4098.76,Completed
O004027,C00720,2026-05-05,Grocery,1082.57,0.0,1082.57,Completed
O004028,C00720,2025-04-16,Electronics,4518.71,0.0,4518.71,Completed
O004029,C00720,2025-08-01,Grocery,646.66,0.15,549.66,Completed
O004030,C00721,2026-06-01,Sports,2327.08,0.1,2094.37,Completed
O004031,C00721,2026-03-05,Grocery,678.29,0.05,644.38,Completed
O004032,C00721,2026-01-18,Sports,2881.81,0.05,2737.72,Completed
O004033,C00721,2026-05-23,Electronics,8036.0,0.05,7634.2,Completed
O004034,C00721,2026-01-17,Beauty,150.0,0.05,142.5,Completed
O004035,C00721,2026-03-09,Sports,3041.24,0.0,3041.24,Completed
O004036,C00721,2026-01-25,Grocery,1088.82,0.0,1088.82,Completed
O004037,C00721,2026-01-29,Sports,3522.54,0.15,2994.16,Cancelled
O004038,C00721,2025-12-30,Beauty,1713.29,0.05,1627.63,Completed
O004039,C00722,2025-08-10,Sports,1448.15,0.0,1448.15,Returned
O004040,C00722,2025-08-03,Grocery,921.28,0.05,875.22,Completed
O004041,C00722,2025-08-16,Sports,2099.97,0.1,1889.97,Completed
O004042,C00722,2025-12-09,Beauty,1066.62,0.0,1066.62,Completed
O004043,C00722,2026-03-20,Electronics,6950.83,0.15,5908.21,Cancelled
O004044,C00722,2025-07-20,Beauty,1431.21,0.15,1216.53,Completed
O004045,C00723,2026-03-11,Electronics,9265.28,0.15,7875.49,Completed
O004046,C00723,2026-02-11,Beauty,883.64,0.1,795.28,Completed
O004047,C00723,2026-03-01,Grocery,714.06,0.0,714.06,Completed
O004048,C00723,2026-05-12,Beauty,1114.11,0.05,1058.4,Returned
O004049,C00723,2026-04-29,Sports,1963.75,0.1,1767.38,Completed
O004050,C00724,2026-02-23,Grocery,387.86,0.0,387.86,Completed
O004051,C00724,2026-04-11,Beauty,1745.72,0.0,1745.72,Completed
O004052,C00724,2026-04-16,Home,2952.41,0.05,2804.79,Completed
O004053,C00724,2026-01-14,Sports,2811.34,0.1,2530.21,Completed
O004054,C00724,2026-06-19,Beauty,2048.64,0.15,1741.34,Completed
O004055,C00724,2026-02-11,Electronics,7151.28,0.15,6078.59,Completed
O004056,C00725,2026-06-18,Electronics,10605.12,0.05,10074.86,Completed
O004057,C00725,2026-05-25,Sports,1772.72,0.05,1684.08,Completed
O004058,C00725,2026-06-26,Electronics,5385.6,0.0,5385.6,Completed
O004059,C00725,2026-03-15,Home,2738.53,0.15,2327.75,Returned
O004060,C00725,2026-05-25,Sports,2920.8,0.0,2920.8,Completed
O004061,C00725,2026-03-11,Home,5266.31,0.05,5002.99,Completed
O004062,C00725,2026-03-01,Beauty,1064.69,0.1,958.22,Completed
O004063,C00725,2026-04-04,Beauty,1022.05,0.2,817.64,Completed
O004064,C00725,2026-04-05,Grocery,659.98,0.1,593.98,Completed
O004065,C00725,2026-05-27,Electronics,3932.85,0.2,3146.28,Returned
O004066,C00726,2025-12-25,Sports,3290.48,0.1,2961.43,Completed
O004067,C00726,2026-04-30,Sports,1808.9,0.05,1718.46,Cancelled
O004068,C00726,2026-01-06,Grocery,456.93,0.15,388.39,Completed
O004069,C00726,2026-03-27,Beauty,1278.64,0.1,1150.78,Cancelled
O004070,C00726,2026-05-08,Sports,2701.64,0.05,2566.56,Completed
O004071,C00726,2026-01-26,Sports,1398.69,0.05,1328.76,Cancelled
O004072,C00726,2026-04-15,Grocery,613.73,0.05,583.04,Returned
O004073,C00726,2026-06-27,Sports,2049.39,0.05,1946.92,Completed
O004074,C00726,2026-02-28,Grocery,1003.68,0.05,953.5,Completed
O004075,C00727,2026-04-12,Home,3556.09,0.15,3022.68,Completed
O004076,C00727,2026-05-27,Electronics,6480.86,0.05,6156.82,Completed
O004077,C00727,2026-03-03,Beauty,1147.13,0.05,1089.77,Completed
O004078,C00727,2026-06-05,Sports,2053.89,0.0,2053.89,Completed
O004079,C00728,2025-07-27,Home,3416.83,0.1,3075.15,Completed
O004080,C00728,2025-04-15,Electronics,6485.64,0.05,6161.36,Completed
O004081,C00728,2026-04-12,Electronics,9443.59,0.0,9443.59,Completed
O004082,C00728,2026-05-30,Electronics,9760.56,0.15,8296.48,Completed
O004083,C00728,2025-12-11,Electronics,1720.54,0.15,1462.46,Completed
O004084,C00728,2025-06-30,Sports,582.15,0.1,523.93,Completed
O004085,C00729,2026-05-26,Beauty,1973.87,0.2,1579.1,Completed
O004086,C00730,2025-11-30,Beauty,1908.89,0.0,1908.89,Completed
O004087,C00730,2025-11-01,Electronics,6162.34,0.0,6162.34,Completed
O004088,C00730,2026-06-06,Sports,1329.99,0.2,1063.99,Completed
O004089,C00730,2026-05-09,Home,2339.36,0.05,2222.39,Completed
O004090,C00730,2026-02-10,Sports,2446.79,0.15,2079.77,Completed
O004091,C00730,2026-05-22,Grocery,1629.97,0.05,1548.47,Completed
O004092,C00730,2026-01-24,Grocery,557.88,0.0,557.88,Completed
O004093,C00730,2026-03-07,Grocery,944.0,0.05,896.8,Completed
O004094,C00731,2026-05-07,Electronics,9806.48,0.1,8825.83,Completed
O004095,C00731,2025-12-27,Sports,2737.5,0.2,2190.0,Completed
O004096,C00731,2026-01-18,Sports,2978.84,0.05,2829.9,Completed
O004097,C00731,2026-04-13,Beauty,1928.05,0.0,1928.05,Cancelled
O004098,C00731,2026-03-25,Sports,2148.51,0.2,1718.81,Completed
O004099,C00731,2026-04-15,Electronics,3940.9,0.0,3940.9,Completed
O004100,C00732,2025-08-24,Home,2129.48,0.05,2023.01,Cancelled
O004101,C00732,2026-05-20,Beauty,1359.85,0.1,1223.86,Completed
O004102,C00732,2025-10-31,Sports,3691.79,0.15,3138.02,Completed
O004103,C00732,2026-03-16,Home,2377.52,0.15,2020.89,Completed
O004104,C00733,2025-11-24,Sports,2798.71,0.2,2238.97,Completed
O004105,C00733,2026-05-23,Electronics,10706.19,0.2,8564.95,Completed
O004106,C00733,2026-05-26,Grocery,1051.0,0.0,1051.0,Completed
O004107,C00733,2026-05-05,Sports,2405.93,0.0,2405.93,Completed
O004108,C00733,2025-06-18,Grocery,665.34,0.15,565.54,Completed
O004109,C00733,2025-03-07,Sports,667.82,0.0,667.82,Completed
O004110,C00734,2025-10-08,Sports,3196.88,0.15,2717.35,Completed
O004111,C00734,2026-02-02,Grocery,598.43,0.0,598.43,Completed
O004112,C00734,2026-01-08,Beauty,870.9,0.0,870.9,Completed
O004113,C00734,2025-12-06,Electronics,9118.72,0.0,9118.72,Returned
O004114,C00734,2025-02-09,Grocery,992.4,0.05,942.78,Completed
O004115,C00734,2025-02-27,Home,2380.51,0.0,2380.51,Completed
O004116,C00734,2026-01-22,Beauty,1006.16,0.0,1006.16,Completed
O004117,C00734,2025-02-08,Beauty,1024.82,0.1,922.34,Completed
O004118,C00734,2026-02-05,Electronics,4733.77,0.05,4497.08,Completed
O004119,C00735,2026-03-10,Beauty,618.54,0.1,556.69,Completed
O004120,C00735,2026-02-20,Sports,3210.8,0.1,2889.72,Completed
O004121,C00736,2026-04-27,Electronics,3654.59,0.05,3471.86,Completed
O004122,C00736,2026-06-06,Home,2921.47,0.1,2629.32,Completed
O004123,C00736,2026-04-14,Home,2279.31,0.05,2165.34,Completed
O004124,C00736,2026-06-04,Beauty,1881.96,0.1,1693.76,Completed
O004125,C00736,2026-05-28,Electronics,2992.94,0.05,2843.29,Completed
O004126,C00736,2026-06-10,Electronics,4445.08,0.1,4000.57,Completed
O004127,C00736,2026-04-22,Electronics,5496.14,0.0,5496.14,Completed
O004128,C00736,2026-04-26,Home,1992.5,0.05,1892.88,Completed
O004129,C00736,2026-03-16,Grocery,672.0,0.15,571.2,Completed
O004130,C00736,2026-04-24,Electronics,7848.39,0.0,7848.39,Completed
O004131,C00737,2026-04-24,Sports,2592.46,0.1,2333.21,Completed
O004132,C00737,2026-06-18,Grocery,1091.49,0.2,873.19,Completed
O004133,C00737,2026-04-04,Beauty,1366.96,0.0,1366.96,Completed
O004134,C00737,2025-09-11,Sports,1625.47,0.05,1544.2,Completed
O004135,C00737,2026-06-29,Electronics,8648.65,0.05,8216.22,Returned
O004136,C00738,2025-12-10,Sports,2618.73,0.05,2487.79,Completed
O004137,C00738,2026-04-19,Sports,2233.04,0.0,2233.04,Returned
O004138,C00738,2025-12-13,Grocery,899.15,0.15,764.28,Cancelled
O004139,C00738,2025-08-20,Sports,1800.8,0.0,1800.8,Completed
O004140,C00738,2025-08-21,Home,2231.74,0.1,2008.57,Completed
O004141,C00738,2025-12-20,Sports,1685.53,0.0,1685.53,Completed
O004142,C00738,2026-03-15,Beauty,1874.68,0.0,1874.68,Completed
O004143,C00738,2025-09-24,Grocery,1217.87,0.1,1096.08,Completed
O004144,C00739,2026-03-13,Beauty,1219.19,0.1,1097.27,Completed
O004145,C00739,2026-05-22,Home,2478.53,0.0,2478.53,Completed
O004146,C00739,2026-06-22,Electronics,8316.44,0.05,7900.62,Completed
O004147,C00739,2026-01-28,Beauty,2310.8,0.0,2310.8,Completed
O004148,C00739,2026-02-23,Electronics,4763.62,0.05,4525.44,Completed
O004149,C00739,2026-03-12,Grocery,1187.62,0.2,950.1,Completed
O004150,C00740,2026-02-18,Home,4595.71,0.0,4595.71,Completed
O004151,C00740,2026-04-16,Electronics,10960.63,0.05,10412.6,Completed
O004152,C00741,2026-04-11,Grocery,1741.73,0.05,1654.64,Completed
O004153,C00741,2025-05-27,Grocery,1135.08,0.1,1021.57,Completed
O004154,C00741,2025-09-28,Beauty,929.3,0.05,882.83,Returned
O004155,C00741,2025-05-13,Grocery,221.8,0.0,221.8,Completed
O004156,C00741,2026-05-24,Grocery,990.44,0.0,990.44,Completed
O004157,C00742,2026-03-16,Sports,2173.62,0.05,2064.94,Completed
O004158,C00743,2026-05-23,Beauty,1359.66,0.1,1223.69,Completed
O004159,C00743,2026-05-06,Beauty,1740.38,0.15,1479.32,Returned
O004160,C00743,2026-06-30,Beauty,1888.76,0.1,1699.88,Completed
O004161,C00743,2026-06-21,Grocery,922.56,0.05,876.43,Completed
O004162,C00743,2026-06-06,Home,883.79,0.0,883.79,Completed
O004163,C00743,2026-06-19,Sports,3891.78,0.0,3891.78,Completed
O004164,C00744,2026-03-06,Grocery,650.13,0.1,585.12,Completed
O004165,C00744,2026-05-12,Sports,2214.46,0.0,2214.46,Completed
O004166,C00744,2026-06-21,Grocery,985.93,0.0,985.93,Completed
O004167,C00744,2026-02-16,Electronics,8993.11,0.0,8993.11,Completed
O004168,C00745,2026-05-05,Home,3127.87,0.0,3127.87,Completed
O004169,C00745,2026-06-05,Sports,1880.1,0.0,1880.1,Cancelled
O004170,C00745,2025-12-01,Sports,1171.02,0.0,1171.02,Returned
O004171,C00745,2025-12-29,Grocery,289.28,0.0,289.28,Completed
O004172,C00745,2026-06-24,Sports,1325.71,0.1,1193.14,Completed
O004173,C00746,2026-04-22,Electronics,9496.31,0.0,9496.31,Completed
O004174,C00746,2026-04-11,Home,2621.9,0.15,2228.62,Completed
O004175,C00746,2026-03-02,Sports,2625.77,0.0,2625.77,Completed
O004176,C00746,2026-01-05,Home,2169.62,0.05,2061.14,Completed
O004177,C00746,2026-01-06,Beauty,1545.61,0.05,1468.33,Completed
O004178,C00746,2026-03-20,Sports,2922.72,0.2,2338.18,Completed
O004179,C00746,2026-02-18,Electronics,5942.48,0.0,5942.48,Completed
O004180,C00747,2026-03-03,Home,1719.95,0.05,1633.95,Cancelled
O004181,C00748,2026-06-23,Sports,150.0,0.0,150.0,Completed
O004182,C00748,2025-08-30,Beauty,1677.17,0.0,1677.17,Completed
O004183,C00748,2026-03-12,Home,2860.82,0.0,2860.82,Completed
O004184,C00748,2025-08-25,Grocery,1104.2,0.0,1104.2,Completed
O004185,C00748,2025-08-14,Sports,2784.07,0.1,2505.66,Completed
O004186,C00748,2025-08-16,Electronics,9355.15,0.1,8419.64,Completed
O004187,C00749,2026-02-07,Home,2261.6,0.1,2035.44,Completed
O004188,C00749,2026-01-07,Home,2075.28,0.15,1763.99,Completed
O004189,C00749,2026-03-20,Sports,2125.5,0.2,1700.4,Completed
O004190,C00749,2026-05-04,Grocery,765.05,0.0,765.05,Completed
O004191,C00749,2026-04-21,Sports,3067.42,0.0,3067.42,Completed
O004192,C00749,2026-06-14,Electronics,4284.45,0.0,4284.45,Completed
O004193,C00749,2026-02-20,Home,3531.39,0.05,3354.82,Returned
O004194,C00749,2026-03-10,Home,3551.17,0.0,3551.17,Completed
O004195,C00750,2026-01-10,Beauty,990.19,0.05,940.68,Cancelled
O004196,C00750,2026-03-15,Grocery,1161.21,0.0,1161.21,Completed
O004197,C00750,2026-02-17,Electronics,7158.5,0.15,6084.72,Completed
O004198,C00750,2026-05-07,Electronics,3261.91,0.0,3261.91,Completed
O004199,C00750,2026-01-17,Electronics,9494.46,0.0,9494.46,Completed
O004200,C00750,2026-03-24,Grocery,1434.04,0.05,1362.34,Completed
O004201,C00750,2026-03-20,Electronics,7115.3,0.0,7115.3,Cancelled
O004202,C00751,2026-06-03,Sports,2216.93,0.05,2106.08,Completed
O004203,C00751,2026-06-01,Beauty,1672.09,0.05,1588.49,Returned
O004204,C00751,2026-02-05,Electronics,9515.08,0.05,9039.33,Completed
O004205,C00752,2025-10-08,Home,1343.56,0.0,1343.56,Completed
O004206,C00752,2025-07-17,Electronics,7620.94,0.1,6858.85,Completed
O004207,C00752,2026-01-05,Grocery,623.53,0.15,530.0,Completed
O004208,C00752,2025-05-19,Grocery,953.8,0.2,763.04,Cancelled
O004209,C00752,2026-02-22,Grocery,630.33,0.15,535.78,Completed
O004210,C00753,2026-04-16,Grocery,928.38,0.0,928.38,Completed
O004211,C00753,2025-07-22,Sports,1571.21,0.05,1492.65,Cancelled
O004212,C00753,2026-06-11,Electronics,6259.78,0.0,6259.78,Completed
O004213,C00753,2025-07-15,Grocery,1036.78,0.05,984.94,Completed
O004214,C00753,2025-05-17,Beauty,1888.09,0.05,1793.69,Completed
O004215,C00753,2025-08-31,Grocery,876.26,0.1,788.63,Completed
O004216,C00753,2026-03-28,Sports,2596.27,0.0,2596.27,Cancelled
O004217,C00753,2026-05-02,Home,2347.72,0.2,1878.18,Completed
O004218,C00753,2025-10-18,Home,3177.06,0.05,3018.21,Completed
O004219,C00753,2025-05-28,Electronics,6830.21,0.0,6830.21,Completed
O004220,C00753,2025-06-13,Home,1874.02,0.05,1780.32,Completed
O004221,C00754,2026-06-22,Beauty,1382.83,0.0,1382.83,Completed
O004222,C00754,2025-09-24,Sports,3077.42,0.1,2769.68,Completed
O004223,C00754,2025-06-21,Grocery,535.75,0.0,535.75,Completed
O004224,C00754,2025-03-11,Sports,1931.57,0.2,1545.26,Completed
O004225,C00754,2025-11-11,Beauty,1552.0,0.1,1396.8,Completed
O004226,C00754,2026-02-04,Electronics,6218.32,0.05,5907.4,Completed
O004227,C00754,2025-07-23,Grocery,718.32,0.05,682.4,Completed
O004228,C00754,2025-09-15,Sports,1154.05,0.1,1038.64,Completed
O004229,C00754,2026-01-26,Home,3384.61,0.2,2707.69,Completed
O004230,C00754,2026-06-19,Beauty,2211.5,0.15,1879.78,Completed
O004231,C00755,2026-06-18,Home,949.9,0.05,902.4,Completed
O004232,C00755,2026-04-13,Sports,2740.93,0.15,2329.79,Completed
O004233,C00755,2026-05-28,Beauty,1415.39,0.0,1415.39,Completed
O004234,C00755,2026-06-11,Beauty,1480.9,0.1,1332.81,Completed
O004235,C00756,2025-11-25,Grocery,705.29,0.05,670.03,Completed
O004236,C00756,2025-11-28,Electronics,6067.26,0.0,6067.26,Completed
O004237,C00756,2026-05-15,Home,1074.24,0.05,1020.53,Completed
O004238,C00756,2026-01-23,Grocery,612.94,0.05,582.29,Completed
O004239,C00756,2026-02-26,Beauty,1588.11,0.05,1508.7,Completed
O004240,C00756,2026-05-02,Beauty,866.4,0.1,779.76,Completed
O004241,C00757,2026-06-15,Electronics,3128.28,0.0,3128.28,Completed
O004242,C00757,2026-03-30,Home,2953.9,0.1,2658.51,Completed
O004243,C00757,2026-02-11,Sports,2103.62,0.05,1998.44,Completed
O004244,C00757,2025-07-04,Sports,3794.8,0.05,3605.06,Completed
O004245,C00757,2025-11-07,Beauty,994.18,0.0,994.18,Completed
O004246,C00757,2025-08-15,Home,3109.0,0.05,2953.55,Completed
O004247,C00758,2025-12-03,Home,1668.07,0.0,1668.07,Completed
O004248,C00758,2025-07-16,Sports,2785.13,0.1,2506.62,Completed
O004249,C00758,2025-12-23,Sports,3421.05,0.0,3421.05,Completed
O004250,C00758,2025-03-08,Beauty,1917.34,0.1,1725.61,Completed
O004251,C00758,2025-04-25,Sports,1682.58,0.1,1514.32,Completed
O004252,C00759,2025-11-08,Sports,2909.32,0.0,2909.32,Completed
O004253,C00759,2026-06-29,Beauty,1666.96,0.05,1583.61,Completed
O004254,C00759,2026-03-14,Sports,1049.1,0.1,944.19,Completed
O004255,C00759,2026-06-03,Electronics,7825.18,0.0,7825.18,Completed
O004256,C00759,2026-05-08,Home,1625.51,0.1,1462.96,Completed
O004257,C00759,2026-03-04,Beauty,1970.7,0.05,1872.16,Completed
O004258,C00759,2025-11-26,Electronics,7120.88,0.1,6408.79,Returned
O004259,C00759,2025-09-08,Sports,2659.88,0.0,2659.88,Completed
O004260,C00760,2025-12-30,Grocery,1420.82,0.1,1278.74,Completed
O004261,C00760,2026-03-09,Beauty,1310.17,0.0,1310.17,Returned
O004262,C00760,2025-10-15,Electronics,4011.68,0.15,3409.93,Completed
O004263,C00760,2026-03-22,Electronics,8131.56,0.15,6911.83,Returned
O004264,C00760,2026-01-19,Home,2246.93,0.2,1797.54,Cancelled
O004265,C00760,2026-01-13,Sports,1046.65,0.1,941.99,Completed
O004266,C00760,2026-04-06,Home,2271.67,0.15,1930.92,Completed
O004267,C00760,2025-02-26,Sports,1686.75,0.05,1602.41,Completed
O004268,C00760,2025-06-07,Beauty,1828.34,0.15,1554.09,Completed
O004269,C00760,2025-08-04,Grocery,1171.42,0.1,1054.28,Completed
O004270,C00760,2025-04-08,Electronics,8077.75,0.0,8077.75,Completed
O004271,C00760,2025-05-16,Home,1933.64,0.1,1740.28,Completed
O004272,C00761,2026-01-04,Home,3480.1,0.0,3480.1,Completed
O004273,C00761,2026-06-22,Grocery,726.2,0.05,689.89,Completed
O004274,C00762,2026-02-14,Beauty,1453.77,0.0,1453.77,Completed
O004275,C00763,2025-11-28,Sports,2930.39,0.05,2783.87,Completed
O004276,C00763,2026-04-22,Home,2169.73,0.05,2061.24,Completed
O004277,C00763,2025-08-22,Home,2881.92,0.05,2737.82,Completed
O004278,C00764,2026-02-27,Beauty,1249.05,0.1,1124.14,Completed
O004279,C00764,2025-12-23,Electronics,8561.79,0.15,7277.52,Completed
O004280,C00764,2026-04-13,Beauty,1247.2,0.15,1060.12,Completed
O004281,C00764,2025-12-15,Sports,2839.19,0.05,2697.23,Completed
O004282,C00764,2026-03-25,Grocery,1086.27,0.15,923.33,Completed
O004283,C00764,2026-01-05,Electronics,4783.91,0.15,4066.32,Returned
O004284,C00764,2025-09-24,Grocery,482.69,0.0,482.69,Completed
O004285,C00764,2026-01-08,Electronics,7807.43,0.0,7807.43,Cancelled
O004286,C00765,2026-03-01,Home,2142.5,0.0,2142.5,Completed
O004287,C00765,2026-01-09,Home,3033.81,0.05,2882.12,Completed
O004288,C00765,2025-11-15,Sports,3003.01,0.0,3003.01,Completed
O004289,C00765,2026-04-10,Sports,1043.13,0.05,990.97,Cancelled
O004290,C00765,2026-04-05,Beauty,1369.25,0.15,1163.86,Returned
O004291,C00765,2025-12-11,Electronics,5284.87,0.15,4492.14,Returned
O004292,C00765,2026-02-05,Home,3903.93,0.15,3318.34,Completed
O004293,C00766,2025-12-30,Electronics,6403.65,0.15,5443.1,Completed
O004294,C00766,2025-03-22,Grocery,1063.85,0.1,957.46,Completed
O004295,C00767,2026-01-28,Sports,1298.58,0.1,1168.72,Completed
O004296,C00767,2026-05-30,Sports,2984.03,0.1,2685.63,Returned
O004297,C00767,2025-08-19,Home,3451.11,0.0,3451.11,Completed
O004298,C00767,2026-06-20,Home,4002.12,0.0,4002.12,Completed
O004299,C00767,2025-09-25,Beauty,1988.02,0.05,1888.62,Completed
O004300,C00768,2026-03-26,Sports,1991.14,0.0,1991.14,Completed
O004301,C00768,2026-04-19,Home,4822.18,0.15,4098.85,Completed
O004302,C00768,2026-05-02,Home,1795.87,0.15,1526.49,Completed
O004303,C00768,2026-06-14,Home,2805.12,0.0,2805.12,Completed
O004304,C00768,2026-03-25,Home,2220.49,0.15,1887.42,Completed
O004305,C00768,2026-04-29,Home,1784.05,0.0,1784.05,Completed
O004306,C00768,2026-04-26,Home,3858.83,0.15,3280.01,Completed
O004307,C00768,2026-01-19,Beauty,1801.02,0.1,1620.92,Completed
O004308,C00768,2026-03-20,Home,3035.17,0.1,2731.65,Completed
O004309,C00769,2026-04-04,Sports,4738.47,0.15,4027.7,Returned
O004310,C00769,2025-09-27,Beauty,690.99,0.05,656.44,Completed
O004311,C00769,2026-03-17,Sports,4309.56,0.2,3447.65,Completed
O004312,C00770,2025-07-28,Electronics,11332.08,0.0,11332.08,Completed
O004313,C00770,2026-02-10,Home,2134.48,0.15,1814.31,Completed
O004314,C00770,2025-11-27,Sports,2113.51,0.15,1796.48,Completed
O004315,C00770,2026-06-01,Home,2772.91,0.0,2772.91,Returned
O004316,C00770,2026-06-15,Sports,1666.74,0.0,1666.74,Completed
O004317,C00771,2026-05-22,Grocery,471.56,0.05,447.98,Completed
O004318,C00771,2026-04-09,Electronics,6480.45,0.15,5508.38,Completed
O004319,C00771,2026-02-27,Grocery,741.93,0.05,704.83,Completed
O004320,C00772,2025-10-18,Electronics,4777.29,0.0,4777.29,Completed
O004321,C00772,2026-03-07,Home,3197.25,0.05,3037.39,Completed
O004322,C00772,2026-05-17,Beauty,842.1,0.2,673.68,Completed
O004323,C00772,2025-10-11,Electronics,7245.38,0.05,6883.11,Returned
O004324,C00773,2025-12-16,Grocery,918.07,0.15,780.36,Completed
O004325,C00773,2026-06-22,Sports,2600.62,0.1,2340.56,Completed
O004326,C00773,2026-01-10,Sports,150.0,0.05,142.5,Completed
O004327,C00773,2026-02-14,Home,3838.2,0.1,3454.38,Completed
O004328,C00774,2026-06-23,Grocery,1128.02,0.05,1071.62,Completed
O004329,C00774,2025-04-14,Grocery,1063.33,0.0,1063.33,Completed
O004330,C00774,2025-06-23,Beauty,1601.35,0.0,1601.35,Completed
O004331,C00774,2025-06-18,Grocery,638.08,0.1,574.27,Completed
O004332,C00775,2026-03-10,Beauty,1610.21,0.05,1529.7,Completed
O004333,C00775,2026-02-25,Home,2634.17,0.05,2502.46,Completed
O004334,C00775,2025-08-15,Beauty,1380.14,0.05,1311.13,Completed
O004335,C00775,2026-06-29,Grocery,320.4,0.05,304.38,Completed
O004336,C00775,2026-02-07,Home,2539.26,0.15,2158.37,Completed
O004337,C00775,2025-11-11,Electronics,8445.56,0.2,6756.45,Completed
O004338,C00775,2025-12-08,Electronics,7517.53,0.05,7141.65,Completed
O004339,C00775,2025-09-04,Sports,1372.26,0.15,1166.42,Completed
O004340,C00775,2025-11-21,Beauty,1398.85,0.05,1328.91,Completed
O004341,C00775,2026-02-06,Beauty,1425.78,0.0,1425.78,Completed
O004342,C00775,2025-11-12,Grocery,950.45,0.0,950.45,Completed
O004343,C00775,2025-11-13,Grocery,1184.81,0.0,1184.81,Completed
O004344,C00775,2025-12-08,Sports,3408.66,0.1,3067.79,Cancelled
O004345,C00776,2026-06-19,Home,2342.82,0.0,2342.82,Returned
O004346,C00776,2026-01-22,Sports,1885.14,0.0,1885.14,Completed
O004347,C00776,2026-05-17,Home,2177.9,0.1,1960.11,Completed
O004348,C00776,2026-03-25,Sports,957.89,0.0,957.89,Completed
O004349,C00776,2025-11-16,Home,1628.83,0.0,1628.83,Completed
O004350,C00777,2025-06-11,Electronics,6621.74,0.0,6621.74,Completed
O004351,C00777,2025-09-02,Home,4266.08,0.05,4052.78,Completed
O004352,C00777,2025-02-15,Sports,1973.86,0.0,1973.86,Completed
O004353,C00777,2025-10-03,Home,2582.83,0.1,2324.55,Completed
O004354,C00777,2026-05-03,Sports,3532.73,0.15,3002.82,Cancelled
O004355,C00777,2025-05-08,Sports,2853.6,0.05,2710.92,Returned
O004356,C00777,2025-02-20,Sports,2505.13,0.15,2129.36,Cancelled
O004357,C00778,2026-05-02,Grocery,1184.0,0.15,1006.4,Completed
O004358,C00778,2026-06-04,Sports,1995.46,0.0,1995.46,Completed
O004359,C00778,2026-06-06,Electronics,2524.88,0.0,2524.88,Completed
O004360,C00778,2026-03-09,Electronics,4009.63,0.0,4009.63,Completed
O004361,C00778,2026-04-30,Electronics,4922.37,0.0,4922.37,Cancelled
O004362,C00778,2026-03-24,Beauty,507.54,0.05,482.16,Completed
O004363,C00778,2026-03-18,Home,3856.2,0.1,3470.58,Completed
O004364,C00778,2026-06-10,Beauty,1458.79,0.0,1458.79,Completed
O004365,C00779,2025-08-09,Grocery,1195.26,0.0,1195.26,Completed
O004366,C00779,2025-01-08,Grocery,778.82,0.0,778.82,Returned
O004367,C00779,2025-07-07,Sports,2233.59,0.05,2121.91,Completed
O004368,C00779,2025-03-23,Home,3714.9,0.0,3714.9,Completed
O004369,C00779,2026-05-29,Electronics,6428.67,0.1,5785.8,Completed
O004370,C00779,2025-12-06,Electronics,4279.13,0.05,4065.17,Completed
O004371,C00779,2025-10-22,Electronics,4570.08,0.0,4570.08,Completed
O004372,C00780,2026-03-27,Beauty,1780.14,0.05,1691.13,Cancelled
O004373,C00780,2026-05-17,Electronics,6836.17,0.0,6836.17,Completed
O004374,C00780,2026-03-09,Home,1883.56,0.0,1883.56,Completed
O004375,C00780,2025-12-24,Electronics,9138.91,0.0,9138.91,Completed
O004376,C00780,2026-04-13,Sports,1662.93,0.0,1662.93,Cancelled
O004377,C00780,2026-04-12,Beauty,2177.81,0.1,1960.03,Completed
O004378,C00780,2026-05-18,Electronics,8013.25,0.05,7612.59,Completed
O004379,C00781,2026-05-01,Electronics,7979.46,0.0,7979.46,Completed
O004380,C00781,2026-06-01,Beauty,1820.64,0.15,1547.54,Completed
O004381,C00781,2026-03-11,Home,1234.49,0.1,1111.04,Completed
O004382,C00781,2026-02-18,Beauty,1363.77,0.0,1363.77,Completed
O004383,C00782,2026-02-22,Electronics,6596.12,0.0,6596.12,Completed
O004384,C00782,2026-06-10,Electronics,5580.55,0.05,5301.52,Completed
O004385,C00782,2026-04-21,Grocery,1393.98,0.0,1393.98,Completed
O004386,C00782,2026-03-09,Electronics,7292.2,0.0,7292.2,Completed
O004387,C00782,2026-03-14,Beauty,1715.19,0.0,1715.19,Completed
O004388,C00782,2026-01-16,Home,3182.07,0.0,3182.07,Completed
O004389,C00782,2026-06-17,Sports,2568.29,0.05,2439.88,Cancelled
O004390,C00783,2025-11-10,Electronics,6576.44,0.15,5589.97,Completed
O004391,C00783,2026-05-25,Home,2713.36,0.05,2577.69,Completed
O004392,C00784,2025-12-30,Sports,717.32,0.1,645.59,Completed
O004393,C00784,2026-05-02,Beauty,1048.57,0.0,1048.57,Completed
O004394,C00784,2025-12-25,Electronics,3330.59,0.0,3330.59,Completed
O004395,C00784,2026-03-09,Sports,2285.82,0.05,2171.53,Completed
O004396,C00784,2026-05-17,Beauty,2809.14,0.0,2809.14,Completed
O004397,C00784,2025-12-14,Beauty,369.01,0.15,313.66,Completed
O004398,C00784,2025-11-26,Beauty,1414.99,0.05,1344.24,Completed
O004399,C00785,2026-04-22,Home,3969.6,0.15,3374.16,Completed
O004400,C00785,2026-04-10,Sports,1501.51,0.2,1201.21,Completed
O004401,C00785,2026-02-17,Sports,2313.62,0.2,1850.9,Completed
O004402,C00785,2025-12-18,Grocery,704.06,0.0,704.06,Completed
O004403,C00785,2026-06-06,Sports,1614.3,0.0,1614.3,Returned
O004404,C00786,2026-04-16,Sports,1278.13,0.0,1278.13,Completed
O004405,C00786,2026-05-22,Grocery,343.99,0.05,326.79,Completed
O004406,C00786,2026-04-28,Sports,1833.11,0.15,1558.14,Completed
O004407,C00786,2026-06-24,Sports,2432.35,0.1,2189.11,Completed
O004408,C00786,2026-04-16,Electronics,2474.7,0.15,2103.5,Completed
O004409,C00786,2026-06-09,Beauty,692.94,0.05,658.29,Completed
O004410,C00786,2026-06-03,Home,3082.89,0.15,2620.46,Cancelled
O004411,C00786,2026-06-26,Home,3398.63,0.0,3398.63,Completed
O004412,C00786,2026-06-07,Grocery,1653.76,0.0,1653.76,Completed
O004413,C00787,2026-02-24,Grocery,846.91,0.05,804.56,Completed
O004414,C00787,2025-05-20,Beauty,1592.02,0.0,1592.02,Completed
O004415,C00787,2025-12-03,Sports,1524.9,0.05,1448.66,Completed
O004416,C00787,2025-05-18,Sports,2907.48,0.05,2762.11,Returned
O004417,C00787,2025-09-08,Home,2851.33,0.0,2851.33,Completed
O004418,C00787,2025-06-12,Beauty,1970.11,0.2,1576.09,Completed
O004419,C00787,2026-06-12,Home,2314.43,0.2,1851.54,Completed
O004420,C00787,2025-12-31,Sports,3097.3,0.05,2942.44,Completed
O004421,C00788,2026-04-02,Grocery,1201.99,0.05,1141.89,Completed
O004422,C00788,2026-03-02,Grocery,948.37,0.05,900.95,Completed
O004423,C00788,2026-03-05,Electronics,8606.8,0.1,7746.12,Completed
O004424,C00788,2026-04-30,Electronics,6491.65,0.0,6491.65,Returned
O004425,C00788,2026-04-30,Sports,1889.62,0.1,1700.66,Cancelled
O004426,C00788,2026-04-17,Electronics,6699.35,0.0,6699.35,Completed
O004427,C00788,2026-04-24,Grocery,763.61,0.0,763.61,Completed
O004428,C00788,2026-06-08,Beauty,2506.65,0.0,2506.65,Completed
O004429,C00788,2026-04-10,Beauty,240.19,0.0,240.19,Completed
O004430,C00789,2026-02-04,Electronics,6673.34,0.05,6339.67,Returned
O004431,C00789,2026-05-09,Grocery,1501.26,0.0,1501.26,Completed
O004432,C00789,2025-04-19,Electronics,8078.45,0.05,7674.53,Cancelled
O004433,C00789,2026-04-25,Sports,2873.56,0.0,2873.56,Completed
O004434,C00789,2025-07-11,Home,2483.84,0.1,2235.46,Completed
O004435,C00789,2026-06-16,Sports,3726.54,0.15,3167.56,Returned
O004436,C00789,2025-05-04,Electronics,11942.48,0.05,11345.36,Returned
O004437,C00790,2026-05-19,Beauty,961.11,0.2,768.89,Completed
O004438,C00790,2026-05-06,Grocery,1138.31,0.0,1138.31,Completed
O004439,C00790,2026-06-27,Sports,2111.1,0.1,1899.99,Returned
O004440,C00790,2026-06-20,Sports,1773.86,0.2,1419.09,Completed
O004441,C00790,2026-06-14,Beauty,2265.12,0.15,1925.35,Completed
O004442,C00790,2026-05-09,Home,2557.76,0.1,2301.98,Completed
O004443,C00790,2026-04-23,Home,3330.01,0.1,2997.01,Completed
O004444,C00790,2026-04-06,Grocery,158.87,0.05,150.93,Completed
O004445,C00790,2026-04-29,Electronics,4991.7,0.1,4492.53,Completed
O004446,C00792,2025-10-10,Grocery,714.56,0.05,678.83,Completed
O004447,C00792,2025-03-11,Electronics,9036.92,0.05,8585.07,Completed
O004448,C00792,2025-09-20,Electronics,9706.5,0.0,9706.5,Completed
O004449,C00792,2025-03-08,Home,4034.21,0.0,4034.21,Completed
O004450,C00792,2026-01-31,Sports,2757.48,0.15,2343.86,Returned
O004451,C00792,2025-10-23,Sports,2934.27,0.05,2787.56,Cancelled
O004452,C00792,2026-05-20,Grocery,713.47,0.05,677.8,Completed
O004453,C00792,2026-03-08,Sports,2188.36,0.1,1969.52,Completed
O004454,C00793,2026-01-21,Grocery,1397.26,0.05,1327.4,Completed
O004455,C00793,2026-06-01,Grocery,633.94,0.0,633.94,Completed
O004456,C00793,2026-02-05,Sports,2056.15,0.05,1953.34,Completed
O004457,C00793,2026-05-29,Beauty,1750.37,0.2,1400.3,Completed
O004458,C00793,2025-11-27,Home,2112.86,0.1,1901.57,Completed
O004459,C00793,2025-12-09,Electronics,6982.07,0.15,5934.76,Completed
O004460,C00794,2025-08-31,Electronics,7693.18,0.05,7308.52,Completed
O004461,C00794,2025-06-03,Home,3132.36,0.0,3132.36,Completed
O004462,C00794,2025-06-08,Home,1829.17,0.05,1737.71,Completed
O004463,C00794,2026-01-27,Home,3331.41,0.05,3164.84,Completed
O004464,C00794,2026-04-23,Home,2765.74,0.0,2765.74,Completed
O004465,C00794,2026-01-04,Grocery,289.36,0.05,274.89,Completed
O004466,C00795,2026-03-27,Electronics,7856.66,0.1,7070.99,Completed
O004467,C00796,2026-05-11,Sports,1795.83,0.0,1795.83,Completed
O004468,C00796,2026-04-01,Sports,2640.14,0.05,2508.13,Completed
O004469,C00796,2026-06-11,Electronics,6096.59,0.1,5486.93,Completed
O004470,C00796,2026-03-24,Home,3047.83,0.1,2743.05,Completed
O004471,C00796,2026-04-03,Sports,3540.46,0.15,3009.39,Completed
O004472,C00796,2026-06-27,Sports,1948.41,0.1,1753.57,Returned
O004473,C00796,2026-02-28,Sports,1211.0,0.0,1211.0,Completed
O004474,C00797,2025-12-28,Home,3106.26,0.05,2950.95,Completed
O004475,C00797,2025-06-15,Beauty,2256.15,0.0,2256.15,Completed
O004476,C00797,2025-12-20,Sports,2627.91,0.0,2627.91,Completed
O004477,C00798,2025-05-27,Beauty,150.0,0.1,135.0,Completed
O004478,C00798,2025-05-05,Electronics,4842.6,0.1,4358.34,Returned
O004479,C00798,2026-03-19,Sports,3203.98,0.05,3043.78,Completed
O004480,C00799,2026-03-14,Sports,1947.03,0.0,1947.03,Completed
O004481,C00799,2026-06-06,Grocery,1002.59,0.15,852.2,Completed
O004482,C00799,2026-05-24,Beauty,1755.97,0.0,1755.97,Completed
O004483,C00799,2025-09-01,Sports,718.06,0.0,718.06,Completed
O004484,C00800,2025-11-05,Sports,2668.09,0.2,2134.47,Completed
O004485,C00800,2026-01-02,Grocery,1025.22,0.0,1025.22,Completed
O004486,C00800,2026-04-21,Grocery,1137.7,0.15,967.04,Completed
O004487,C00800,2026-03-28,Sports,2529.57,0.05,2403.09,Completed
O004488,C00800,2025-08-11,Electronics,2771.74,0.05,2633.15,Completed
O004489,C00800,2026-01-10,Electronics,5717.61,0.0,5717.61,Completed
O004490,C00800,2025-11-17,Grocery,1025.76,0.2,820.61,Completed
O004491,C00800,2025-09-23,Grocery,1384.4,0.05,1315.18,Cancelled
O004492,C00800,2025-05-17,Beauty,816.23,0.15,693.8,Completed
O004493,C00800,2026-03-12,Sports,1806.2,0.1,1625.58,Completed
O004494,C00800,2025-12-13,Electronics,6881.12,0.05,6537.06,Completed
O004495,C00800,2025-12-24,Grocery,854.73,0.1,769.26,Completed
O004496,C00800,2026-03-11,Beauty,1798.83,0.05,1708.89,Completed
O004497,C00801,2026-06-03,Sports,3137.19,0.05,2980.33,Completed
O004498,C00801,2026-04-09,Home,1308.24,0.05,1242.83,Completed
O004499,C00801,2026-05-13,Home,2002.67,0.0,2002.67,Completed
O004500,C00801,2026-06-06,Beauty,1864.62,0.0,1864.62,Completed
O004501,C00801,2026-06-02,Home,770.18,0.05,731.67,Completed
O004502,C00801,2026-06-10,Home,2445.64,0.2,1956.51,Completed
O004503,C00801,2026-06-21,Beauty,1680.98,0.0,1680.98,Cancelled
O004504,C00801,2026-06-23,Sports,2874.5,0.1,2587.05,Completed
O004505,C00801,2026-04-23,Beauty,2008.16,0.0,2008.16,Completed
O004506,C00801,2026-05-26,Sports,560.99,0.15,476.84,Returned
O004507,C00802,2026-03-20,Sports,2687.85,0.0,2687.85,Completed
O004508,C00802,2025-12-08,Grocery,1053.65,0.1,948.29,Completed
O004509,C00802,2026-01-01,Beauty,1441.8,0.15,1225.53,Completed
O004510,C00802,2025-10-31,Sports,1293.46,0.05,1228.79,Completed
O004511,C00802,2025-11-22,Home,2555.32,0.0,2555.32,Completed
O004512,C00803,2026-02-04,Home,2641.54,0.0,2641.54,Returned
O004513,C00803,2026-05-19,Sports,1619.21,0.05,1538.25,Completed
O004514,C00803,2026-01-09,Sports,2102.38,0.0,2102.38,Completed
O004515,C00803,2026-04-20,Beauty,1977.7,0.05,1878.82,Cancelled
O004516,C00803,2026-02-13,Home,4104.77,0.0,4104.77,Completed
O004517,C00803,2026-05-06,Electronics,8976.64,0.0,8976.64,Completed
O004518,C00804,2026-03-03,Beauty,983.93,0.2,787.14,Completed
O004519,C00804,2026-06-21,Beauty,2013.27,0.05,1912.61,Completed
O004520,C00804,2026-04-15,Home,2352.89,0.0,2352.89,Completed
O004521,C00804,2026-03-23,Grocery,993.77,0.0,993.77,Completed
O004522,C00804,2026-03-05,Electronics,6015.17,0.0,6015.17,Completed
O004523,C00804,2026-04-13,Sports,1562.65,0.05,1484.52,Completed
O004524,C00805,2025-11-09,Grocery,823.48,0.0,823.48,Returned
O004525,C00805,2026-01-06,Electronics,7224.59,0.0,7224.59,Completed
O004526,C00805,2026-06-26,Home,4331.49,0.15,3681.77,Returned
O004527,C00805,2026-05-19,Beauty,1485.41,0.05,1411.14,Completed
O004528,C00805,2026-03-05,Beauty,1288.12,0.1,1159.31,Completed
O004529,C00805,2025-10-05,Grocery,536.3,0.0,536.3,Completed
O004530,C00805,2026-01-26,Home,1663.9,0.0,1663.9,Completed
O004531,C00805,2026-06-02,Grocery,1331.25,0.1,1198.12,Completed
O004532,C00805,2025-11-04,Electronics,4749.77,0.0,4749.77,Completed
O004533,C00806,2026-04-30,Sports,2319.09,0.2,1855.27,Completed
O004534,C00806,2026-06-20,Electronics,5010.22,0.15,4258.69,Completed
O004535,C00807,2026-03-23,Grocery,972.32,0.0,972.32,Completed
O004536,C00807,2026-05-27,Electronics,5957.99,0.0,5957.99,Completed
O004537,C00807,2026-06-23,Grocery,438.42,0.1,394.58,Completed
O004538,C00807,2026-03-15,Grocery,1106.1,0.15,940.18,Completed
O004539,C00807,2026-03-23,Home,3499.16,0.0,3499.16,Completed
O004540,C00807,2026-05-29,Electronics,8291.86,0.05,7877.27,Completed
O004541,C00807,2026-06-29,Home,2562.92,0.0,2562.92,Completed
O004542,C00807,2026-04-25,Home,960.84,0.05,912.8,Completed
O004543,C00807,2026-06-11,Beauty,1484.63,0.05,1410.4,Completed
O004544,C00807,2026-06-08,Sports,3158.3,0.0,3158.3,Completed
O004545,C00807,2026-06-15,Grocery,845.35,0.1,760.82,Completed
O004546,C00807,2026-05-12,Electronics,9792.23,0.0,9792.23,Completed
O004547,C00808,2025-10-12,Beauty,1297.02,0.05,1232.17,Completed
O004548,C00808,2026-01-13,Home,2438.79,0.05,2316.85,Returned
O004549,C00808,2025-09-26,Home,2740.28,0.05,2603.27,Completed
O004550,C00808,2026-03-07,Sports,3106.01,0.0,3106.01,Returned
O004551,C00808,2025-07-29,Home,3583.22,0.2,2866.58,Completed
O004552,C00808,2026-03-25,Beauty,1578.31,0.0,1578.31,Completed
O004553,C00808,2025-12-19,Grocery,683.28,0.15,580.79,Completed
O004554,C00809,2025-07-22,Electronics,5803.62,0.05,5513.44,Completed
O004555,C00809,2025-10-27,Beauty,2119.74,0.15,1801.78,Completed
O004556,C00809,2026-03-28,Beauty,1368.32,0.0,1368.32,Completed
O004557,C00809,2025-10-06,Home,2756.89,0.0,2756.89,Completed
O004558,C00810,2026-03-17,Sports,2503.41,0.05,2378.24,Completed
O004559,C00810,2025-10-13,Home,3329.67,0.05,3163.19,Completed
O004560,C00810,2026-01-24,Sports,2198.52,0.0,2198.52,Completed
O004561,C00810,2026-01-14,Sports,3987.72,0.1,3588.95,Completed
O004562,C00810,2026-03-10,Beauty,1797.97,0.0,1797.97,Completed
O004563,C00811,2025-12-09,Sports,1891.67,0.15,1607.92,Completed
O004564,C00811,2026-01-08,Electronics,4069.99,0.05,3866.49,Completed
O004565,C00811,2026-06-03,Grocery,717.6,0.2,574.08,Completed
O004566,C00811,2025-12-19,Electronics,5118.48,0.0,5118.48,Completed
O004567,C00811,2026-02-26,Beauty,1389.9,0.1,1250.91,Completed
O004568,C00811,2026-03-14,Home,4213.45,0.05,4002.78,Completed
O004569,C00811,2026-03-23,Electronics,8887.87,0.0,8887.87,Completed
O004570,C00812,2025-10-04,Electronics,3489.03,0.1,3140.13,Completed
O004571,C00812,2026-02-18,Home,2932.35,0.15,2492.5,Completed
O004572,C00812,2026-06-22,Grocery,1195.9,0.1,1076.31,Completed
O004573,C00812,2025-04-15,Grocery,1008.16,0.05,957.75,Completed
O004574,C00813,2025-09-24,Sports,2781.74,0.15,2364.48,Completed
O004575,C00813,2025-11-17,Grocery,541.57,0.15,460.33,Completed
O004576,C00813,2025-09-28,Beauty,1114.03,0.1,1002.63,Returned
O004577,C00813,2025-10-19,Electronics,10486.04,0.05,9961.74,Completed
O004578,C00813,2026-06-23,Beauty,914.14,0.0,914.14,Completed
O004579,C00813,2026-01-21,Grocery,775.48,0.05,736.71,Completed
O004580,C00814,2026-06-24,Home,3179.48,0.15,2702.56,Completed
O004581,C00814,2026-03-03,Sports,4824.2,0.1,4341.78,Completed
O004582,C00814,2025-10-24,Home,2497.49,0.05,2372.62,Cancelled
O004583,C00814,2026-06-07,Grocery,990.2,0.15,841.67,Completed
O004584,C00814,2026-01-23,Grocery,557.26,0.15,473.67,Completed
O004585,C00814,2026-02-06,Sports,2743.84,0.05,2606.65,Completed
O004586,C00814,2026-03-02,Beauty,1175.36,0.0,1175.36,Completed
O004587,C00814,2026-06-07,Sports,896.46,0.05,851.64,Completed
O004588,C00814,2026-04-11,Home,3151.2,0.0,3151.2,Completed
O004589,C00815,2026-03-07,Electronics,4992.49,0.1,4493.24,Completed
O004590,C00815,2025-12-29,Grocery,850.09,0.1,765.08,Completed
O004591,C00815,2026-03-15,Sports,2294.01,0.15,1949.91,Completed
O004592,C00815,2026-06-23,Home,3982.89,0.05,3783.75,Completed
O004593,C00815,2026-05-02,Grocery,800.75,0.2,640.6,Completed
O004594,C00815,2026-03-02,Home,2864.86,0.0,2864.86,Completed
O004595,C00815,2026-01-12,Grocery,1389.03,0.05,1319.58,Completed
O004596,C00815,2026-05-10,Beauty,1520.43,0.05,1444.41,Completed
O004597,C00816,2026-05-15,Beauty,1096.7,0.0,1096.7,Completed
O004598,C00816,2025-11-11,Electronics,5465.1,0.05,5191.84,Cancelled
O004599,C00816,2025-09-05,Grocery,873.5,0.2,698.8,Completed
O004600,C00817,2025-09-22,Home,1258.7,0.1,1132.83,Completed
O004601,C00817,2025-11-08,Sports,3750.26,0.0,3750.26,Completed
O004602,C00817,2026-06-02,Electronics,5308.92,0.0,5308.92,Completed
O004603,C00817,2025-03-03,Beauty,2220.27,0.0,2220.27,Returned
O004604,C00817,2025-09-23,Grocery,968.15,0.05,919.74,Completed
O004605,C00817,2025-12-29,Electronics,3906.05,0.15,3320.14,Completed
O004606,C00817,2025-02-18,Electronics,3521.13,0.1,3169.02,Completed
O004607,C00818,2026-01-31,Beauty,1634.75,0.2,1307.8,Returned
O004608,C00818,2026-04-05,Electronics,3833.31,0.05,3641.64,Completed
O004609,C00818,2026-02-03,Beauty,1809.07,0.0,1809.07,Completed
O004610,C00818,2025-10-14,Grocery,848.71,0.1,763.84,Completed
O004611,C00818,2026-04-01,Grocery,541.38,0.05,514.31,Cancelled
O004612,C00819,2026-05-19,Home,948.1,0.1,853.29,Completed
O004613,C00819,2026-03-17,Beauty,597.36,0.1,537.62,Completed
O004614,C00820,2025-12-29,Grocery,863.61,0.15,734.07,Completed
O004615,C00820,2025-10-16,Sports,2446.35,0.15,2079.4,Completed
O004616,C00820,2026-04-29,Home,3317.63,0.05,3151.75,Completed
O004617,C00821,2025-11-22,Beauty,1499.27,0.15,1274.38,Completed
O004618,C00821,2026-06-21,Grocery,226.02,0.15,192.12,Returned
O004619,C00821,2026-01-06,Beauty,518.94,0.0,518.94,Returned
O004620,C00821,2026-05-20,Electronics,4272.36,0.0,4272.36,Completed
O004621,C00822,2026-02-09,Sports,1969.21,0.05,1870.75,Completed
O004622,C00822,2026-04-18,Electronics,9650.22,0.2,7720.18,Cancelled
O004623,C00822,2026-01-26,Electronics,4567.76,0.0,4567.76,Cancelled
O004624,C00822,2026-04-21,Home,3809.32,0.0,3809.32,Completed
O004625,C00822,2026-05-04,Home,1791.96,0.15,1523.17,Completed
O004626,C00822,2026-04-27,Electronics,2330.88,0.05,2214.34,Cancelled
O004627,C00822,2026-04-07,Grocery,1227.71,0.1,1104.94,Completed
O004628,C00822,2026-04-16,Grocery,1155.89,0.0,1155.89,Completed
O004629,C00822,2026-05-26,Grocery,522.6,0.1,470.34,Completed
O004630,C00822,2026-04-14,Beauty,531.14,0.1,478.03,Completed
O004631,C00823,2026-05-21,Sports,3661.69,0.0,3661.69,Completed
O004632,C00823,2026-04-21,Sports,2647.27,0.15,2250.18,Completed
O004633,C00823,2026-04-09,Home,3183.02,0.05,3023.87,Completed
O004634,C00824,2026-01-18,Grocery,569.92,0.0,569.92,Completed
O004635,C00824,2026-01-14,Sports,2847.08,0.1,2562.37,Completed
O004636,C00825,2026-06-10,Sports,1987.51,0.15,1689.38,Completed
O004637,C00825,2026-01-12,Grocery,815.55,0.05,774.77,Completed
O004638,C00826,2026-03-25,Home,2170.35,0.05,2061.83,Completed
O004639,C00826,2026-06-19,Sports,3625.1,0.0,3625.1,Completed
O004640,C00826,2026-03-03,Home,1095.3,0.0,1095.3,Completed
O004641,C00826,2026-05-28,Electronics,5203.15,0.1,4682.84,Completed
O004642,C00826,2026-06-07,Electronics,1698.2,0.15,1443.47,Completed
O004643,C00826,2026-03-25,Beauty,1685.12,0.15,1432.35,Completed
O004644,C00826,2026-05-08,Electronics,3455.19,0.2,2764.15,Completed
O004645,C00827,2026-03-17,Home,3194.12,0.05,3034.41,Completed
O004646,C00827,2025-08-22,Beauty,1488.34,0.0,1488.34,Returned
O004647,C00827,2025-11-26,Beauty,1128.71,0.0,1128.71,Completed
O004648,C00827,2025-11-25,Beauty,1553.48,0.15,1320.46,Completed
O004649,C00828,2026-02-22,Electronics,6186.24,0.0,6186.24,Completed
O004650,C00828,2025-08-31,Home,3390.78,0.15,2882.16,Completed
O004651,C00828,2026-04-16,Sports,2687.86,0.0,2687.86,Completed
O004652,C00828,2025-07-13,Beauty,377.66,0.0,377.66,Completed
O004653,C00828,2025-11-11,Home,3623.19,0.15,3079.71,Completed
O004654,C00828,2025-09-20,Sports,2619.2,0.1,2357.28,Completed
O004655,C00829,2025-09-04,Electronics,4943.8,0.1,4449.42,Completed
O004656,C00829,2026-06-10,Beauty,945.83,0.05,898.54,Completed
O004657,C00830,2026-03-07,Electronics,6849.41,0.1,6164.47,Completed
O004658,C00830,2026-04-21,Sports,1759.01,0.05,1671.06,Completed
O004659,C00831,2026-01-18,Beauty,1288.97,0.05,1224.52,Completed
O004660,C00831,2026-01-14,Sports,2284.19,0.1,2055.77,Completed
O004661,C00831,2025-09-19,Sports,1809.1,0.0,1809.1,Completed
O004662,C00831,2025-11-29,Grocery,813.61,0.0,813.61,Completed
O004663,C00832,2025-04-26,Home,3387.11,0.0,3387.11,Cancelled
O004664,C00832,2025-11-03,Sports,1659.31,0.05,1576.34,Completed
O004665,C00832,2026-03-14,Sports,3263.17,0.05,3100.01,Completed
O004666,C00832,2026-01-25,Sports,1404.05,0.0,1404.05,Returned
O004667,C00833,2026-04-10,Beauty,1157.27,0.1,1041.54,Completed
O004668,C00833,2026-04-02,Grocery,742.17,0.1,667.95,Completed
O004669,C00833,2026-06-15,Grocery,985.92,0.1,887.33,Completed
O004670,C00834,2026-02-02,Sports,1171.97,0.15,996.17,Completed
O004671,C00834,2025-12-19,Sports,3102.63,0.15,2637.24,Completed
O004672,C00834,2026-01-15,Grocery,1079.48,0.0,1079.48,Completed
O004673,C00834,2025-11-01,Sports,3310.79,0.15,2814.17,Completed
O004674,C00834,2026-04-27,Beauty,2165.82,0.0,2165.82,Completed
O004675,C00834,2026-04-04,Electronics,5734.61,0.1,5161.15,Completed
O004676,C00835,2026-03-25,Electronics,10139.33,0.0,10139.33,Completed
O004677,C00835,2026-05-01,Grocery,706.42,0.05,671.1,Completed
O004678,C00835,2026-03-14,Grocery,1234.26,0.05,1172.55,Completed
O004679,C00835,2026-03-04,Home,2272.27,0.1,2045.04,Completed
O004680,C00835,2026-06-29,Grocery,1329.26,0.0,1329.26,Completed
O004681,C00836,2026-06-21,Electronics,7108.32,0.15,6042.07,Cancelled
O004682,C00836,2026-03-17,Grocery,1305.33,0.2,1044.26,Completed
O004683,C00836,2025-09-03,Sports,2780.94,0.0,2780.94,Completed
O004684,C00837,2026-01-24,Electronics,3072.03,0.05,2918.43,Completed
O004685,C00837,2025-07-12,Grocery,528.62,0.05,502.19,Cancelled
O004686,C00837,2025-08-12,Electronics,8010.87,0.0,8010.87,Completed
O004687,C00837,2025-09-29,Home,4172.64,0.15,3546.74,Completed
O004688,C00838,2026-04-09,Grocery,736.31,0.15,625.86,Completed
O004689,C00838,2026-05-04,Electronics,5884.43,0.0,5884.43,Completed
O004690,C00838,2026-06-20,Grocery,680.98,0.05,646.93,Completed
O004691,C00838,2026-05-25,Beauty,1120.14,0.05,1064.13,Completed
O004692,C00838,2026-04-29,Grocery,150.0,0.15,127.5,Completed
O004693,C00839,2025-03-23,Sports,1922.65,0.05,1826.52,Completed
O004694,C00839,2026-05-15,Electronics,11116.18,0.0,11116.18,Completed
O004695,C00839,2025-08-21,Sports,2875.99,0.0,2875.99,Completed
O004696,C00839,2025-05-31,Sports,1251.21,0.2,1000.97,Completed
O004697,C00839,2025-03-12,Grocery,368.09,0.1,331.28,Completed
O004698,C00839,2025-08-09,Sports,2804.09,0.0,2804.09,Completed
O004699,C00839,2025-07-09,Electronics,3857.94,0.15,3279.25,Completed
O004700,C00839,2025-04-27,Electronics,4294.89,0.0,4294.89,Completed
O004701,C00839,2025-12-02,Home,2120.63,0.05,2014.6,Completed
O004702,C00839,2025-07-24,Home,2094.24,0.0,2094.24,Completed
O004703,C00840,2026-04-25,Beauty,1030.97,0.0,1030.97,Returned
O004704,C00840,2026-04-13,Home,2243.3,0.15,1906.8,Completed
O004705,C00840,2026-05-11,Sports,3260.97,0.05,3097.92,Completed
O004706,C00840,2026-06-27,Home,4767.8,0.15,4052.63,Completed
O004707,C00840,2026-04-09,Grocery,452.74,0.05,430.1,Completed
O004708,C00840,2026-05-13,Home,1633.1,0.1,1469.79,Completed
O004709,C00840,2026-04-05,Electronics,8735.05,0.15,7424.79,Completed
O004710,C00840,2026-05-10,Sports,1808.0,0.0,1808.0,Completed
O004711,C00840,2026-04-14,Beauty,1285.16,0.05,1220.9,Completed
O004712,C00841,2025-12-26,Sports,1764.17,0.1,1587.75,Completed
O004713,C00841,2026-02-10,Beauty,877.03,0.0,877.03,Completed
O004714,C00841,2026-02-24,Electronics,5078.83,0.0,5078.83,Cancelled
O004715,C00841,2025-12-03,Home,2543.73,0.1,2289.36,Completed
O004716,C00841,2026-01-20,Grocery,1266.47,0.0,1266.47,Completed
O004717,C00841,2026-04-19,Home,5010.93,0.05,4760.38,Completed
O004718,C00842,2026-03-27,Grocery,967.65,0.2,774.12,Completed
O004719,C00842,2026-04-02,Sports,1531.12,0.0,1531.12,Completed
O004720,C00842,2025-09-14,Beauty,1286.98,0.05,1222.63,Completed
O004721,C00842,2025-08-18,Beauty,943.28,0.0,943.28,Completed
O004722,C00842,2026-03-12,Grocery,626.07,0.15,532.16,Completed
O004723,C00842,2026-02-11,Electronics,7165.66,0.0,7165.66,Completed
O004724,C00842,2026-03-22,Electronics,6330.27,0.05,6013.76,Completed
O004725,C00842,2026-02-11,Home,3065.85,0.15,2605.97,Completed
O004726,C00842,2025-07-27,Beauty,1864.59,0.05,1771.36,Completed
O004727,C00842,2026-04-27,Grocery,1285.87,0.2,1028.7,Cancelled
O004728,C00843,2025-09-23,Home,1829.1,0.15,1554.74,Completed
O004729,C00843,2026-05-14,Home,3094.07,0.1,2784.66,Completed
O004730,C00844,2026-04-08,Grocery,737.17,0.2,589.74,Completed
O004731,C00844,2026-05-05,Sports,1557.42,0.0,1557.42,Cancelled
O004732,C00844,2026-02-11,Grocery,671.0,0.0,671.0,Completed
O004733,C00844,2026-03-14,Home,3134.99,0.05,2978.24,Returned
O004734,C00845,2025-08-28,Grocery,1181.82,0.0,1181.82,Completed
O004735,C00845,2025-05-15,Home,1270.34,0.2,1016.27,Completed
O004736,C00845,2025-11-20,Sports,2709.23,0.05,2573.77,Completed
O004737,C00845,2026-06-25,Grocery,163.53,0.0,163.53,Completed
O004738,C00845,2025-10-07,Electronics,7594.44,0.15,6455.27,Completed
O004739,C00845,2025-02-18,Sports,1471.11,0.15,1250.44,Returned
O004740,C00845,2026-06-25,Grocery,805.08,0.05,764.83,Completed
O004741,C00846,2026-05-24,Home,4003.43,0.0,4003.43,Completed
O004742,C00846,2026-04-17,Electronics,3401.38,0.0,3401.38,Completed
O004743,C00846,2026-06-17,Beauty,1610.74,0.1,1449.67,Cancelled
O004744,C00846,2026-05-19,Sports,1696.66,0.15,1442.16,Completed
O004745,C00846,2026-05-31,Home,2842.78,0.1,2558.5,Completed
O004746,C00847,2026-06-15,Grocery,858.17,0.05,815.26,Completed
O004747,C00847,2026-01-11,Electronics,10207.03,0.1,9186.33,Completed
O004748,C00847,2025-11-10,Grocery,837.68,0.0,837.68,Completed
O004749,C00847,2026-06-04,Electronics,9078.0,0.1,8170.2,Returned
O004750,C00848,2026-02-04,Electronics,4617.42,0.0,4617.42,Completed
O004751,C00848,2026-03-25,Electronics,8645.18,0.1,7780.66,Completed
O004752,C00848,2025-11-14,Grocery,796.73,0.1,717.06,Completed
O004753,C00848,2026-01-25,Sports,3648.5,0.15,3101.22,Completed
O004754,C00848,2025-12-20,Grocery,532.22,0.15,452.39,Completed
O004755,C00848,2026-05-20,Beauty,1414.94,0.1,1273.45,Completed
O004756,C00848,2026-02-26,Beauty,150.0,0.15,127.5,Completed
O004757,C00848,2026-04-23,Beauty,1951.66,0.05,1854.08,Completed
O004758,C00848,2026-01-07,Beauty,1032.03,0.0,1032.03,Completed
O004759,C00849,2026-04-14,Home,3700.0,0.15,3145.0,Completed
O004760,C00849,2026-05-14,Grocery,1075.69,0.15,914.34,Completed
O004761,C00850,2026-06-05,Electronics,379.62,0.15,322.68,Completed
O004762,C00850,2026-05-11,Electronics,5880.69,0.15,4998.59,Completed
O004763,C00850,2026-06-23,Electronics,4046.05,0.0,4046.05,Completed
O004764,C00851,2025-08-31,Home,3054.85,0.05,2902.11,Completed
O004765,C00851,2026-03-26,Grocery,1278.6,0.0,1278.6,Completed
O004766,C00851,2026-05-04,Sports,2412.26,0.0,2412.26,Completed
O004767,C00851,2026-05-29,Electronics,7192.93,0.1,6473.64,Completed
O004768,C00852,2026-03-10,Grocery,823.32,0.1,740.99,Completed
O004769,C00852,2026-02-26,Sports,2360.51,0.05,2242.48,Completed
O004770,C00853,2026-06-23,Electronics,1411.63,0.05,1341.05,Completed
O004771,C00853,2026-04-02,Sports,2453.82,0.0,2453.82,Completed
O004772,C00853,2026-06-04,Beauty,1752.95,0.1,1577.66,Returned
O004773,C00853,2026-04-11,Home,3112.14,0.1,2800.93,Completed
O004774,C00853,2026-06-29,Electronics,4005.6,0.05,3805.32,Returned
O004775,C00853,2026-02-02,Sports,2164.67,0.0,2164.67,Completed
O004776,C00853,2026-04-06,Home,4978.38,0.0,4978.38,Cancelled
O004777,C00853,2026-04-25,Electronics,6603.13,0.0,6603.13,Completed
O004778,C00854,2025-10-08,Electronics,6234.3,0.15,5299.16,Completed
O004779,C00854,2025-11-07,Beauty,1358.63,0.0,1358.63,Completed
O004780,C00854,2025-09-23,Electronics,5015.02,0.1,4513.52,Completed
O004781,C00854,2026-04-27,Beauty,1374.37,0.0,1374.37,Completed
O004782,C00854,2026-06-19,Home,2497.79,0.05,2372.9,Completed
O004783,C00854,2025-10-14,Sports,2670.11,0.05,2536.6,Completed
O004784,C00854,2025-12-19,Electronics,6869.99,0.0,6869.99,Completed
O004785,C00854,2025-11-07,Sports,2178.16,0.05,2069.25,Completed
O004786,C00854,2026-06-12,Grocery,538.01,0.15,457.31,Returned
O004787,C00854,2025-10-02,Electronics,5309.98,0.15,4513.48,Completed
O004788,C00854,2025-09-25,Sports,1638.24,0.05,1556.33,Completed
O004789,C00854,2025-08-12,Beauty,1585.35,0.05,1506.08,Completed
O004790,C00855,2025-12-05,Grocery,925.8,0.05,879.51,Completed
O004791,C00855,2025-10-27,Home,4294.18,0.05,4079.47,Cancelled
O004792,C00855,2025-11-26,Home,2794.88,0.0,2794.88,Completed
O004793,C00855,2026-01-20,Grocery,1334.42,0.0,1334.42,Completed
O004794,C00855,2026-01-27,Grocery,171.04,0.1,153.94,Completed
O004795,C00855,2025-12-03,Home,4032.52,0.1,3629.27,Completed
O004796,C00855,2025-03-22,Grocery,1086.49,0.05,1032.17,Completed
O004797,C00855,2025-04-23,Electronics,4942.47,0.0,4942.47,Completed
O004798,C00855,2025-04-23,Beauty,1271.6,0.05,1208.02,Completed
O004799,C00856,2026-06-12,Grocery,1283.96,0.15,1091.37,Completed
O004800,C00856,2026-05-04,Home,5071.57,0.05,4817.99,Completed
O004801,C00856,2026-05-17,Grocery,1466.73,0.0,1466.73,Completed
O004802,C00856,2026-02-28,Beauty,1498.32,0.0,1498.32,Completed
O004803,C00857,2025-12-14,Electronics,3964.51,0.0,3964.51,Completed
O004804,C00857,2026-04-21,Grocery,976.9,0.0,976.9,Cancelled
O004805,C00857,2026-04-01,Beauty,1631.1,0.15,1386.44,Cancelled
O004806,C00857,2026-04-18,Grocery,723.28,0.05,687.12,Completed
O004807,C00857,2026-06-09,Sports,1652.29,0.1,1487.06,Completed
O004808,C00858,2025-04-09,Sports,2174.4,0.15,1848.24,Completed
O004809,C00858,2026-03-02,Electronics,5108.31,0.0,5108.31,Completed
O004810,C00859,2026-04-25,Sports,2375.37,0.15,2019.06,Completed
O004811,C00859,2026-05-06,Beauty,2150.94,0.1,1935.85,Completed
O004812,C00859,2026-03-30,Grocery,471.89,0.0,471.89,Completed
O004813,C00860,2026-03-30,Sports,1864.74,0.05,1771.5,Completed
O004814,C00860,2026-02-05,Grocery,834.79,0.05,793.05,Completed
O004815,C00860,2025-08-26,Home,2228.18,0.1,2005.36,Completed
O004816,C00860,2025-08-28,Beauty,820.03,0.0,820.03,Completed
O004817,C00860,2026-03-07,Grocery,1057.43,0.0,1057.43,Completed
O004818,C00861,2026-02-10,Beauty,2102.54,0.0,2102.54,Completed
O004819,C00861,2025-06-28,Sports,3513.98,0.1,3162.58,Completed
O004820,C00861,2025-10-03,Beauty,1966.22,0.1,1769.6,Completed
O004821,C00861,2025-08-06,Grocery,1090.1,0.0,1090.1,Completed
O004822,C00861,2025-07-08,Home,1482.58,0.1,1334.32,Completed
O004823,C00861,2026-06-14,Sports,2833.47,0.0,2833.47,Completed
O004824,C00862,2026-02-03,Home,5120.85,0.0,5120.85,Completed
O004825,C00862,2026-03-06,Home,1615.82,0.1,1454.24,Completed
O004826,C00862,2026-04-09,Beauty,1074.5,0.0,1074.5,Completed
O004827,C00862,2026-01-31,Electronics,8528.34,0.0,8528.34,Completed
O004828,C00863,2026-04-22,Sports,844.84,0.0,844.84,Completed
O004829,C00863,2026-06-13,Electronics,3961.59,0.05,3763.51,Completed
O004830,C00863,2026-05-31,Beauty,1412.07,0.0,1412.07,Completed
O004831,C00863,2026-05-20,Electronics,5352.69,0.0,5352.69,Completed
O004832,C00863,2026-06-18,Home,2870.2,0.1,2583.18,Completed
O004833,C00863,2026-06-01,Electronics,9093.17,0.0,9093.17,Completed
O004834,C00863,2026-05-31,Grocery,874.3,0.0,874.3,Completed
O004835,C00863,2026-05-19,Electronics,5205.14,0.1,4684.63,Completed
O004836,C00863,2026-06-14,Electronics,5480.15,0.0,5480.15,Completed
O004837,C00863,2026-06-15,Grocery,455.04,0.0,455.04,Completed
O004838,C00863,2026-05-04,Electronics,7189.36,0.05,6829.89,Completed
O004839,C00863,2026-04-26,Electronics,2947.94,0.2,2358.35,Completed
O004840,C00863,2026-06-06,Beauty,1262.19,0.0,1262.19,Completed
O004841,C00864,2026-06-19,Electronics,9322.67,0.0,9322.67,Completed
O004842,C00864,2026-04-25,Home,2114.66,0.1,1903.19,Completed
O004843,C00864,2025-04-21,Sports,2998.89,0.2,2399.11,Completed
O004844,C00864,2025-04-18,Beauty,1907.67,0.15,1621.52,Completed
O004845,C00865,2026-05-12,Sports,2521.71,0.0,2521.71,Completed
O004846,C00865,2025-08-06,Electronics,8741.55,0.15,7430.32,Completed
O004847,C00865,2026-06-15,Electronics,4806.78,0.0,4806.78,Completed
O004848,C00866,2026-05-25,Electronics,9738.32,0.15,8277.57,Completed
O004849,C00866,2026-03-18,Sports,1346.83,0.15,1144.81,Completed
O004850,C00866,2026-04-14,Electronics,6556.37,0.15,5572.91,Completed
O004851,C00866,2026-06-09,Sports,1759.02,0.05,1671.07,Completed
O004852,C00867,2026-05-05,Grocery,603.33,0.1,543.0,Completed
O004853,C00867,2026-06-29,Grocery,1232.9,0.0,1232.9,Completed
O004854,C00867,2026-04-07,Sports,2441.61,0.1,2197.45,Completed
O004855,C00867,2026-05-25,Sports,150.0,0.0,150.0,Completed
O004856,C00867,2026-05-30,Grocery,724.53,0.2,579.62,Completed
O004857,C00867,2026-06-24,Electronics,6922.49,0.1,6230.24,Completed
O004858,C00868,2026-04-30,Electronics,3156.23,0.05,2998.42,Completed
O004859,C00869,2026-05-06,Grocery,794.39,0.05,754.67,Completed
O004860,C00869,2025-12-29,Grocery,500.31,0.05,475.29,Completed
O004861,C00869,2025-08-12,Electronics,8265.33,0.0,8265.33,Completed
O004862,C00869,2025-05-12,Electronics,1666.89,0.1,1500.2,Completed
O004863,C00869,2025-04-06,Grocery,1044.98,0.15,888.23,Completed
O004864,C00869,2025-08-13,Grocery,1434.12,0.05,1362.41,Completed
O004865,C00870,2026-04-13,Grocery,765.57,0.0,765.57,Returned
O004866,C00870,2026-04-29,Beauty,1552.58,0.15,1319.69,Completed
O004867,C00870,2026-05-20,Sports,2506.0,0.0,2506.0,Completed
O004868,C00870,2026-06-28,Grocery,1082.83,0.05,1028.69,Completed
O004869,C00870,2026-05-23,Home,2668.08,0.0,2668.08,Completed
O004870,C00870,2026-04-28,Home,4028.85,0.0,4028.85,Returned
O004871,C00870,2026-04-02,Electronics,8343.98,0.05,7926.78,Completed
O004872,C00870,2026-04-13,Beauty,2369.87,0.1,2132.88,Completed
O004873,C00870,2026-06-10,Sports,2084.53,0.15,1771.85,Returned
O004874,C00871,2026-06-13,Beauty,1732.8,0.05,1646.16,Completed
O004875,C00871,2026-05-18,Grocery,959.25,0.1,863.32,Completed
O004876,C00871,2026-06-17,Home,3297.36,0.15,2802.76,Completed
O004877,C00871,2026-04-27,Sports,3029.61,0.05,2878.13,Completed
O004878,C00871,2026-05-18,Grocery,1282.83,0.05,1218.69,Completed
O004879,C00871,2026-05-22,Beauty,412.15,0.05,391.54,Completed
O004880,C00871,2026-05-26,Electronics,1846.21,0.2,1476.97,Completed
O004881,C00872,2026-05-29,Grocery,1302.25,0.05,1237.14,Returned
O004882,C00872,2026-06-16,Home,2363.24,0.2,1890.59,Completed
O004883,C00872,2026-03-31,Home,4400.91,0.0,4400.91,Completed
O004884,C00872,2026-05-27,Grocery,571.97,0.15,486.17,Cancelled
O004885,C00872,2026-03-30,Sports,2302.64,0.05,2187.51,Completed
O004886,C00873,2026-06-06,Home,4310.64,0.0,4310.64,Completed
O004887,C00873,2026-05-18,Home,2872.17,0.0,2872.17,Returned
O004888,C00873,2026-05-01,Beauty,1015.62,0.05,964.84,Returned
O004889,C00873,2026-05-17,Sports,1537.01,0.15,1306.46,Completed
O004890,C00873,2026-06-21,Grocery,416.2,0.05,395.39,Completed
O004891,C00873,2026-06-04,Grocery,755.8,0.05,718.01,Completed
O004892,C00873,2026-06-04,Grocery,1006.65,0.05,956.32,Completed
O004893,C00874,2026-05-05,Sports,2756.29,0.0,2756.29,Completed
O004894,C00874,2026-05-13,Home,2989.96,0.1,2690.96,Completed
O004895,C00875,2026-03-09,Sports,2554.35,0.0,2554.35,Completed
O004896,C00875,2026-06-16,Electronics,8750.91,0.2,7000.73,Completed
O004897,C00875,2026-04-28,Home,5111.13,0.0,5111.13,Completed
O004898,C00876,2025-07-15,Home,2791.37,0.0,2791.37,Completed
O004899,C00877,2025-11-27,Sports,1895.01,0.05,1800.26,Returned
O004900,C00877,2026-06-17,Home,1997.67,0.05,1897.79,Completed
O004901,C00877,2025-12-02,Sports,2025.6,0.1,1823.04,Completed
O004902,C00878,2026-03-29,Sports,1371.01,0.15,1165.36,Completed
O004903,C00878,2026-02-25,Sports,2274.36,0.0,2274.36,Completed
O004904,C00878,2026-02-20,Electronics,5347.68,0.0,5347.68,Completed
O004905,C00879,2026-03-10,Electronics,6100.9,0.05,5795.86,Returned
O004906,C00879,2025-12-26,Beauty,1195.0,0.0,1195.0,Completed
O004907,C00879,2025-12-15,Grocery,1287.35,0.05,1222.98,Completed
O004908,C00879,2026-01-06,Home,2395.55,0.15,2036.22,Completed
O004909,C00879,2026-02-20,Sports,2942.8,0.0,2942.8,Completed
O004910,C00880,2025-08-01,Grocery,978.6,0.0,978.6,Completed
O004911,C00880,2026-05-20,Beauty,1377.46,0.2,1101.97,Returned
O004912,C00880,2025-05-16,Electronics,7890.69,0.15,6707.09,Returned
O004913,C00880,2025-08-03,Home,3029.88,0.0,3029.88,Completed
O004914,C00880,2025-09-16,Home,3389.06,0.05,3219.61,Completed
O004915,C00880,2025-08-14,Beauty,1238.43,0.1,1114.59,Completed
O004916,C00880,2026-04-27,Home,3570.13,0.05,3391.62,Completed
O004917,C00880,2025-10-14,Grocery,919.13,0.15,781.26,Returned
O004918,C00881,2026-01-02,Home,2047.8,0.0,2047.8,Completed
O004919,C00881,2025-12-08,Electronics,7142.82,0.0,7142.82,Completed
O004920,C00882,2025-08-02,Beauty,2080.97,0.05,1976.92,Completed
O004921,C00882,2025-06-24,Electronics,4829.73,0.1,4346.76,Completed
O004922,C00882,2026-04-15,Home,3302.95,0.0,3302.95,Completed
O004923,C00882,2025-11-14,Electronics,3690.43,0.0,3690.43,Completed
O004924,C00882,2025-10-24,Home,4322.0,0.0,4322.0,Cancelled
O004925,C00882,2025-10-07,Sports,2364.35,0.15,2009.7,Completed
O004926,C00882,2025-09-03,Beauty,2259.07,0.1,2033.16,Completed
O004927,C00883,2026-05-27,Beauty,1931.76,0.05,1835.17,Completed
O004928,C00883,2026-04-19,Home,2452.08,0.1,2206.87,Completed
O004929,C00883,2026-06-29,Grocery,938.34,0.0,938.34,Completed
O004930,C00884,2026-04-30,Grocery,876.1,0.05,832.3,Completed
O004931,C00884,2026-06-11,Sports,2073.79,0.05,1970.1,Returned
O004932,C00884,2026-06-09,Electronics,7468.1,0.05,7094.7,Completed
O004933,C00884,2025-05-16,Home,2794.65,0.15,2375.45,Completed
O004934,C00884,2026-06-11,Home,1507.93,0.0,1507.93,Completed
O004935,C00884,2026-04-27,Home,3605.12,0.0,3605.12,Completed
O004936,C00884,2025-06-23,Grocery,316.41,0.05,300.59,Completed
O004937,C00885,2026-02-11,Beauty,444.56,0.05,422.33,Completed
O004938,C00885,2026-01-27,Grocery,1041.79,0.0,1041.79,Completed
O004939,C00885,2026-02-24,Home,4048.68,0.0,4048.68,Completed
O004940,C00886,2026-04-19,Grocery,1100.31,0.0,1100.31,Completed
O004941,C00886,2026-06-28,Home,3432.2,0.15,2917.37,Completed
O004942,C00886,2026-06-21,Beauty,1998.94,0.05,1898.99,Cancelled
O004943,C00887,2026-05-29,Home,2635.89,0.0,2635.89,Completed
O004944,C00887,2026-01-30,Home,2672.54,0.1,2405.29,Completed
O004945,C00887,2025-11-21,Beauty,1410.61,0.05,1340.08,Completed
O004946,C00887,2026-06-19,Home,4251.69,0.15,3613.94,Completed
O004947,C00887,2026-06-13,Grocery,811.8,0.1,730.62,Completed
O004948,C00888,2026-05-10,Sports,1756.44,0.1,1580.8,Completed
O004949,C00889,2026-02-08,Electronics,5001.98,0.0,5001.98,Completed
O004950,C00889,2026-04-16,Grocery,1415.54,0.15,1203.21,Completed
O004951,C00889,2026-01-02,Home,2696.47,0.1,2426.82,Completed
O004952,C00889,2026-04-26,Sports,1974.96,0.05,1876.21,Completed
O004953,C00889,2026-06-27,Grocery,942.94,0.1,848.65,Completed
O004954,C00890,2025-08-23,Sports,3291.17,0.05,3126.61,Completed
O004955,C00890,2025-11-05,Sports,1954.83,0.0,1954.83,Completed
O004956,C00890,2025-05-15,Beauty,1756.37,0.05,1668.55,Completed
O004957,C00890,2026-02-12,Beauty,2046.36,0.05,1944.04,Completed
O004958,C00891,2026-06-22,Sports,2319.79,0.15,1971.82,Completed
O004959,C00891,2026-06-20,Beauty,572.09,0.15,486.28,Completed
O004960,C00891,2026-06-01,Grocery,394.2,0.1,354.78,Completed
O004961,C00891,2026-02-28,Home,2908.46,0.1,2617.61,Completed
O004962,C00892,2025-10-25,Home,3329.35,0.1,2996.42,Completed
O004963,C00892,2026-02-21,Home,5253.56,0.0,5253.56,Completed
O004964,C00892,2026-01-23,Home,636.96,0.0,636.96,Completed
O004965,C00892,2025-12-08,Sports,3552.5,0.1,3197.25,Completed
O004966,C00892,2026-01-14,Grocery,1053.68,0.1,948.31,Completed
O004967,C00892,2025-09-23,Beauty,1129.01,0.1,1016.11,Completed
O004968,C00892,2025-11-12,Grocery,994.63,0.05,944.9,Completed
O004969,C00892,2025-08-17,Home,3836.94,0.05,3645.09,Completed
O004970,C00892,2025-08-17,Beauty,1573.87,0.05,1495.18,Completed
O004971,C00892,2026-02-17,Grocery,1214.93,0.05,1154.18,Completed
O004972,C00893,2026-03-09,Home,2592.2,0.15,2203.37,Completed
O004973,C00893,2026-05-07,Electronics,9108.47,0.15,7742.2,Completed
O004974,C00893,2026-04-07,Grocery,553.91,0.15,470.82,Completed
O004975,C00893,2026-05-17,Beauty,1883.07,0.1,1694.76,Completed
O004976,C00893,2026-03-28,Sports,1112.05,0.0,1112.05,Completed
O004977,C00893,2026-04-07,Sports,2123.68,0.0,2123.68,Completed
O004978,C00893,2026-03-23,Beauty,1636.91,0.0,1636.91,Completed
O004979,C00894,2026-05-15,Beauty,1789.33,0.05,1699.86,Completed
O004980,C00894,2026-01-20,Sports,2589.94,0.0,2589.94,Completed
O004981,C00894,2025-09-15,Home,2305.12,0.0,2305.12,Completed
O004982,C00894,2026-04-17,Home,1703.53,0.1,1533.18,Completed
O004983,C00894,2026-01-16,Electronics,6054.57,0.05,5751.84,Completed
O004984,C00895,2026-04-27,Electronics,5606.47,0.0,5606.47,Completed
O004985,C00895,2026-04-19,Grocery,863.21,0.05,820.05,Completed
O004986,C00895,2026-05-17,Grocery,1036.8,0.0,1036.8,Completed
O004987,C00896,2026-02-17,Electronics,4983.08,0.0,4983.08,Completed
O004988,C00896,2026-05-01,Beauty,696.81,0.1,627.13,Completed
O004989,C00896,2025-07-19,Electronics,6259.65,0.1,5633.68,Completed
O004990,C00896,2025-05-24,Electronics,4780.78,0.0,4780.78,Completed
O004991,C00896,2025-09-25,Electronics,2730.92,0.1,2457.83,Completed
O004992,C00896,2025-12-29,Home,3420.99,0.0,3420.99,Completed
O004993,C00897,2026-01-12,Home,3409.91,0.15,2898.42,Completed
O004994,C00897,2026-01-10,Beauty,901.32,0.1,811.19,Returned
O004995,C00897,2025-12-27,Beauty,515.96,0.05,490.16,Completed
O004996,C00898,2025-09-05,Grocery,518.62,0.0,518.62,Completed
O004997,C00898,2025-08-09,Grocery,1272.0,0.15,1081.2,Completed
O004998,C00898,2025-10-11,Electronics,4390.39,0.0,4390.39,Completed
O004999,C00898,2026-06-29,Beauty,1286.57,0.1,1157.91,Completed
O005000,C00898,2025-10-22,Beauty,1433.12,0.2,1146.5,Completed
O005001,C00899,2025-12-28,Sports,2537.91,0.0,2537.91,Completed
O005002,C00899,2026-03-28,Electronics,10687.03,0.1,9618.33,Completed
O005003,C00899,2026-02-01,Grocery,1220.26,0.0,1220.26,Completed
O005004,C00901,2025-08-29,Sports,823.73,0.1,741.36,Completed
O005005,C00901,2025-10-08,Home,3669.55,0.0,3669.55,Completed
O005006,C00902,2026-04-03,Sports,1733.21,0.05,1646.55,Completed
O005007,C00903,2026-05-07,Grocery,526.98,0.05,500.63,Completed
O005008,C00903,2026-06-22,Grocery,1276.24,0.0,1276.24,Returned
O005009,C00903,2026-06-06,Sports,2968.42,0.15,2523.16,Completed
O005010,C00904,2025-11-15,Electronics,6915.67,0.0,6915.67,Completed
O005011,C00904,2025-11-01,Home,4994.4,0.05,4744.68,Completed
O005012,C00904,2025-12-30,Sports,2096.84,0.0,2096.84,Completed
O005013,C00904,2025-09-09,Sports,1434.78,0.0,1434.78,Completed
O005014,C00904,2026-01-10,Grocery,1339.54,0.0,1339.54,Completed
O005015,C00905,2025-02-21,Beauty,1546.32,0.0,1546.32,Completed
O005016,C00905,2025-04-18,Grocery,1295.62,0.05,1230.84,Completed
O005017,C00905,2026-04-29,Home,2976.43,0.1,2678.79,Completed
O005018,C00905,2025-07-12,Electronics,8207.78,0.05,7797.39,Completed
O005019,C00905,2025-10-19,Beauty,2667.77,0.15,2267.6,Completed
O005020,C00906,2026-02-23,Home,2712.24,0.0,2712.24,Completed
O005021,C00906,2026-03-16,Sports,1329.82,0.0,1329.82,Completed
O005022,C00906,2026-05-23,Sports,1295.25,0.0,1295.25,Completed
O005023,C00906,2026-06-12,Grocery,1062.6,0.15,903.21,Completed
O005024,C00906,2026-02-13,Beauty,1587.54,0.1,1428.79,Completed
O005025,C00906,2026-04-28,Electronics,6855.26,0.1,6169.73,Completed
O005026,C00906,2026-04-23,Electronics,5602.76,0.1,5042.48,Completed
O005027,C00906,2026-01-03,Home,3155.72,0.15,2682.36,Completed
O005028,C00906,2026-02-21,Grocery,1217.33,0.0,1217.33,Completed
O005029,C00907,2026-05-18,Sports,3190.72,0.0,3190.72,Completed
O005030,C00907,2026-03-31,Sports,1338.25,0.15,1137.51,Completed
O005031,C00907,2026-02-23,Grocery,654.2,0.1,588.78,Completed
O005032,C00907,2026-05-16,Home,3247.45,0.0,3247.45,Completed
O005033,C00907,2026-06-08,Electronics,8572.9,0.05,8144.25,Completed
O005034,C00908,2026-05-13,Grocery,1330.74,0.0,1330.74,Completed
O005035,C00908,2026-06-13,Beauty,1627.75,0.05,1546.36,Completed
O005036,C00908,2026-03-13,Home,4007.06,0.0,4007.06,Completed
O005037,C00908,2026-03-16,Grocery,1145.36,0.0,1145.36,Completed
O005038,C00908,2026-04-04,Electronics,6441.46,0.05,6119.39,Cancelled
O005039,C00908,2026-06-23,Electronics,6077.98,0.2,4862.38,Completed
O005040,C00909,2025-05-20,Home,3874.66,0.0,3874.66,Completed
O005041,C00909,2025-03-21,Sports,1807.53,0.05,1717.15,Completed
O005042,C00909,2025-07-09,Home,2537.44,0.1,2283.7,Completed
O005043,C00909,2025-06-13,Beauty,777.88,0.0,777.88,Completed
O005044,C00909,2026-01-17,Grocery,597.84,0.0,597.84,Completed
O005045,C00909,2025-03-21,Sports,2108.32,0.1,1897.49,Completed
O005046,C00910,2026-02-20,Beauty,1895.21,0.05,1800.45,Cancelled
O005047,C00910,2026-06-18,Electronics,5339.94,0.05,5072.94,Completed
O005048,C00910,2026-03-21,Beauty,2013.06,0.15,1711.1,Completed
O005049,C00910,2026-05-22,Sports,3629.44,0.1,3266.5,Completed
O005050,C00911,2025-10-13,Electronics,8229.73,0.05,7818.24,Returned
O005051,C00911,2025-09-29,Grocery,822.29,0.0,822.29,Completed
O005052,C00911,2026-02-24,Sports,804.33,0.15,683.68,Completed
O005053,C00911,2025-08-29,Sports,2248.72,0.0,2248.72,Completed
O005054,C00911,2025-11-07,Home,2696.73,0.1,2427.06,Completed
O005055,C00911,2025-11-07,Beauty,1173.57,0.15,997.53,Completed
O005056,C00912,2025-10-10,Sports,2118.74,0.0,2118.74,Completed
O005057,C00912,2025-05-23,Grocery,439.24,0.1,395.32,Completed
O005058,C00913,2026-05-08,Beauty,1442.3,0.0,1442.3,Completed
O005059,C00913,2026-05-10,Home,1487.3,0.05,1412.94,Completed
O005060,C00913,2026-04-29,Sports,2106.01,0.1,1895.41,Cancelled
O005061,C00913,2026-03-31,Home,4244.83,0.1,3820.35,Returned
O005062,C00913,2026-02-24,Home,2944.47,0.0,2944.47,Completed
O005063,C00914,2026-04-15,Electronics,6899.84,0.05,6554.85,Completed
O005064,C00914,2026-04-03,Grocery,492.56,0.05,467.93,Completed
O005065,C00914,2026-02-23,Grocery,1121.78,0.0,1121.78,Completed
O005066,C00914,2026-03-16,Grocery,344.8,0.15,293.08,Completed
O005067,C00914,2026-04-26,Sports,1734.47,0.0,1734.47,Completed
O005068,C00914,2026-04-19,Grocery,1172.11,0.1,1054.9,Completed
O005069,C00914,2026-01-01,Electronics,9479.7,0.0,9479.7,Completed
O005070,C00915,2026-05-19,Sports,2980.42,0.05,2831.4,Completed
O005071,C00915,2026-05-27,Beauty,1280.84,0.05,1216.8,Returned
O005072,C00915,2026-06-02,Grocery,1095.95,0.05,1041.15,Completed
O005073,C00915,2026-05-05,Sports,1600.93,0.05,1520.88,Returned
O005074,C00915,2026-05-14,Home,1683.47,0.2,1346.78,Completed
O005075,C00915,2026-06-07,Sports,1982.07,0.1,1783.86,Completed
O005076,C00915,2026-06-01,Home,2791.12,0.1,2512.01,Completed
O005077,C00915,2026-06-24,Electronics,8054.77,0.0,8054.77,Completed
O005078,C00915,2026-06-02,Electronics,6432.94,0.05,6111.29,Completed
O005079,C00916,2026-01-04,Home,1946.22,0.0,1946.22,Completed
O005080,C00917,2025-10-26,Grocery,710.52,0.1,639.47,Completed
O005081,C00917,2025-11-13,Electronics,7127.13,0.0,7127.13,Completed
O005082,C00917,2025-08-29,Sports,1791.16,0.05,1701.6,Completed
O005083,C00917,2026-03-16,Grocery,915.38,0.05,869.61,Completed
O005084,C00917,2025-05-23,Beauty,942.62,0.0,942.62,Completed
O005085,C00918,2026-01-19,Electronics,8602.78,0.0,8602.78,Completed
O005086,C00918,2026-05-09,Beauty,762.65,0.0,762.65,Returned
O005087,C00918,2026-04-14,Sports,2566.97,0.0,2566.97,Completed
O005088,C00918,2026-02-11,Beauty,1844.6,0.15,1567.91,Completed
O005089,C00918,2026-02-22,Grocery,948.33,0.0,948.33,Completed
O005090,C00918,2026-01-11,Sports,1276.29,0.05,1212.48,Completed
O005091,C00918,2026-01-06,Electronics,6750.49,0.05,6412.97,Completed
O005092,C00918,2026-06-12,Sports,1325.65,0.0,1325.65,Completed
O005093,C00918,2026-04-07,Beauty,411.05,0.0,411.05,Completed
O005094,C00919,2026-05-05,Sports,1149.38,0.05,1091.91,Completed
O005095,C00919,2026-06-03,Home,1816.59,0.05,1725.76,Completed
O005096,C00919,2026-02-05,Electronics,8749.8,0.0,8749.8,Completed
O005097,C00919,2025-10-29,Beauty,1413.72,0.0,1413.72,Completed
O005098,C00919,2025-11-25,Home,1760.33,0.05,1672.31,Cancelled
O005099,C00919,2026-01-18,Sports,1248.34,0.1,1123.51,Completed
O005100,C00919,2026-02-28,Sports,1925.53,0.0,1925.53,Completed
O005101,C00919,2025-11-13,Electronics,6375.8,0.05,6057.01,Completed
O005102,C00919,2026-03-16,Home,2429.17,0.1,2186.25,Completed
O005103,C00920,2026-03-31,Home,1076.95,0.1,969.26,Completed
O005104,C00920,2026-05-04,Beauty,1200.22,0.0,1200.22,Completed
O005105,C00921,2025-11-27,Home,2626.97,0.0,2626.97,Returned
O005106,C00921,2025-09-15,Grocery,764.68,0.2,611.74,Completed
O005107,C00921,2025-10-27,Home,3713.14,0.0,3713.14,Completed
O005108,C00921,2026-02-03,Electronics,7552.97,0.0,7552.97,Completed
O005109,C00921,2026-06-06,Sports,1984.77,0.05,1885.53,Completed
O005110,C00921,2025-12-01,Electronics,5699.3,0.1,5129.37,Completed
O005111,C00921,2025-09-11,Beauty,985.22,0.05,935.96,Cancelled
O005112,C00921,2025-11-23,Sports,2348.39,0.0,2348.39,Completed
O005113,C00921,2026-03-08,Home,3151.67,0.05,2994.09,Completed
O005114,C00922,2026-03-31,Electronics,2320.29,0.1,2088.26,Completed
O005115,C00922,2026-06-26,Grocery,716.89,0.0,716.89,Completed
O005116,C00922,2026-03-31,Sports,2804.57,0.2,2243.66,Completed
O005117,C00923,2026-04-18,Electronics,3893.21,0.05,3698.55,Completed
O005118,C00923,2026-06-29,Grocery,919.4,0.0,919.4,Completed
O005119,C00923,2026-03-21,Electronics,4133.28,0.1,3719.95,Completed
O005120,C00923,2025-11-12,Beauty,1012.29,0.1,911.06,Completed
O005121,C00923,2025-12-10,Electronics,4409.29,0.05,4188.83,Completed
O005122,C00924,2026-01-09,Electronics,4956.81,0.15,4213.29,Completed
O005123,C00924,2025-04-02,Sports,1048.74,0.2,838.99,Cancelled
O005124,C00924,2026-04-05,Home,1684.5,0.0,1684.5,Completed
O005125,C00924,2026-06-27,Home,1623.69,0.0,1623.69,Cancelled
O005126,C00924,2025-09-16,Home,2920.89,0.05,2774.85,Completed
O005127,C00924,2025-06-19,Electronics,4907.83,0.05,4662.44,Completed
O005128,C00925,2025-02-19,Sports,1536.52,0.15,1306.04,Completed
O005129,C00925,2025-03-03,Electronics,4844.35,0.05,4602.13,Completed
O005130,C00925,2026-01-14,Home,4017.84,0.1,3616.06,Completed
O005131,C00926,2026-06-26,Electronics,7028.51,0.05,6677.08,Completed
O005132,C00926,2025-11-02,Electronics,4715.81,0.1,4244.23,Completed
O005133,C00926,2026-06-18,Home,2194.58,0.05,2084.85,Completed
O005134,C00926,2025-10-06,Electronics,3788.3,0.2,3030.64,Completed
O005135,C00927,2026-03-07,Grocery,1187.88,0.05,1128.49,Completed
O005136,C00927,2025-12-18,Beauty,1868.68,0.0,1868.68,Completed
O005137,C00927,2026-02-11,Grocery,769.63,0.1,692.67,Completed
O005138,C00927,2026-04-30,Home,1913.12,0.0,1913.12,Completed
O005139,C00928,2026-01-09,Home,4350.13,0.05,4132.62,Completed
O005140,C00928,2026-06-17,Grocery,1435.82,0.05,1364.03,Completed
O005141,C00928,2025-09-14,Sports,928.63,0.1,835.77,Completed
O005142,C00928,2025-04-26,Home,2910.11,0.2,2328.09,Completed
O005143,C00928,2025-06-13,Electronics,7710.6,0.0,7710.6,Completed
O005144,C00928,2025-08-25,Beauty,1472.31,0.0,1472.31,Completed
O005145,C00929,2025-12-20,Electronics,5819.79,0.1,5237.81,Completed
O005146,C00929,2026-04-16,Beauty,1370.12,0.15,1164.6,Completed
O005147,C00929,2025-09-29,Sports,1045.9,0.15,889.02,Completed
O005148,C00929,2026-01-09,Sports,1705.45,0.0,1705.45,Returned
O005149,C00929,2026-01-13,Electronics,7516.19,0.0,7516.19,Completed
O005150,C00929,2026-02-12,Grocery,1562.4,0.0,1562.4,Completed
O005151,C00929,2026-03-30,Electronics,5527.12,0.2,4421.7,Completed
O005152,C00930,2026-05-03,Home,2422.23,0.05,2301.12,Completed
O005153,C00930,2026-06-16,Beauty,1046.01,0.05,993.71,Completed
O005154,C00930,2026-06-27,Electronics,6416.16,0.0,6416.16,Completed
O005155,C00931,2026-02-10,Grocery,656.97,0.2,525.58,Completed
O005156,C00931,2026-03-23,Grocery,261.25,0.0,261.25,Completed
O005157,C00931,2025-05-09,Beauty,1103.1,0.0,1103.1,Completed
O005158,C00931,2026-06-17,Electronics,3975.04,0.0,3975.04,Returned
O005159,C00931,2025-12-15,Beauty,1150.21,0.0,1150.21,Completed
O005160,C00932,2026-04-03,Sports,2006.39,0.05,1906.07,Completed
O005161,C00932,2026-04-15,Home,2150.45,0.0,2150.45,Returned
O005162,C00932,2026-01-17,Home,1101.57,0.0,1101.57,Completed
O005163,C00933,2026-06-26,Beauty,1714.78,0.15,1457.56,Completed
O005164,C00933,2026-06-30,Sports,910.31,0.0,910.31,Completed
O005165,C00933,2026-04-14,Beauty,2026.8,0.0,2026.8,Completed
O005166,C00933,2026-04-08,Grocery,1131.49,0.05,1074.92,Completed
O005167,C00933,2026-06-19,Sports,1807.73,0.05,1717.34,Returned
O005168,C00933,2026-05-24,Grocery,678.63,0.05,644.7,Cancelled
O005169,C00933,2026-06-26,Home,2706.86,0.05,2571.52,Completed
O005170,C00933,2026-06-09,Grocery,601.76,0.15,511.5,Completed
O005171,C00934,2025-08-25,Home,3085.52,0.0,3085.52,Completed
O005172,C00934,2025-08-29,Grocery,538.1,0.15,457.38,Completed
O005173,C00934,2025-10-21,Beauty,1442.09,0.0,1442.09,Completed
O005174,C00934,2025-12-18,Sports,1908.32,0.05,1812.9,Completed
O005175,C00934,2025-12-21,Grocery,782.82,0.2,626.26,Completed
O005176,C00934,2025-09-28,Electronics,3269.15,0.0,3269.15,Completed
O005177,C00934,2025-10-28,Beauty,1851.73,0.1,1666.56,Completed
O005178,C00934,2026-05-01,Beauty,1923.87,0.0,1923.87,Completed
O005179,C00935,2026-04-23,Home,3774.73,0.05,3585.99,Completed
O005180,C00935,2026-05-16,Home,2051.43,0.05,1948.86,Completed
O005181,C00935,2026-06-19,Electronics,8367.22,0.0,8367.22,Completed
O005182,C00936,2026-03-14,Grocery,870.85,0.0,870.85,Completed
O005183,C00936,2026-05-06,Beauty,2391.2,0.0,2391.2,Returned
O005184,C00936,2026-02-16,Beauty,1531.58,0.0,1531.58,Completed
O005185,C00936,2026-04-04,Electronics,5339.66,0.0,5339.66,Completed
O005186,C00937,2026-06-11,Sports,1846.64,0.0,1846.64,Completed
O005187,C00937,2026-04-12,Electronics,6826.29,0.1,6143.66,Completed
O005188,C00937,2026-03-28,Beauty,487.71,0.1,438.94,Completed
O005189,C00937,2026-04-26,Home,2909.28,0.0,2909.28,Completed
O005190,C00937,2026-03-22,Grocery,582.16,0.05,553.05,Completed
O005191,C00938,2025-03-06,Home,2375.12,0.0,2375.12,Completed
O005192,C00938,2025-08-25,Grocery,842.94,0.05,800.79,Completed
O005193,C00938,2026-02-04,Grocery,1052.46,0.05,999.84,Completed
O005194,C00938,2025-12-05,Home,3253.1,0.0,3253.1,Completed
O005195,C00938,2026-04-07,Electronics,8515.65,0.05,8089.87,Completed
O005196,C00938,2025-03-17,Sports,631.19,0.0,631.19,Completed
O005197,C00938,2025-03-22,Home,1961.66,0.1,1765.49,Completed
O005198,C00938,2025-03-04,Home,3405.37,0.2,2724.3,Completed
O005199,C00938,2025-08-07,Home,4546.53,0.0,4546.53,Completed
O005200,C00938,2025-04-13,Home,1496.76,0.1,1347.08,Completed
O005201,C00939,2026-05-24,Grocery,1028.99,0.05,977.54,Completed
O005202,C00939,2026-02-14,Home,3952.3,0.0,3952.3,Returned
O005203,C00939,2026-05-02,Electronics,7180.23,0.05,6821.22,Completed
O005204,C00940,2026-06-13,Sports,3178.01,0.0,3178.01,Completed
O005205,C00940,2026-05-29,Home,3072.0,0.1,2764.8,Completed
O005206,C00940,2026-05-15,Home,3123.03,0.0,3123.03,Completed
O005207,C00940,2026-06-13,Home,3571.63,0.05,3393.05,Completed
O005208,C00940,2026-05-21,Beauty,1019.27,0.05,968.31,Completed
O005209,C00940,2026-05-26,Grocery,1066.41,0.0,1066.41,Completed
O005210,C00940,2026-06-16,Home,2508.31,0.0,2508.31,Completed
O005211,C00940,2026-05-24,Sports,3231.8,0.05,3070.21,Completed
O005212,C00941,2026-03-30,Beauty,1217.15,0.1,1095.44,Completed
O005213,C00941,2026-05-09,Sports,2047.52,0.1,1842.77,Completed
O005214,C00941,2026-04-10,Sports,2420.75,0.05,2299.71,Completed
O005215,C00942,2025-12-19,Sports,3252.9,0.05,3090.26,Completed
O005216,C00942,2026-01-21,Grocery,676.55,0.05,642.72,Completed
O005217,C00942,2026-05-19,Sports,2324.04,0.05,2207.84,Completed
O005218,C00942,2026-06-01,Home,2061.0,0.1,1854.9,Returned
O005219,C00942,2026-06-18,Sports,1691.24,0.15,1437.55,Completed
O005220,C00942,2025-05-18,Sports,2718.42,0.1,2446.58,Returned
O005221,C00943,2026-02-01,Electronics,4689.11,0.0,4689.11,Completed
O005222,C00943,2025-11-28,Grocery,947.89,0.0,947.89,Cancelled
O005223,C00943,2026-03-30,Home,6413.72,0.0,6413.72,Cancelled
O005224,C00943,2026-04-07,Home,2978.52,0.0,2978.52,Completed
O005225,C00943,2025-11-06,Sports,1089.05,0.1,980.14,Completed
O005226,C00944,2026-06-07,Beauty,526.28,0.0,526.28,Completed
O005227,C00944,2026-06-05,Beauty,1251.02,0.05,1188.47,Completed
O005228,C00944,2026-05-16,Grocery,607.26,0.1,546.53,Cancelled
O005229,C00944,2026-06-12,Electronics,6989.21,0.0,6989.21,Completed
O005230,C00945,2026-04-22,Home,1404.5,0.1,1264.05,Completed
O005231,C00945,2026-05-27,Home,2616.14,0.0,2616.14,Completed
O005232,C00945,2026-03-07,Home,1803.44,0.05,1713.27,Completed
O005233,C00945,2026-01-28,Electronics,4509.27,0.05,4283.81,Completed
O005234,C00945,2026-06-04,Beauty,2074.2,0.1,1866.78,Completed
O005235,C00946,2026-03-20,Sports,1857.88,0.05,1764.99,Completed
O005236,C00946,2026-02-09,Sports,2564.59,0.05,2436.36,Completed
O005237,C00946,2026-01-19,Sports,2173.32,0.0,2173.32,Completed
O005238,C00946,2026-03-19,Beauty,1421.72,0.05,1350.63,Completed
O005239,C00947,2026-02-24,Grocery,1074.88,0.0,1074.88,Completed
O005240,C00947,2025-05-08,Sports,1245.45,0.05,1183.18,Completed
O005241,C00948,2026-01-13,Electronics,5197.25,0.0,5197.25,Completed
O005242,C00948,2026-04-12,Grocery,798.1,0.1,718.29,Completed
O005243,C00948,2026-02-14,Home,3060.53,0.1,2754.48,Completed
O005244,C00948,2026-04-25,Beauty,1561.04,0.1,1404.94,Completed
O005245,C00948,2026-04-03,Grocery,495.23,0.05,470.47,Returned
O005246,C00948,2026-05-09,Beauty,1112.66,0.05,1057.03,Returned
O005247,C00948,2026-01-18,Sports,3258.02,0.1,2932.22,Completed
O005248,C00948,2026-04-22,Home,1812.64,0.1,1631.38,Completed
O005249,C00948,2026-03-07,Sports,2166.86,0.05,2058.52,Completed
O005250,C00949,2025-09-05,Beauty,1102.77,0.15,937.35,Completed
O005251,C00949,2025-09-02,Home,3648.1,0.0,3648.1,Completed
O005252,C00949,2025-12-30,Grocery,470.92,0.05,447.37,Returned
O005253,C00949,2026-04-09,Home,3222.2,0.05,3061.09,Completed
O005254,C00949,2025-12-27,Home,1353.83,0.05,1286.14,Returned
O005255,C00949,2026-06-23,Grocery,840.33,0.1,756.3,Completed
O005256,C00949,2025-11-09,Electronics,5885.39,0.0,5885.39,Completed
O005257,C00949,2025-10-17,Electronics,5626.49,0.0,5626.49,Completed
O005258,C00949,2026-03-03,Sports,2298.82,0.05,2183.88,Completed
O005259,C00949,2026-06-15,Electronics,8487.04,0.0,8487.04,Completed
O005260,C00949,2026-05-11,Home,1458.62,0.1,1312.76,Completed
O005261,C00950,2026-06-10,Sports,2990.14,0.1,2691.13,Completed
O005262,C00950,2025-06-11,Sports,1415.04,0.05,1344.29,Completed
O005263,C00950,2025-07-26,Beauty,1174.75,0.0,1174.75,Completed
O005264,C00950,2025-11-30,Grocery,824.32,0.05,783.1,Completed
O005265,C00950,2026-02-19,Sports,2650.58,0.15,2252.99,Cancelled
O005266,C00950,2026-01-13,Beauty,1332.76,0.15,1132.85,Completed
O005267,C00950,2026-03-29,Sports,1432.85,0.1,1289.56,Completed
O005268,C00951,2026-04-15,Electronics,7102.5,0.15,6037.12,Completed
O005269,C00951,2025-05-20,Grocery,851.67,0.05,809.09,Completed
O005270,C00951,2026-04-27,Beauty,1496.26,0.1,1346.63,Completed
O005271,C00951,2026-05-16,Home,3316.23,0.0,3316.23,Completed
O005272,C00951,2025-08-10,Home,4683.79,0.0,4683.79,Completed
O005273,C00951,2026-04-13,Sports,2205.72,0.05,2095.43,Completed
O005274,C00951,2026-03-18,Beauty,1362.9,0.05,1294.76,Completed
O005275,C00951,2025-03-29,Home,2627.92,0.05,2496.52,Completed
O005276,C00951,2026-05-17,Sports,3595.93,0.05,3416.13,Completed
O005277,C00952,2025-01-31,Electronics,4276.61,0.1,3848.95,Completed
O005278,C00952,2025-04-11,Sports,3849.14,0.1,3464.23,Completed
O005279,C00952,2026-04-01,Beauty,1397.85,0.05,1327.96,Returned
O005280,C00952,2026-04-16,Home,4331.82,0.0,4331.82,Completed
O005281,C00953,2025-10-30,Beauty,1625.22,0.05,1543.96,Completed
O005282,C00953,2025-11-04,Home,4482.21,0.05,4258.1,Completed
O005283,C00954,2025-05-30,Sports,2368.37,0.1,2131.53,Completed
O005284,C00954,2025-05-22,Grocery,1173.55,0.1,1056.2,Completed
O005285,C00954,2026-06-18,Electronics,4725.52,0.0,4725.52,Completed
O005286,C00954,2025-10-06,Grocery,768.05,0.1,691.24,Completed
O005287,C00954,2026-04-10,Home,2565.72,0.05,2437.43,Completed
O005288,C00954,2025-05-24,Home,3444.81,0.2,2755.85,Completed
O005289,C00954,2025-03-20,Home,3438.96,0.15,2923.12,Completed
O005290,C00954,2026-04-08,Home,4069.41,0.0,4069.41,Completed
O005291,C00955,2026-02-01,Sports,1970.49,0.0,1970.49,Completed
O005292,C00955,2026-05-05,Grocery,882.85,0.2,706.28,Completed
O005293,C00955,2025-11-16,Home,3161.27,0.1,2845.14,Completed
O005294,C00955,2025-11-01,Beauty,1061.19,0.15,902.01,Completed
O005295,C00955,2025-11-04,Sports,2017.99,0.0,2017.99,Completed
O005296,C00956,2025-07-27,Beauty,1097.84,0.2,878.27,Completed
O005297,C00956,2025-06-26,Beauty,1354.83,0.1,1219.35,Completed
O005298,C00956,2025-06-09,Grocery,656.3,0.05,623.48,Completed
O005299,C00956,2025-09-22,Sports,1866.04,0.1,1679.44,Completed
O005300,C00957,2025-11-13,Electronics,5697.71,0.1,5127.94,Completed
O005301,C00957,2025-03-14,Electronics,11302.66,0.05,10737.53,Completed
O005302,C00957,2025-07-24,Electronics,5522.97,0.05,5246.82,Completed
O005303,C00957,2026-02-13,Grocery,1172.15,0.1,1054.94,Completed
O005304,C00957,2026-04-18,Electronics,982.03,0.05,932.93,Cancelled
O005305,C00957,2025-04-28,Home,2630.53,0.0,2630.53,Completed
O005306,C00957,2025-12-02,Electronics,5973.74,0.1,5376.37,Completed
O005307,C00958,2025-09-07,Grocery,757.26,0.0,757.26,Completed
O005308,C00958,2025-11-20,Beauty,1430.9,0.05,1359.36,Completed
O005309,C00958,2026-06-19,Sports,1150.13,0.05,1092.62,Completed
O005310,C00958,2025-10-27,Beauty,1264.05,0.0,1264.05,Returned
O005311,C00958,2026-01-02,Sports,3110.06,0.1,2799.05,Completed
O005312,C00959,2025-12-23,Beauty,1505.61,0.1,1355.05,Completed
O005313,C00960,2026-02-15,Beauty,1664.6,0.0,1664.6,Completed
O005314,C00960,2025-08-11,Home,2510.79,0.05,2385.25,Completed
O005315,C00960,2026-06-27,Beauty,1343.53,0.15,1142.0,Completed
O005316,C00960,2026-02-06,Sports,2723.52,0.0,2723.52,Returned
O005317,C00960,2025-09-12,Grocery,470.86,0.05,447.32,Completed
O005318,C00960,2025-04-01,Beauty,1420.57,0.15,1207.48,Completed
O005319,C00960,2026-05-24,Beauty,1920.06,0.05,1824.06,Completed
O005320,C00960,2026-04-19,Electronics,6957.79,0.1,6262.01,Completed
O005321,C00961,2026-04-24,Sports,1847.76,0.0,1847.76,Completed
O005322,C00961,2026-06-14,Home,2038.19,0.0,2038.19,Completed
O005323,C00961,2026-04-27,Grocery,1162.31,0.0,1162.31,Completed
O005324,C00962,2025-12-05,Grocery,1052.31,0.0,1052.31,Returned
O005325,C00962,2026-01-14,Home,2948.32,0.1,2653.49,Completed
O005326,C00962,2026-02-06,Sports,2318.26,0.0,2318.26,Completed
O005327,C00962,2026-04-11,Sports,2879.59,0.1,2591.63,Completed
O005328,C00962,2026-03-15,Sports,2455.39,0.05,2332.62,Completed
O005329,C00963,2026-06-13,Home,969.37,0.15,823.96,Completed
O005330,C00963,2026-03-21,Beauty,1385.39,0.05,1316.12,Returned
O005331,C00963,2026-03-23,Beauty,1544.61,0.05,1467.38,Completed
O005332,C00963,2026-03-26,Beauty,1688.03,0.05,1603.63,Completed
O005333,C00963,2026-06-15,Sports,1690.96,0.1,1521.86,Completed
O005334,C00963,2026-04-19,Grocery,1238.27,0.05,1176.36,Completed
O005335,C00963,2026-05-22,Sports,1748.74,0.05,1661.3,Completed
O005336,C00963,2026-06-23,Grocery,1092.92,0.0,1092.92,Completed
O005337,C00963,2026-06-30,Electronics,6686.51,0.0,6686.51,Completed
O005338,C00964,2026-01-20,Sports,2930.53,0.0,2930.53,Completed
O005339,C00964,2026-06-20,Sports,1524.15,0.15,1295.53,Completed
O005340,C00964,2026-04-09,Electronics,1111.81,0.0,1111.81,Completed
O005341,C00965,2026-06-25,Sports,1787.18,0.05,1697.82,Completed
O005342,C00965,2025-11-12,Grocery,1060.48,0.05,1007.46,Completed
O005343,C00965,2025-09-22,Home,2699.14,0.2,2159.31,Returned
O005344,C00966,2026-03-13,Grocery,688.34,0.0,688.34,Completed
O005345,C00966,2026-06-21,Grocery,439.89,0.0,439.89,Completed
O005346,C00966,2025-07-06,Home,2676.89,0.05,2543.05,Completed
O005347,C00966,2026-03-01,Electronics,5403.0,0.1,4862.7,Completed
O005348,C00966,2025-11-21,Grocery,997.64,0.05,947.76,Completed
O005349,C00967,2026-05-25,Sports,1280.14,0.1,1152.13,Completed
O005350,C00967,2025-05-29,Sports,2202.17,0.0,2202.17,Returned
O005351,C00967,2025-05-02,Sports,1013.15,0.0,1013.15,Completed
O005352,C00967,2026-02-06,Grocery,1207.27,0.05,1146.91,Returned
O005353,C00967,2025-07-05,Home,3503.18,0.15,2977.7,Completed
O005354,C00967,2025-06-20,Home,1827.58,0.0,1827.58,Completed
O005355,C00968,2026-06-16,Electronics,5059.93,0.05,4806.93,Completed
O005356,C00969,2026-05-05,Sports,2926.57,0.05,2780.24,Completed
O005357,C00969,2026-06-13,Electronics,4730.12,0.1,4257.11,Completed
O005358,C00970,2025-12-13,Beauty,1816.43,0.0,1816.43,Completed
O005359,C00970,2026-06-21,Sports,1820.7,0.1,1638.63,Completed
O005360,C00970,2026-05-17,Beauty,1940.24,0.0,1940.24,Completed
O005361,C00970,2025-12-28,Beauty,1425.11,0.05,1353.85,Completed
O005362,C00971,2026-05-16,Sports,2084.05,0.05,1979.85,Completed
O005363,C00971,2026-05-19,Electronics,8023.31,0.15,6819.81,Completed
O005364,C00971,2026-05-16,Home,1533.05,0.05,1456.4,Completed
O005365,C00971,2026-03-10,Sports,673.38,0.1,606.04,Completed
O005366,C00971,2025-07-26,Beauty,1867.31,0.05,1773.94,Completed
O005367,C00972,2025-09-12,Grocery,1041.6,0.15,885.36,Completed
O005368,C00972,2026-06-17,Grocery,412.62,0.1,371.36,Completed
O005369,C00972,2025-06-23,Beauty,658.81,0.1,592.93,Completed
O005370,C00972,2025-11-30,Sports,1590.76,0.0,1590.76,Completed
O005371,C00972,2026-04-20,Grocery,1040.24,0.0,1040.24,Returned
O005372,C00972,2025-12-30,Home,3447.96,0.0,3447.96,Completed
O005373,C00972,2025-09-12,Beauty,1524.72,0.1,1372.25,Completed
O005374,C00973,2025-12-29,Beauty,1081.39,0.1,973.25,Completed
O005375,C00973,2025-12-22,Electronics,7752.12,0.0,7752.12,Cancelled
O005376,C00973,2025-12-22,Beauty,574.73,0.0,574.73,Completed
O005377,C00973,2026-06-07,Grocery,871.96,0.0,871.96,Completed
O005378,C00973,2026-01-17,Electronics,5230.8,0.15,4446.18,Completed
O005379,C00973,2026-04-25,Beauty,1188.25,0.05,1128.84,Completed
O005380,C00973,2026-01-01,Beauty,1459.58,0.0,1459.58,Completed
O005381,C00974,2025-10-18,Grocery,999.92,0.15,849.93,Completed
O005382,C00974,2026-04-19,Electronics,10571.41,0.0,10571.41,Completed
O005383,C00974,2025-09-13,Electronics,1333.55,0.0,1333.55,Completed
O005384,C00974,2026-02-03,Grocery,461.9,0.05,438.8,Completed
O005385,C00974,2025-07-13,Sports,2648.38,0.2,2118.7,Completed
O005386,C00974,2025-11-09,Beauty,1406.13,0.05,1335.82,Completed
O005387,C00974,2026-05-06,Beauty,1363.28,0.0,1363.28,Completed
O005388,C00974,2026-05-20,Home,2793.04,0.1,2513.74,Completed
O005389,C00975,2026-05-27,Grocery,1283.63,0.15,1091.09,Completed
O005390,C00975,2026-06-05,Home,1554.85,0.05,1477.11,Completed
O005391,C00975,2026-04-04,Sports,1221.56,0.0,1221.56,Completed
O005392,C00976,2025-08-13,Grocery,804.8,0.0,804.8,Completed
O005393,C00976,2026-04-01,Beauty,913.77,0.05,868.08,Completed
O005394,C00976,2025-10-22,Beauty,644.79,0.1,580.31,Completed
O005395,C00976,2025-11-29,Sports,2626.02,0.15,2232.12,Completed
O005396,C00976,2026-03-30,Home,2581.74,0.0,2581.74,Completed
O005397,C00977,2025-12-16,Beauty,1568.04,0.05,1489.64,Completed
O005398,C00977,2025-04-27,Electronics,8166.84,0.0,8166.84,Completed
O005399,C00977,2025-12-15,Beauty,945.04,0.1,850.54,Completed
O005400,C00977,2025-07-20,Grocery,764.61,0.0,764.61,Completed
O005401,C00977,2026-01-30,Electronics,6329.78,0.15,5380.31,Completed
O005402,C00978,2026-04-13,Grocery,220.83,0.05,209.79,Completed
O005403,C00978,2026-05-09,Home,3254.05,0.1,2928.65,Completed
O005404,C00978,2026-05-11,Beauty,1579.46,0.15,1342.54,Completed
O005405,C00978,2026-06-07,Sports,840.55,0.0,840.55,Completed
O005406,C00979,2025-11-03,Beauty,1782.03,0.05,1692.93,Completed
O005407,C00979,2025-11-27,Home,600.01,0.05,570.01,Completed
O005408,C00979,2026-05-24,Home,2562.88,0.2,2050.3,Completed
O005409,C00979,2026-04-16,Electronics,9979.23,0.05,9480.27,Completed
O005410,C00979,2026-06-12,Home,3243.88,0.15,2757.3,Completed
O005411,C00980,2026-05-17,Sports,1497.59,0.1,1347.83,Completed
O005412,C00980,2026-03-30,Home,4701.21,0.0,4701.21,Completed
O005413,C00980,2026-01-18,Grocery,257.94,0.05,245.04,Returned
O005414,C00980,2026-04-23,Beauty,1369.2,0.05,1300.74,Completed
O005415,C00980,2026-05-01,Sports,1291.97,0.05,1227.37,Completed
O005416,C00980,2026-04-12,Sports,1728.48,0.15,1469.21,Completed
O005417,C00980,2026-04-23,Electronics,4278.51,0.2,3422.81,Completed
O005418,C00980,2026-05-28,Beauty,1525.12,0.15,1296.35,Completed
O005419,C00980,2026-03-26,Home,3614.14,0.0,3614.14,Completed
O005420,C00980,2026-06-02,Sports,2617.56,0.0,2617.56,Completed
O005421,C00980,2026-02-06,Home,2513.92,0.05,2388.22,Completed
O005422,C00980,2026-04-05,Grocery,628.58,0.0,628.58,Completed
O005423,C00981,2026-06-04,Electronics,4461.41,0.0,4461.41,Completed
O005424,C00981,2026-06-27,Beauty,1504.79,0.0,1504.79,Completed
O005425,C00981,2025-12-08,Home,3185.7,0.0,3185.7,Completed
O005426,C00981,2026-02-07,Home,2706.74,0.0,2706.74,Completed
O005427,C00981,2025-11-30,Sports,1752.43,0.0,1752.43,Completed
O005428,C00981,2025-09-14,Home,3215.08,0.05,3054.33,Completed
O005429,C00981,2025-08-03,Home,4536.99,0.1,4083.29,Completed
O005430,C00981,2026-06-03,Home,1450.75,0.05,1378.21,Completed
O005431,C00982,2025-09-27,Beauty,265.43,0.15,225.62,Completed
O005432,C00982,2025-11-14,Home,3772.99,0.05,3584.34,Completed
O005433,C00982,2026-04-03,Sports,1225.32,0.15,1041.52,Completed
O005434,C00982,2025-12-18,Electronics,2260.09,0.15,1921.08,Returned
O005435,C00982,2025-11-11,Beauty,1989.86,0.1,1790.87,Completed
O005436,C00982,2026-05-23,Home,3451.21,0.2,2760.97,Completed
O005437,C00983,2025-05-01,Electronics,6091.52,0.15,5177.79,Completed
O005438,C00983,2025-12-24,Beauty,1804.24,0.0,1804.24,Completed
O005439,C00983,2026-02-02,Sports,2147.65,0.15,1825.5,Completed
O005440,C00984,2025-12-04,Sports,890.77,0.0,890.77,Returned
O005441,C00984,2026-01-22,Electronics,5004.75,0.1,4504.28,Completed
O005442,C00984,2025-11-18,Home,4143.1,0.1,3728.79,Completed
O005443,C00985,2026-02-18,Sports,1350.04,0.05,1282.54,Completed
O005444,C00985,2026-01-25,Grocery,719.07,0.05,683.12,Completed
O005445,C00985,2025-12-23,Sports,2509.27,0.05,2383.81,Completed
O005446,C00985,2026-05-26,Electronics,2891.81,0.0,2891.81,Completed
O005447,C00985,2026-05-27,Sports,2217.67,0.1,1995.9,Returned
O005448,C00985,2026-06-18,Sports,2887.65,0.1,2598.89,Completed
O005449,C00985,2026-01-18,Sports,1460.87,0.05,1387.83,Completed
O005450,C00985,2026-02-11,Electronics,8518.83,0.0,8518.83,Returned
O005451,C00985,2025-12-09,Electronics,3759.94,0.1,3383.95,Completed
O005452,C00985,2025-11-30,Electronics,10793.56,0.15,9174.53,Completed
O005453,C00985,2026-03-14,Grocery,907.22,0.1,816.5,Cancelled
O005454,C00986,2026-03-18,Electronics,8632.61,0.0,8632.61,Completed
O005455,C00986,2026-06-19,Grocery,497.39,0.0,497.39,Completed
O005456,C00986,2026-06-15,Sports,2254.38,0.0,2254.38,Completed
O005457,C00986,2026-03-31,Electronics,7800.29,0.0,7800.29,Completed
O005458,C00986,2026-06-20,Home,3402.74,0.05,3232.6,Cancelled
O005459,C00986,2026-04-28,Sports,1224.03,0.0,1224.03,Completed
O005460,C00986,2026-05-11,Beauty,770.71,0.1,693.64,Completed
O005461,C00987,2025-12-29,Home,2281.85,0.15,1939.57,Completed
O005462,C00987,2025-05-01,Beauty,1687.69,0.15,1434.54,Completed
O005463,C00987,2025-04-13,Grocery,740.33,0.2,592.26,Completed
O005464,C00987,2025-06-14,Sports,3256.4,0.0,3256.4,Completed
O005465,C00987,2026-05-02,Electronics,6342.27,0.1,5708.04,Completed
O005466,C00987,2025-09-29,Grocery,1118.78,0.15,950.96,Completed
O005467,C00987,2026-05-04,Grocery,1448.62,0.1,1303.76,Completed
O005468,C00987,2026-04-17,Grocery,1061.78,0.0,1061.78,Completed
O005469,C00987,2025-11-17,Electronics,6415.19,0.1,5773.67,Cancelled
O005470,C00987,2025-12-02,Grocery,160.38,0.0,160.38,Completed
O005471,C00988,2026-05-25,Electronics,4999.32,0.0,4999.32,Completed
O005472,C00988,2026-06-22,Home,2810.5,0.15,2388.92,Completed
O005473,C00988,2026-06-10,Electronics,8507.38,0.0,8507.38,Completed
O005474,C00988,2026-04-10,Grocery,874.77,0.05,831.03,Returned
O005475,C00989,2025-11-07,Electronics,4544.76,0.15,3863.05,Completed
O005476,C00989,2026-05-18,Sports,1306.51,0.0,1306.51,Returned
O005477,C00989,2026-01-14,Electronics,5733.18,0.0,5733.18,Completed
O005478,C00989,2025-08-27,Home,1575.22,0.1,1417.7,Completed
O005479,C00989,2026-05-28,Home,1844.35,0.05,1752.13,Completed
O005480,C00989,2025-10-28,Electronics,7778.36,0.0,7778.36,Completed
O005481,C00989,2026-05-21,Beauty,827.26,0.0,827.26,Completed
O005482,C00990,2025-02-25,Electronics,8661.1,0.05,8228.04,Completed
O005483,C00990,2025-05-28,Grocery,660.31,0.0,660.31,Completed
O005484,C00990,2025-11-22,Beauty,1058.46,0.1,952.61,Completed
O005485,C00990,2025-07-15,Sports,2627.87,0.0,2627.87,Completed
O005486,C00990,2025-01-21,Home,150.0,0.0,150.0,Completed
O005487,C00990,2025-11-24,Electronics,4761.71,0.05,4523.62,Completed
O005488,C00990,2025-11-17,Grocery,470.89,0.0,470.89,Completed
O005489,C00991,2025-11-15,Home,1263.74,0.0,1263.74,Completed
O005490,C00991,2026-01-22,Sports,1406.07,0.0,1406.07,Cancelled
O005491,C00991,2026-03-23,Beauty,707.39,0.0,707.39,Completed
O005492,C00992,2026-01-29,Beauty,1731.52,0.0,1731.52,Completed
O005493,C00992,2026-03-13,Grocery,628.85,0.05,597.41,Completed
O005494,C00992,2026-01-23,Home,2278.68,0.0,2278.68,Returned
O005495,C00992,2026-04-24,Electronics,2398.78,0.1,2158.9,Completed
O005496,C00992,2026-04-11,Electronics,11817.61,0.1,10635.85,Completed
O005497,C00992,2025-09-05,Electronics,8107.48,0.15,6891.36,Completed
O005498,C00992,2025-08-11,Home,1273.89,0.1,1146.5,Completed
O005499,C00993,2025-08-21,Home,2020.16,0.0,2020.16,Completed
O005500,C00993,2025-05-28,Grocery,665.43,0.1,598.89,Completed
O005501,C00993,2025-12-28,Home,1496.41,0.1,1346.77,Completed
O005502,C00993,2026-01-17,Beauty,2019.12,0.05,1918.16,Completed
O005503,C00994,2026-01-18,Home,2682.2,0.15,2279.87,Completed
O005504,C00994,2026-05-13,Grocery,1152.93,0.2,922.34,Returned
O005505,C00994,2026-02-24,Electronics,8306.56,0.15,7060.58,Completed
O005506,C00994,2026-03-28,Beauty,1305.7,0.05,1240.42,Completed
O005507,C00994,2026-01-13,Sports,3076.07,0.15,2614.66,Returned
O005508,C00994,2026-04-23,Home,3050.02,0.0,3050.02,Completed
O005509,C00995,2026-03-18,Sports,1337.11,0.15,1136.54,Completed
O005510,C00995,2025-10-07,Beauty,740.46,0.1,666.41,Completed
O005511,C00995,2026-03-31,Home,2767.64,0.1,2490.88,Completed
O005512,C00996,2026-06-23,Home,2846.73,0.05,2704.39,Completed
O005513,C00997,2026-01-25,Beauty,1163.37,0.2,930.7,Completed
O005514,C00997,2026-06-18,Home,3460.75,0.05,3287.71,Completed
O005515,C00997,2026-04-12,Grocery,547.77,0.1,492.99,Completed
O005516,C00997,2026-06-24,Grocery,1147.42,0.05,1090.05,Completed
O005517,C00997,2026-06-10,Home,2126.82,0.1,1914.14,Completed
O005518,C00998,2026-05-26,Home,3265.62,0.05,3102.34,Completed
O005519,C00998,2026-04-29,Sports,1053.82,0.1,948.44,Completed
O005520,C00999,2026-01-11,Electronics,5118.14,0.15,4350.42,Completed
O005521,C00999,2026-05-06,Home,3089.16,0.0,3089.16,Cancelled
O005522,C00999,2025-08-09,Beauty,1044.09,0.05,991.89,Completed
O005523,C00999,2025-09-02,Grocery,1248.63,0.05,1186.2,Completed
O005524,C00999,2025-08-26,Grocery,1132.03,0.1,1018.83,Completed
O005525,C00999,2026-01-25,Electronics,7518.22,0.0,7518.22,Cancelled
O005526,C00999,2025-12-16,Electronics,3987.02,0.1,3588.32,Cancelled
O005527,C00999,2026-01-02,Beauty,1458.92,0.0,1458.92,Completed
O005528,C00999,2025-11-17,Home,2759.71,0.0,2759.71,Completed
O005529,C00999,2025-10-24,Beauty,1412.16,0.0,1412.16,Completed
O005530,C00999,2025-07-06,Electronics,4564.5,0.1,4108.05,Completed
O005531,C00999,2026-01-10,Home,3240.48,0.15,2754.41,Completed
O005532,C01000,2026-02-16,Electronics,9822.7,0.1,8840.43,Completed
O005533,C01000,2025-05-31,Home,2906.27,0.15,2470.33,Completed
O005534,C01000,2025-12-04,Grocery,706.72,0.0,706.72,Completed
O005535,C01001,2026-02-10,Electronics,5545.02,0.1,4990.52,Cancelled
O005536,C01001,2026-03-02,Beauty,1068.36,0.0,1068.36,Completed
O005537,C01002,2025-10-20,Grocery,1233.36,0.15,1048.36,Completed
O005538,C01002,2025-10-09,Grocery,716.52,0.05,680.69,Completed
O005539,C01002,2025-04-16,Electronics,7321.56,0.05,6955.48,Returned
O005540,C01002,2025-06-28,Beauty,1131.25,0.0,1131.25,Completed
O005541,C01002,2026-02-07,Home,1693.66,0.1,1524.29,Returned
O005542,C01002,2025-12-24,Grocery,1180.46,0.15,1003.39,Completed
O005543,C01003,2026-02-06,Grocery,646.99,0.0,646.99,Completed
O005544,C01003,2025-11-22,Sports,2794.92,0.05,2655.17,Completed
O005545,C01003,2026-02-27,Home,2243.76,0.05,2131.57,Completed
O005546,C01003,2025-09-09,Electronics,7053.6,0.0,7053.6,Completed
O005547,C01003,2026-04-16,Grocery,481.91,0.1,433.72,Completed
O005548,C01003,2026-04-30,Home,1646.52,0.15,1399.54,Completed
O005549,C01004,2025-12-07,Home,3316.67,0.0,3316.67,Returned
O005550,C01004,2026-04-15,Grocery,823.65,0.15,700.1,Returned
O005551,C01004,2026-02-17,Electronics,9041.62,0.2,7233.3,Completed
O005552,C01004,2026-04-11,Home,2788.49,0.05,2649.07,Completed
O005553,C01005,2026-03-22,Sports,1412.43,0.15,1200.57,Completed
O005554,C01005,2025-07-24,Sports,1525.65,0.15,1296.8,Completed
O005555,C01005,2026-01-15,Sports,977.18,0.0,977.18,Completed
O005556,C01005,2026-06-16,Beauty,1396.73,0.0,1396.73,Completed
O005557,C01006,2026-04-11,Sports,2604.11,0.05,2473.9,Completed
O005558,C01006,2026-05-12,Home,1551.29,0.0,1551.29,Completed
O005559,C01006,2026-04-15,Electronics,3407.62,0.0,3407.62,Completed
O005560,C01006,2026-04-15,Sports,3470.9,0.1,3123.81,Completed
O005561,C01006,2026-06-13,Beauty,838.43,0.1,754.59,Returned
O005562,C01006,2026-06-23,Electronics,5339.18,0.1,4805.26,Completed
O005563,C01006,2026-05-27,Electronics,10613.71,0.15,9021.65,Completed
O005564,C01006,2026-03-16,Home,2975.02,0.15,2528.77,Completed
O005565,C01006,2026-03-18,Home,3032.3,0.15,2577.46,Completed
O005566,C01006,2026-05-19,Electronics,8293.11,0.1,7463.8,Completed
O005567,C01006,2026-03-17,Beauty,1645.84,0.15,1398.96,Completed
O005568,C01006,2026-05-16,Sports,1422.05,0.05,1350.95,Completed
O005569,C01006,2026-06-18,Electronics,5208.11,0.0,5208.11,Completed
O005570,C01007,2026-02-19,Grocery,907.44,0.15,771.32,Completed
O005571,C01007,2025-09-24,Sports,2445.73,0.15,2078.87,Completed
O005572,C01007,2026-03-28,Grocery,1454.84,0.05,1382.1,Completed
O005573,C01007,2026-06-28,Grocery,517.99,0.0,517.99,Completed
O005574,C01007,2025-09-18,Sports,2893.67,0.2,2314.94,Completed
O005575,C01007,2025-07-24,Grocery,801.29,0.0,801.29,Completed
O005576,C01007,2025-10-22,Electronics,7834.12,0.05,7442.41,Completed
O005577,C01008,2026-02-26,Sports,3733.43,0.05,3546.76,Completed
O005578,C01008,2026-02-20,Grocery,683.49,0.0,683.49,Completed
O005579,C01008,2026-03-16,Beauty,1819.31,0.05,1728.34,Completed
O005580,C01008,2025-07-01,Grocery,786.79,0.05,747.45,Completed
O005581,C01008,2026-02-11,Grocery,839.49,0.2,671.59,Completed
O005582,C01008,2025-03-19,Grocery,1166.33,0.15,991.38,Completed
O005583,C01008,2025-10-13,Home,1236.79,0.05,1174.95,Completed
O005584,C01008,2026-02-06,Grocery,1183.11,0.0,1183.11,Completed
O005585,C01009,2025-07-27,Home,1610.22,0.15,1368.69,Completed
O005586,C01009,2025-05-11,Beauty,292.95,0.0,292.95,Completed
O005587,C01009,2026-06-06,Home,2261.61,0.05,2148.53,Cancelled
O005588,C01009,2025-12-22,Beauty,2009.16,0.05,1908.7,Completed
O005589,C01009,2025-04-29,Sports,3132.28,0.0,3132.28,Completed
O005590,C01009,2025-12-12,Sports,2580.52,0.0,2580.52,Completed
O005591,C01009,2025-06-29,Beauty,978.9,0.05,929.96,Returned
O005592,C01009,2025-05-30,Beauty,870.77,0.1,783.69,Returned
O005593,C01009,2026-03-16,Home,3232.1,0.1,2908.89,Cancelled
O005594,C01009,2026-06-02,Grocery,819.76,0.0,819.76,Completed
O005595,C01010,2025-05-19,Beauty,2390.76,0.0,2390.76,Completed
O005596,C01010,2025-11-21,Sports,1581.45,0.1,1423.3,Completed
O005597,C01011,2026-04-04,Beauty,1564.42,0.05,1486.2,Completed
O005598,C01011,2026-03-14,Electronics,1513.23,0.0,1513.23,Completed
O005599,C01011,2026-06-29,Grocery,1117.54,0.05,1061.66,Cancelled
O005600,C01011,2026-04-29,Home,3867.71,0.05,3674.32,Completed
O005601,C01011,2026-04-07,Grocery,738.71,0.1,664.84,Completed
O005602,C01011,2026-01-28,Sports,2640.44,0.0,2640.44,Completed
O005603,C01012,2026-05-26,Sports,3580.97,0.0,3580.97,Completed
O005604,C01012,2026-01-02,Beauty,1281.76,0.05,1217.67,Completed
O005605,C01012,2025-12-20,Grocery,470.78,0.0,470.78,Completed
O005606,C01012,2026-04-15,Beauty,940.57,0.0,940.57,Returned
O005607,C01012,2026-03-05,Beauty,1748.15,0.05,1660.74,Completed
O005608,C01012,2026-01-15,Electronics,7181.16,0.1,6463.04,Completed
O005609,C01012,2026-03-18,Home,3105.17,0.1,2794.65,Returned
O005610,C01012,2026-03-31,Beauty,1970.72,0.15,1675.11,Completed
O005611,C01012,2025-12-21,Electronics,4972.63,0.1,4475.37,Completed
O005612,C01013,2026-02-17,Sports,1650.37,0.15,1402.81,Completed
O005613,C01013,2025-10-21,Electronics,7846.21,0.0,7846.21,Completed
O005614,C01013,2026-04-08,Grocery,1005.69,0.1,905.12,Completed
O005615,C01013,2025-09-28,Sports,2575.83,0.1,2318.25,Completed
O005616,C01013,2025-09-13,Sports,2266.6,0.0,2266.6,Completed
O005617,C01013,2025-07-15,Home,2184.59,0.0,2184.59,Returned
O005618,C01014,2025-12-31,Home,3380.89,0.0,3380.89,Completed
O005619,C01014,2026-04-22,Sports,1365.46,0.2,1092.37,Completed
O005620,C01014,2026-03-04,Beauty,1076.9,0.05,1023.06,Completed
O005621,C01015,2026-04-25,Sports,2763.91,0.1,2487.52,Completed
O005622,C01015,2026-03-09,Grocery,910.35,0.0,910.35,Completed
O005623,C01015,2026-03-31,Electronics,10523.7,0.1,9471.33,Completed
O005624,C01015,2026-05-14,Sports,2213.08,0.0,2213.08,Completed
O005625,C01015,2026-03-04,Home,2887.89,0.0,2887.89,Completed
O005626,C01015,2026-04-22,Sports,2836.55,0.0,2836.55,Completed
O005627,C01015,2026-01-23,Beauty,774.72,0.1,697.25,Completed
O005628,C01016,2026-06-23,Home,2805.99,0.0,2805.99,Completed
O005629,C01016,2026-03-16,Home,2441.13,0.05,2319.07,Completed
O005630,C01016,2026-04-07,Electronics,10054.95,0.0,10054.95,Completed
O005631,C01016,2026-03-19,Sports,608.22,0.0,608.22,Cancelled
O005632,C01016,2026-04-24,Beauty,924.12,0.1,831.71,Completed
O005633,C01016,2026-06-25,Electronics,8688.24,0.1,7819.42,Completed
O005634,C01016,2026-03-22,Home,1344.06,0.05,1276.86,Completed
O005635,C01017,2026-06-06,Beauty,2297.64,0.05,2182.76,Completed
O005636,C01017,2025-12-03,Sports,1945.8,0.05,1848.51,Completed
O005637,C01017,2026-06-11,Grocery,1342.42,0.0,1342.42,Completed
O005638,C01017,2026-06-14,Home,1274.67,0.05,1210.94,Completed
O005639,C01017,2026-03-19,Sports,2628.32,0.0,2628.32,Completed
O005640,C01018,2026-04-28,Sports,2201.07,0.15,1870.91,Completed
O005641,C01018,2025-10-21,Electronics,6539.33,0.1,5885.4,Completed
O005642,C01018,2025-10-09,Electronics,6989.3,0.05,6639.84,Completed
O005643,C01018,2025-10-18,Home,2278.27,0.05,2164.36,Completed
O005644,C01018,2026-02-07,Grocery,1038.7,0.0,1038.7,Completed
O005645,C01018,2025-08-21,Home,2203.93,0.05,2093.73,Cancelled
O005646,C01018,2025-09-10,Beauty,1858.04,0.0,1858.04,Completed
O005647,C01018,2026-03-22,Grocery,1167.54,0.1,1050.79,Completed
O005648,C01018,2025-08-19,Sports,2810.26,0.0,2810.26,Completed
O005649,C01018,2026-04-17,Beauty,1318.02,0.0,1318.02,Completed
O005650,C01018,2026-01-06,Sports,2289.8,0.1,2060.82,Completed
O005651,C01019,2025-10-02,Sports,2184.06,0.05,2074.86,Completed
O005652,C01019,2025-12-25,Grocery,1334.39,0.0,1334.39,Completed
O005653,C01019,2025-11-07,Grocery,1173.31,0.1,1055.98,Completed
O005654,C01019,2025-11-24,Home,2764.23,0.0,2764.23,Completed
O005655,C01019,2026-01-11,Electronics,7589.59,0.05,7210.11,Completed
O005656,C01019,2026-01-02,Home,3751.79,0.15,3189.02,Completed
O005657,C01019,2026-03-28,Home,3419.37,0.2,2735.5,Completed
O005658,C01019,2026-04-20,Electronics,5245.4,0.1,4720.86,Completed
O005659,C01019,2026-05-05,Grocery,547.22,0.15,465.14,Completed
O005660,C01019,2025-11-21,Home,3065.76,0.05,2912.47,Completed
O005661,C01019,2026-06-19,Home,1199.23,0.15,1019.35,Completed
O005662,C01019,2025-12-16,Electronics,8738.39,0.1,7864.55,Completed
O005663,C01020,2025-04-17,Sports,3443.01,0.0,3443.01,Completed
O005664,C01020,2025-02-28,Beauty,1985.59,0.05,1886.31,Completed
O005665,C01020,2025-05-18,Home,924.99,0.0,924.99,Completed
O005666,C01020,2025-09-15,Electronics,9606.42,0.0,9606.42,Completed
O005667,C01020,2025-12-21,Home,3431.4,0.0,3431.4,Returned
O005668,C01020,2025-03-27,Electronics,4302.3,0.0,4302.3,Returned
O005669,C01021,2026-02-24,Sports,1876.32,0.05,1782.5,Completed
O005670,C01021,2026-04-02,Beauty,1433.02,0.1,1289.72,Cancelled
O005671,C01021,2026-05-17,Home,186.15,0.05,176.84,Completed
O005672,C01021,2026-01-14,Beauty,1710.48,0.0,1710.48,Cancelled
O005673,C01021,2026-03-08,Sports,864.12,0.2,691.3,Returned
O005674,C01021,2025-12-04,Grocery,659.22,0.1,593.3,Completed
O005675,C01021,2026-03-08,Electronics,4693.92,0.05,4459.22,Completed
O005676,C01022,2025-11-04,Electronics,9229.67,0.1,8306.7,Completed
O005677,C01022,2025-10-17,Beauty,2308.24,0.05,2192.83,Cancelled
O005678,C01022,2025-10-23,Beauty,2361.71,0.0,2361.71,Completed
O005679,C01022,2026-06-01,Sports,2302.98,0.1,2072.68,Completed
O005680,C01022,2025-10-06,Beauty,693.37,0.05,658.7,Cancelled
O005681,C01023,2025-05-31,Home,2840.97,0.0,2840.97,Completed
O005682,C01023,2025-05-27,Electronics,5568.46,0.1,5011.61,Completed
O005683,C01023,2025-06-02,Beauty,1696.22,0.1,1526.6,Completed
O005684,C01023,2025-08-23,Beauty,1935.33,0.0,1935.33,Completed
O005685,C01023,2026-01-03,Beauty,1664.5,0.05,1581.28,Completed
O005686,C01023,2026-03-13,Electronics,5332.3,0.1,4799.07,Returned
O005687,C01023,2025-12-13,Home,2693.04,0.05,2558.39,Completed
O005688,C01023,2025-09-13,Sports,1945.45,0.05,1848.18,Returned
O005689,C01024,2026-02-27,Beauty,717.46,0.0,717.46,Completed
O005690,C01024,2026-01-27,Electronics,5145.26,0.0,5145.26,Completed
O005691,C01024,2025-10-13,Electronics,3197.33,0.05,3037.46,Completed
O005692,C01024,2026-06-03,Home,1741.19,0.0,1741.19,Completed
O005693,C01024,2026-02-10,Beauty,1228.44,0.0,1228.44,Completed
O005694,C01025,2026-03-10,Beauty,1695.93,0.15,1441.54,Completed
O005695,C01025,2026-03-11,Grocery,902.67,0.0,902.67,Completed
O005696,C01025,2025-11-21,Grocery,1322.36,0.15,1124.01,Completed
O005697,C01025,2025-09-02,Home,2393.76,0.1,2154.38,Completed
O005698,C01025,2026-01-22,Beauty,2233.93,0.0,2233.93,Completed
O005699,C01025,2025-06-11,Grocery,1135.43,0.0,1135.43,Completed
O005700,C01026,2026-06-01,Electronics,6386.39,0.1,5747.75,Returned
O005701,C01026,2026-04-26,Home,2362.63,0.2,1890.1,Completed
O005702,C01027,2026-05-31,Grocery,691.55,0.05,656.97,Completed
O005703,C01027,2026-03-27,Electronics,6527.36,0.05,6200.99,Returned
O005704,C01027,2026-05-26,Home,3451.71,0.1,3106.54,Cancelled
O005705,C01027,2026-04-05,Sports,3008.01,0.15,2556.81,Completed
O005706,C01027,2026-03-24,Electronics,5234.52,0.05,4972.79,Completed
O005707,C01027,2026-05-20,Grocery,975.97,0.0,975.97,Returned
O005708,C01027,2026-04-24,Beauty,1214.57,0.0,1214.57,Completed
O005709,C01027,2026-06-12,Sports,1933.79,0.05,1837.1,Completed
O005710,C01029,2026-05-13,Home,2237.28,0.05,2125.42,Completed
O005711,C01029,2026-01-17,Home,3266.68,0.05,3103.35,Completed
O005712,C01030,2025-12-31,Home,1531.96,0.0,1531.96,Completed
O005713,C01030,2026-02-07,Sports,1301.65,0.0,1301.65,Completed
O005714,C01031,2026-06-23,Beauty,1958.85,0.05,1860.91,Completed
O005715,C01031,2026-06-24,Beauty,1500.49,0.05,1425.47,Cancelled
O005716,C01031,2026-05-30,Sports,2438.84,0.05,2316.9,Completed
O005717,C01031,2026-04-29,Sports,2275.16,0.15,1933.89,Completed
O005718,C01031,2026-04-22,Sports,1504.98,0.1,1354.48,Completed
O005719,C01032,2026-02-02,Grocery,781.98,0.05,742.88,Returned
O005720,C01032,2026-03-17,Electronics,9058.93,0.15,7700.09,Completed
O005721,C01032,2025-09-26,Grocery,1114.18,0.0,1114.18,Returned
O005722,C01032,2025-11-20,Home,1959.67,0.0,1959.67,Completed
O005723,C01032,2025-11-28,Electronics,9540.66,0.05,9063.63,Completed
O005724,C01032,2026-04-18,Electronics,7710.59,0.1,6939.53,Completed
O005725,C01032,2026-06-23,Home,4390.42,0.05,4170.9,Completed
O005726,C01033,2026-06-17,Sports,2736.09,0.0,2736.09,Completed
O005727,C01033,2026-05-17,Grocery,587.83,0.15,499.66,Completed
O005728,C01033,2026-05-19,Electronics,4511.0,0.1,4059.9,Completed
O005729,C01033,2026-04-05,Sports,2687.03,0.0,2687.03,Completed
O005730,C01033,2026-06-19,Grocery,1106.68,0.0,1106.68,Completed
O005731,C01033,2026-05-03,Grocery,150.0,0.05,142.5,Completed
O005732,C01033,2026-06-22,Sports,2207.85,0.05,2097.46,Completed
O005733,C01033,2026-05-05,Grocery,1072.55,0.1,965.3,Completed
O005734,C01033,2026-04-18,Home,1704.6,0.15,1448.91,Completed
O005735,C01034,2026-02-19,Electronics,4324.08,0.0,4324.08,Completed
O005736,C01034,2026-02-12,Grocery,777.32,0.0,777.32,Completed
O005737,C01034,2026-02-27,Grocery,1042.01,0.1,937.81,Completed
O005738,C01034,2026-06-30,Electronics,4492.18,0.1,4042.96,Completed
O005739,C01035,2026-06-20,Sports,1756.6,0.0,1756.6,Completed
O005740,C01035,2026-06-19,Grocery,786.03,0.05,746.73,Returned
O005741,C01035,2026-05-19,Beauty,1498.7,0.15,1273.9,Completed
O005742,C01035,2026-05-14,Beauty,1480.25,0.1,1332.22,Completed
O005743,C01036,2025-12-01,Grocery,467.49,0.15,397.37,Completed
O005744,C01036,2025-09-15,Home,3446.58,0.15,2929.59,Completed
O005745,C01036,2025-11-08,Electronics,9063.3,0.0,9063.3,Completed
O005746,C01036,2026-04-16,Home,1343.02,0.0,1343.02,Completed
O005747,C01036,2025-12-13,Electronics,6203.93,0.1,5583.54,Returned
O005748,C01036,2026-06-09,Home,2397.17,0.15,2037.59,Returned
O005749,C01036,2025-12-06,Home,3026.31,0.0,3026.31,Returned
O005750,C01037,2026-03-16,Electronics,6865.41,0.05,6522.14,Completed
O005751,C01037,2026-06-19,Home,4203.86,0.0,4203.86,Cancelled
O005752,C01037,2026-02-28,Grocery,1217.79,0.1,1096.01,Completed
O005753,C01037,2026-02-04,Electronics,4905.58,0.0,4905.58,Completed
O005754,C01038,2026-06-23,Beauty,1663.64,0.1,1497.28,Completed
O005755,C01038,2026-06-18,Grocery,219.81,0.2,175.85,Completed
O005756,C01038,2026-04-12,Beauty,1866.35,0.05,1773.03,Returned
O005757,C01038,2026-01-29,Grocery,777.14,0.05,738.28,Completed
O005758,C01038,2026-03-16,Home,3884.01,0.05,3689.81,Completed
O005759,C01038,2026-04-22,Grocery,1350.86,0.0,1350.86,Completed
O005760,C01038,2026-03-24,Beauty,2492.44,0.2,1993.95,Completed
O005761,C01039,2026-04-13,Electronics,4406.45,0.05,4186.13,Completed
O005762,C01039,2026-05-21,Home,871.37,0.1,784.23,Completed
O005763,C01039,2026-05-11,Home,4199.02,0.0,4199.02,Completed
O005764,C01039,2026-05-08,Electronics,3060.21,0.15,2601.18,Completed
O005765,C01039,2026-06-13,Grocery,950.76,0.15,808.15,Cancelled
O005766,C01040,2025-05-21,Sports,2868.18,0.1,2581.36,Completed
O005767,C01040,2026-02-25,Beauty,1420.63,0.0,1420.63,Cancelled
O005768,C01040,2026-06-16,Grocery,1342.19,0.1,1207.97,Cancelled
O005769,C01040,2026-01-04,Home,4182.85,0.1,3764.57,Completed
O005770,C01040,2026-05-20,Sports,1213.15,0.0,1213.15,Completed
O005771,C01040,2025-07-18,Beauty,1323.29,0.2,1058.63,Completed
O005772,C01040,2025-08-12,Home,3624.4,0.2,2899.52,Completed
O005773,C01041,2026-05-13,Sports,1593.49,0.1,1434.14,Completed
O005774,C01041,2025-10-07,Sports,1974.92,0.05,1876.17,Completed
O005775,C01041,2025-11-15,Sports,1909.44,0.0,1909.44,Completed
O005776,C01041,2026-01-24,Home,2779.53,0.1,2501.58,Completed
O005777,C01041,2026-03-22,Electronics,8043.31,0.15,6836.81,Completed
O005778,C01041,2026-03-30,Home,1590.27,0.15,1351.73,Completed
O005779,C01041,2026-03-12,Home,2704.6,0.05,2569.37,Completed
O005780,C01041,2025-10-18,Home,2443.77,0.0,2443.77,Cancelled
O005781,C01042,2026-04-27,Sports,1048.01,0.1,943.21,Completed
O005782,C01042,2026-06-07,Home,150.0,0.0,150.0,Completed
O005783,C01042,2026-05-17,Beauty,1371.15,0.1,1234.04,Completed
O005784,C01043,2025-11-23,Beauty,1263.7,0.1,1137.33,Completed
O005785,C01043,2025-12-29,Home,4016.3,0.1,3614.67,Completed
O005786,C01043,2026-06-15,Sports,2634.06,0.0,2634.06,Completed
O005787,C01043,2026-05-12,Grocery,489.91,0.2,391.93,Cancelled
O005788,C01043,2026-01-05,Electronics,8670.45,0.05,8236.93,Completed
O005789,C01044,2025-12-14,Electronics,7983.6,0.0,7983.6,Completed
O005790,C01044,2026-05-08,Home,1737.87,0.05,1650.98,Completed
O005791,C01044,2026-05-22,Sports,1322.41,0.0,1322.41,Completed
O005792,C01044,2025-11-22,Grocery,632.64,0.05,601.01,Returned
O005793,C01045,2025-10-08,Electronics,6099.12,0.0,6099.12,Completed
O005794,C01045,2026-06-03,Electronics,7643.21,0.0,7643.21,Completed
O005795,C01045,2026-02-08,Sports,1022.15,0.1,919.94,Completed
O005796,C01045,2025-08-09,Electronics,9224.7,0.2,7379.76,Completed
O005797,C01045,2025-08-05,Electronics,9388.52,0.0,9388.52,Completed
O005798,C01045,2025-10-05,Home,3718.76,0.0,3718.76,Completed
O005799,C01045,2025-09-10,Beauty,1644.56,0.05,1562.33,Completed
O005800,C01045,2025-10-11,Grocery,600.24,0.0,600.24,Completed
O005801,C01045,2025-08-05,Electronics,5471.84,0.0,5471.84,Completed
O005802,C01046,2026-02-22,Grocery,564.65,0.05,536.42,Completed
O005803,C01046,2026-04-22,Electronics,3204.48,0.15,2723.81,Cancelled
O005804,C01046,2026-03-18,Home,2916.06,0.0,2916.06,Completed
O005805,C01046,2026-05-28,Grocery,1283.06,0.0,1283.06,Completed
O005806,C01046,2026-05-19,Home,2067.95,0.1,1861.16,Completed
O005807,C01046,2026-04-14,Beauty,1629.5,0.05,1548.02,Completed
O005808,C01046,2026-05-28,Home,2414.58,0.05,2293.85,Completed
O005809,C01046,2026-03-29,Electronics,2966.84,0.0,2966.84,Returned
O005810,C01047,2026-01-31,Beauty,848.88,0.05,806.44,Completed
O005811,C01047,2026-03-15,Grocery,877.68,0.0,877.68,Returned
O005812,C01047,2025-06-30,Electronics,8627.72,0.1,7764.95,Completed
O005813,C01047,2026-06-24,Electronics,5937.95,0.0,5937.95,Completed
O005814,C01047,2025-06-19,Grocery,945.04,0.0,945.04,Completed
O005815,C01047,2025-09-26,Electronics,6888.18,0.05,6543.77,Completed
O005816,C01048,2026-03-28,Sports,2073.04,0.1,1865.74,Completed
O005817,C01048,2025-09-20,Electronics,3837.82,0.1,3454.04,Completed
O005818,C01049,2026-05-24,Home,2943.93,0.0,2943.93,Completed
O005819,C01049,2025-02-23,Home,1600.56,0.1,1440.5,Completed
O005820,C01049,2025-09-17,Sports,1479.9,0.2,1183.92,Completed
O005821,C01049,2025-04-27,Beauty,1934.82,0.15,1644.6,Completed
O005822,C01049,2026-01-12,Beauty,1936.51,0.0,1936.51,Completed
O005823,C01049,2025-06-06,Sports,2349.2,0.05,2231.74,Completed
O005824,C01049,2026-01-28,Electronics,6209.73,0.1,5588.76,Completed
O005825,C01049,2025-10-20,Home,2052.89,0.0,2052.89,Completed
O005826,C01050,2025-04-08,Home,3122.53,0.0,3122.53,Completed
O005827,C01050,2025-04-04,Beauty,1730.85,0.15,1471.22,Completed
O005828,C01051,2026-02-10,Electronics,4213.38,0.2,3370.7,Completed
O005829,C01051,2026-04-17,Beauty,1234.47,0.0,1234.47,Completed
O005830,C01051,2025-12-11,Beauty,2049.96,0.2,1639.97,Completed
O005831,C01051,2025-12-02,Electronics,9365.63,0.05,8897.35,Completed
O005832,C01051,2026-04-14,Home,2791.85,0.1,2512.66,Cancelled
O005833,C01051,2025-12-26,Sports,1770.07,0.05,1681.57,Returned
O005834,C01051,2026-03-26,Beauty,718.13,0.05,682.22,Completed
O005835,C01051,2026-04-13,Home,3060.51,0.15,2601.43,Completed
O005836,C01051,2026-05-03,Sports,3702.1,0.0,3702.1,Completed
O005837,C01051,2025-12-19,Beauty,1570.66,0.0,1570.66,Completed
O005838,C01052,2026-02-26,Beauty,1319.43,0.05,1253.46,Completed
O005839,C01052,2025-11-25,Beauty,214.09,0.0,214.09,Completed
O005840,C01053,2026-04-01,Beauty,1146.1,0.15,974.18,Completed
O005841,C01053,2026-01-31,Electronics,3920.79,0.15,3332.67,Completed
O005842,C01053,2026-06-14,Electronics,4142.79,0.05,3935.65,Completed
O005843,C01053,2026-01-02,Home,2337.77,0.0,2337.77,Returned
O005844,C01053,2026-02-14,Home,2695.91,0.05,2561.11,Completed
O005845,C01053,2026-03-04,Sports,2711.06,0.15,2304.4,Completed
O005846,C01053,2026-05-28,Sports,2264.15,0.0,2264.15,Completed
O005847,C01053,2026-06-21,Electronics,6456.14,0.15,5487.72,Completed
O005848,C01054,2025-05-12,Grocery,1545.66,0.0,1545.66,Cancelled
O005849,C01054,2026-03-30,Beauty,968.34,0.1,871.51,Completed
O005850,C01054,2025-06-14,Electronics,4765.82,0.0,4765.82,Completed
O005851,C01054,2025-12-13,Home,2729.4,0.0,2729.4,Completed
O005852,C01054,2025-07-22,Sports,3258.02,0.0,3258.02,Completed
O005853,C01054,2026-01-13,Beauty,1340.1,0.0,1340.1,Cancelled
O005854,C01054,2026-06-07,Sports,2512.27,0.1,2261.04,Completed
O005855,C01054,2026-05-24,Sports,3006.36,0.05,2856.04,Completed
O005856,C01054,2025-12-24,Home,2541.91,0.05,2414.81,Completed
O005857,C01054,2025-09-25,Sports,1875.12,0.0,1875.12,Completed
O005858,C01054,2026-03-21,Grocery,1594.15,0.0,1594.15,Completed
O005859,C01055,2026-06-21,Grocery,1068.73,0.0,1068.73,Cancelled
O005860,C01055,2026-06-19,Grocery,248.13,0.15,210.91,Completed
O005861,C01055,2026-02-04,Sports,3290.77,0.0,3290.77,Completed
O005862,C01055,2025-11-21,Grocery,995.57,0.05,945.79,Completed
O005863,C01055,2026-05-13,Grocery,1154.34,0.0,1154.34,Completed
O005864,C01055,2026-01-30,Electronics,1775.7,0.15,1509.34,Completed
O005865,C01055,2026-02-07,Beauty,1531.97,0.05,1455.37,Completed
O005866,C01055,2025-10-11,Home,2101.82,0.1,1891.64,Completed
O005867,C01055,2025-10-18,Beauty,1230.97,0.0,1230.97,Completed
O005868,C01055,2026-06-09,Home,1009.63,0.0,1009.63,Completed
O005869,C01056,2026-03-21,Electronics,6346.41,0.15,5394.45,Completed
O005870,C01056,2026-04-20,Beauty,1474.99,0.2,1179.99,Completed
O005871,C01056,2026-06-23,Home,2747.8,0.2,2198.24,Completed
O005872,C01057,2026-02-12,Sports,2529.14,0.15,2149.77,Completed
O005873,C01057,2025-11-27,Grocery,941.65,0.1,847.48,Completed
O005874,C01057,2026-04-18,Home,2898.67,0.2,2318.94,Completed
O005875,C01057,2025-12-31,Home,3129.84,0.1,2816.86,Completed
O005876,C01057,2025-10-13,Home,1283.34,0.0,1283.34,Completed
O005877,C01057,2025-11-14,Home,3231.17,0.15,2746.49,Completed
O005878,C01057,2026-03-27,Electronics,7218.81,0.05,6857.87,Completed
O005879,C01057,2026-04-20,Beauty,2136.27,0.05,2029.46,Completed
O005880,C01058,2025-03-31,Electronics,3945.62,0.05,3748.34,Completed
O005881,C01058,2026-02-06,Grocery,352.74,0.1,317.47,Cancelled
O005882,C01059,2025-04-09,Sports,1915.55,0.0,1915.55,Completed
O005883,C01059,2026-05-05,Grocery,1037.21,0.0,1037.21,Returned
O005884,C01059,2026-05-22,Home,2058.47,0.0,2058.47,Completed
O005885,C01059,2025-03-18,Home,2471.63,0.1,2224.47,Completed
O005886,C01060,2025-10-14,Home,1512.77,0.0,1512.77,Completed
O005887,C01060,2025-05-20,Home,2008.31,0.05,1907.89,Completed
O005888,C01060,2025-05-19,Electronics,5746.44,0.1,5171.8,Completed
O005889,C01060,2026-01-26,Sports,2393.03,0.2,1914.42,Completed
O005890,C01060,2025-06-25,Home,407.54,0.2,326.03,Completed
O005891,C01060,2025-12-06,Home,2791.41,0.0,2791.41,Cancelled
O005892,C01060,2026-04-28,Grocery,1257.65,0.2,1006.12,Completed
O005893,C01061,2025-11-21,Sports,1099.32,0.1,989.39,Completed
O005894,C01061,2026-03-16,Beauty,1179.1,0.15,1002.23,Completed
O005895,C01061,2026-04-18,Electronics,2942.35,0.1,2648.12,Completed
O005896,C01061,2025-11-08,Electronics,4615.66,0.05,4384.88,Completed
O005897,C01061,2025-06-27,Electronics,5670.9,0.0,5670.9,Completed
O005898,C01061,2025-02-20,Grocery,1013.89,0.0,1013.89,Completed
O005899,C01061,2025-07-15,Grocery,188.49,0.0,188.49,Completed
O005900,C01062,2025-06-30,Electronics,4746.74,0.0,4746.74,Completed
O005901,C01062,2026-02-26,Sports,2883.8,0.0,2883.8,Completed
O005902,C01062,2026-04-27,Grocery,724.52,0.0,724.52,Returned
O005903,C01062,2025-10-08,Grocery,511.96,0.2,409.57,Completed
O005904,C01062,2026-06-14,Beauty,1268.21,0.05,1204.8,Completed
O005905,C01062,2025-09-06,Sports,2574.63,0.15,2188.44,Completed
O005906,C01063,2025-12-31,Beauty,1332.84,0.15,1132.91,Completed
O005907,C01063,2025-12-14,Grocery,816.9,0.0,816.9,Completed
O005908,C01063,2026-02-25,Home,3902.17,0.2,3121.74,Completed
O005909,C01063,2026-05-30,Home,1947.35,0.15,1655.25,Completed
O005910,C01063,2026-03-03,Grocery,408.07,0.0,408.07,Completed
O005911,C01063,2025-12-05,Home,1134.02,0.15,963.92,Returned
O005912,C01064,2026-04-18,Home,1873.67,0.1,1686.3,Completed
O005913,C01064,2026-06-12,Grocery,726.72,0.1,654.05,Completed
O005914,C01064,2026-05-15,Electronics,7605.72,0.15,6464.86,Completed
O005915,C01064,2026-06-11,Sports,1970.97,0.1,1773.87,Completed
O005916,C01064,2026-04-29,Beauty,2421.19,0.1,2179.07,Completed
O005917,C01064,2026-05-21,Sports,2643.36,0.1,2379.02,Completed
O005918,C01065,2026-05-29,Home,2853.88,0.15,2425.8,Completed
O005919,C01065,2026-04-17,Beauty,933.46,0.15,793.44,Completed
O005920,C01065,2026-06-04,Home,2717.95,0.05,2582.05,Completed
O005921,C01065,2026-05-15,Electronics,7478.08,0.1,6730.27,Completed
O005922,C01065,2026-04-24,Electronics,1423.11,0.15,1209.64,Completed
O005923,C01065,2026-05-27,Grocery,360.8,0.1,324.72,Completed
O005924,C01066,2026-04-03,Electronics,8024.46,0.15,6820.79,Completed
O005925,C01066,2026-03-10,Beauty,1844.35,0.05,1752.13,Completed
O005926,C01066,2026-02-18,Grocery,1130.2,0.0,1130.2,Completed
O005927,C01066,2026-02-04,Electronics,4429.71,0.0,4429.71,Completed
O005928,C01066,2026-03-03,Grocery,1061.11,0.1,955.0,Completed
O005929,C01066,2026-01-10,Beauty,1357.02,0.15,1153.47,Completed
O005930,C01066,2026-02-25,Grocery,1355.12,0.0,1355.12,Completed
O005931,C01067,2025-12-15,Electronics,8675.19,0.0,8675.19,Completed
O005932,C01067,2026-01-04,Beauty,844.43,0.15,717.77,Cancelled
O005933,C01067,2025-10-16,Grocery,1120.76,0.15,952.65,Completed
O005934,C01067,2026-06-19,Electronics,4684.81,0.05,4450.57,Returned
O005935,C01068,2026-06-23,Sports,2459.8,0.05,2336.81,Completed
O005936,C01068,2025-10-01,Electronics,2469.26,0.0,2469.26,Completed
O005937,C01068,2026-02-16,Electronics,9519.22,0.15,8091.34,Completed
O005938,C01068,2026-02-13,Electronics,6325.37,0.0,6325.37,Returned
O005939,C01068,2026-03-09,Beauty,1201.82,0.1,1081.64,Completed
O005940,C01069,2026-05-20,Grocery,984.57,0.2,787.66,Returned
O005941,C01069,2026-04-24,Beauty,1136.91,0.0,1136.91,Completed
O005942,C01070,2026-04-10,Sports,2341.96,0.0,2341.96,Completed
O005943,C01070,2026-03-28,Beauty,1545.3,0.0,1545.3,Completed
O005944,C01070,2025-05-27,Electronics,7857.31,0.15,6678.71,Completed
O005945,C01070,2025-09-07,Sports,381.62,0.0,381.62,Returned
O005946,C01070,2026-06-24,Grocery,551.83,0.15,469.06,Completed
O005947,C01070,2025-05-12,Grocery,883.05,0.0,883.05,Completed
O005948,C01070,2026-05-09,Home,2336.01,0.05,2219.21,Completed
O005949,C01071,2025-02-20,Grocery,1056.11,0.0,1056.11,Completed
O005950,C01071,2026-03-22,Sports,1518.3,0.1,1366.47,Cancelled
O005951,C01072,2025-10-07,Grocery,1028.02,0.15,873.82,Completed
O005952,C01072,2026-04-25,Electronics,6397.65,0.15,5438.0,Completed
O005953,C01072,2025-07-03,Home,2057.04,0.2,1645.63,Completed
O005954,C01072,2025-04-23,Sports,3209.63,0.05,3049.15,Completed
O005955,C01073,2026-03-10,Electronics,6128.72,0.15,5209.41,Completed
O005956,C01073,2026-06-29,Home,1792.84,0.05,1703.2,Completed
O005957,C01073,2026-06-21,Home,3175.76,0.0,3175.76,Completed
O005958,C01073,2026-06-11,Home,3675.96,0.15,3124.57,Completed
O005959,C01073,2026-06-06,Home,4372.43,0.05,4153.81,Completed
O005960,C01074,2026-05-08,Grocery,833.39,0.05,791.72,Completed
O005961,C01074,2026-06-06,Grocery,869.71,0.0,869.71,Completed
O005962,C01074,2026-05-27,Grocery,522.13,0.15,443.81,Completed
O005963,C01074,2026-06-11,Beauty,1909.78,0.1,1718.8,Cancelled
O005964,C01074,2026-05-01,Home,3326.95,0.15,2827.91,Completed
O005965,C01075,2026-04-19,Beauty,1981.28,0.1,1783.15,Cancelled
O005966,C01075,2026-04-25,Grocery,260.05,0.15,221.04,Completed
O005967,C01075,2026-05-13,Electronics,9904.44,0.0,9904.44,Completed
O005968,C01075,2026-05-02,Home,3611.96,0.05,3431.36,Cancelled
O005969,C01075,2026-03-17,Grocery,1110.92,0.2,888.74,Completed
O005970,C01075,2026-06-27,Electronics,5396.3,0.2,4317.04,Completed
O005971,C01075,2026-03-03,Grocery,1313.61,0.0,1313.61,Completed
O005972,C01075,2026-05-30,Electronics,5669.7,0.1,5102.73,Completed
O005973,C01075,2026-01-26,Home,3441.16,0.05,3269.1,Returned
O005974,C01076,2026-05-03,Grocery,1237.22,0.0,1237.22,Completed
O005975,C01076,2026-03-07,Sports,3002.53,0.0,3002.53,Completed
O005976,C01076,2026-03-09,Sports,2394.98,0.05,2275.23,Completed
O005977,C01076,2026-05-04,Home,4110.34,0.0,4110.34,Completed
O005978,C01076,2026-04-29,Home,2878.32,0.1,2590.49,Completed
O005979,C01076,2026-03-02,Beauty,1503.58,0.2,1202.86,Completed
O005980,C01076,2026-05-17,Beauty,629.39,0.05,597.92,Completed
O005981,C01076,2026-03-07,Electronics,9143.54,0.2,7314.83,Completed
O005982,C01076,2026-03-30,Sports,2370.99,0.05,2252.44,Completed
O005983,C01077,2025-11-25,Sports,2589.38,0.0,2589.38,Completed
O005984,C01077,2025-11-24,Sports,3890.9,0.05,3696.36,Completed
O005985,C01077,2026-06-13,Home,4625.63,0.05,4394.35,Completed
O005986,C01077,2025-09-17,Grocery,1210.11,0.0,1210.11,Completed
O005987,C01077,2026-03-22,Electronics,3550.6,0.0,3550.6,Completed
O005988,C01077,2026-01-18,Beauty,925.13,0.1,832.62,Completed
O005989,C01077,2026-02-06,Sports,2136.67,0.05,2029.84,Completed
O005990,C01077,2026-05-29,Home,1263.8,0.15,1074.23,Completed
O005991,C01078,2026-01-18,Beauty,1335.96,0.0,1335.96,Completed
O005992,C01078,2026-02-24,Grocery,661.42,0.0,661.42,Completed
O005993,C01078,2025-11-14,Beauty,1188.18,0.2,950.54,Completed
O005994,C01078,2025-07-19,Sports,2242.47,0.1,2018.22,Completed
O005995,C01078,2026-02-21,Sports,2935.03,0.15,2494.78,Completed
O005996,C01078,2025-10-19,Electronics,4571.4,0.2,3657.12,Completed
O005997,C01078,2026-04-20,Electronics,8027.61,0.0,8027.61,Completed
O005998,C01079,2025-11-25,Grocery,686.23,0.05,651.92,Completed
O005999,C01079,2025-07-27,Home,3413.02,0.05,3242.37,Completed
O006000,C01079,2025-09-14,Beauty,1416.77,0.1,1275.09,Completed
O006001,C01079,2026-01-31,Home,2146.63,0.0,2146.63,Completed
O006002,C01079,2026-05-10,Sports,1987.61,0.05,1888.23,Completed
O006003,C01079,2025-08-29,Home,956.78,0.1,861.1,Completed
O006004,C01079,2026-02-06,Sports,2316.09,0.1,2084.48,Completed
O006005,C01079,2026-06-30,Electronics,7616.35,0.05,7235.53,Completed
O006006,C01080,2026-01-09,Sports,1461.25,0.0,1461.25,Completed
O006007,C01080,2026-03-11,Grocery,849.89,0.15,722.41,Completed
O006008,C01080,2026-03-10,Electronics,8235.44,0.0,8235.44,Completed
O006009,C01080,2025-08-27,Home,2637.01,0.0,2637.01,Completed
O006010,C01080,2025-09-08,Sports,2386.31,0.0,2386.31,Completed
O006011,C01080,2026-02-21,Home,150.0,0.05,142.5,Returned
O006012,C01080,2026-02-05,Beauty,1733.0,0.0,1733.0,Completed
O006013,C01080,2025-08-17,Beauty,1645.09,0.0,1645.09,Completed
O006014,C01080,2026-01-06,Grocery,1168.75,0.1,1051.88,Completed
O006015,C01080,2026-03-20,Home,1267.53,0.1,1140.78,Completed
O006016,C01081,2026-04-04,Electronics,6870.74,0.0,6870.74,Completed
O006017,C01081,2025-12-24,Sports,2564.37,0.1,2307.93,Completed
O006018,C01081,2025-08-23,Grocery,492.89,0.05,468.25,Completed
O006019,C01081,2025-10-22,Sports,2682.44,0.1,2414.2,Completed
O006020,C01082,2025-12-25,Home,3050.46,0.1,2745.41,Completed
O006021,C01083,2026-05-12,Grocery,1299.15,0.05,1234.19,Completed
O006022,C01083,2026-04-06,Grocery,460.95,0.0,460.95,Completed
O006023,C01083,2026-05-20,Electronics,5792.98,0.15,4924.03,Completed
O006024,C01083,2026-05-18,Sports,1948.93,0.1,1754.04,Completed
O006025,C01084,2026-03-14,Home,3410.03,0.0,3410.03,Completed
O006026,C01084,2025-08-11,Home,4767.83,0.0,4767.83,Completed
O006027,C01084,2025-07-26,Sports,2293.79,0.0,2293.79,Completed
O006028,C01084,2025-11-30,Beauty,1546.92,0.0,1546.92,Completed
O006029,C01084,2026-06-05,Home,2996.82,0.1,2697.14,Completed
O006030,C01085,2025-11-24,Home,2787.82,0.15,2369.65,Completed
O006031,C01085,2025-11-20,Beauty,1731.66,0.1,1558.49,Cancelled
O006032,C01085,2026-02-14,Electronics,10536.8,0.05,10009.96,Completed
O006033,C01085,2026-01-18,Sports,2945.93,0.15,2504.04,Returned
O006034,C01085,2026-06-14,Sports,1904.25,0.0,1904.25,Completed
O006035,C01085,2026-03-17,Home,2665.24,0.05,2531.98,Completed
O006036,C01085,2026-04-23,Beauty,863.95,0.1,777.56,Completed
O006037,C01085,2025-12-20,Electronics,5860.55,0.05,5567.52,Completed
O006038,C01085,2025-11-26,Sports,2437.61,0.1,2193.85,Completed
O006039,C01086,2025-11-23,Beauty,1521.75,0.0,1521.75,Completed
O006040,C01086,2025-08-24,Home,3249.38,0.1,2924.44,Completed
O006041,C01086,2025-11-26,Sports,1569.18,0.05,1490.72,Completed
O006042,C01086,2026-02-02,Sports,3103.92,0.1,2793.53,Completed
O006043,C01086,2026-03-02,Home,2991.09,0.1,2691.98,Completed
O006044,C01086,2026-05-23,Sports,1538.49,0.05,1461.57,Completed
O006045,C01086,2025-11-29,Grocery,878.22,0.0,878.22,Completed
O006046,C01086,2025-12-17,Electronics,8021.15,0.0,8021.15,Completed
O006047,C01086,2026-03-15,Grocery,1740.7,0.0,1740.7,Returned
O006048,C01086,2025-09-10,Electronics,6053.64,0.1,5448.28,Completed
O006049,C01086,2026-06-06,Grocery,842.17,0.0,842.17,Completed
O006050,C01087,2025-06-11,Beauty,1580.53,0.1,1422.48,Completed
O006051,C01087,2025-12-04,Electronics,5961.8,0.2,4769.44,Completed
O006052,C01087,2025-06-17,Sports,3702.22,0.2,2961.78,Completed
O006053,C01088,2025-12-28,Sports,1805.94,0.0,1805.94,Completed
O006054,C01088,2026-06-30,Beauty,1682.69,0.05,1598.56,Completed
O006055,C01088,2025-12-20,Sports,1938.66,0.1,1744.79,Cancelled
O006056,C01088,2026-01-27,Grocery,822.27,0.1,740.04,Completed
O006057,C01088,2026-05-24,Electronics,9793.47,0.2,7834.78,Completed
O006058,C01089,2026-01-11,Home,3107.35,0.15,2641.25,Completed
O006059,C01089,2026-04-15,Sports,2960.37,0.0,2960.37,Completed
O006060,C01089,2026-04-18,Grocery,1039.01,0.05,987.06,Completed
O006061,C01089,2025-07-14,Electronics,5296.08,0.0,5296.08,Completed
O006062,C01089,2025-09-14,Home,2028.52,0.2,1622.82,Cancelled
O006063,C01089,2025-12-27,Grocery,668.41,0.0,668.41,Completed
O006064,C01089,2026-06-26,Home,1792.79,0.15,1523.87,Returned
O006065,C01089,2026-03-29,Sports,1595.23,0.0,1595.23,Completed
O006066,C01089,2025-09-13,Beauty,967.0,0.15,821.95,Completed
O006067,C01089,2025-09-10,Home,3193.51,0.0,3193.51,Completed
O006068,C01089,2026-05-08,Grocery,1335.58,0.0,1335.58,Completed
O006069,C01089,2025-06-02,Beauty,1616.71,0.0,1616.71,Completed
O006070,C01090,2026-06-14,Beauty,1680.4,0.05,1596.38,Completed
O006071,C01090,2026-03-04,Beauty,967.13,0.0,967.13,Completed
O006072,C01091,2026-05-31,Beauty,1624.16,0.05,1542.95,Completed
O006073,C01091,2025-11-10,Electronics,5960.34,0.15,5066.29,Completed
O006074,C01091,2026-02-19,Sports,2206.23,0.15,1875.3,Completed
O006075,C01091,2026-01-24,Sports,2351.97,0.05,2234.37,Completed
O006076,C01091,2025-09-25,Sports,3387.61,0.0,3387.61,Completed
O006077,C01091,2025-08-25,Beauty,1435.82,0.05,1364.03,Completed
O006078,C01092,2026-05-03,Sports,2956.23,0.0,2956.23,Completed
O006079,C01092,2026-04-23,Beauty,1218.28,0.15,1035.54,Completed
O006080,C01092,2025-09-26,Home,2965.93,0.0,2965.93,Completed
O006081,C01092,2026-03-21,Sports,717.0,0.05,681.15,Completed
O006082,C01093,2026-04-04,Home,3038.44,0.0,3038.44,Completed
O006083,C01093,2025-12-17,Grocery,652.71,0.15,554.8,Completed
O006084,C01093,2026-05-06,Sports,2822.14,0.05,2681.03,Completed
O006085,C01093,2026-02-17,Sports,3385.52,0.0,3385.52,Completed
O006086,C01093,2026-02-17,Grocery,495.73,0.2,396.58,Completed
O006087,C01093,2025-11-14,Electronics,10357.23,0.0,10357.23,Cancelled
O006088,C01093,2025-11-17,Electronics,11973.09,0.15,10177.13,Completed
O006089,C01093,2025-10-03,Grocery,867.33,0.0,867.33,Completed
O006090,C01094,2026-02-24,Electronics,6176.17,0.1,5558.55,Completed
O006091,C01094,2026-04-09,Grocery,750.24,0.0,750.24,Completed
O006092,C01094,2026-05-03,Electronics,8924.16,0.2,7139.33,Completed
O006093,C01095,2026-04-16,Grocery,597.64,0.0,597.64,Cancelled
O006094,C01095,2025-02-19,Beauty,980.51,0.0,980.51,Completed
O006095,C01095,2026-03-23,Home,2202.89,0.0,2202.89,Completed
O006096,C01095,2025-09-02,Sports,3213.52,0.0,3213.52,Completed
O006097,C01095,2026-02-11,Electronics,11756.29,0.1,10580.66,Completed
O006098,C01095,2025-08-05,Sports,1322.08,0.0,1322.08,Completed
O006099,C01096,2025-12-15,Beauty,1493.62,0.2,1194.9,Completed
O006100,C01096,2026-06-07,Sports,2085.54,0.0,2085.54,Completed
O006101,C01096,2026-05-03,Electronics,7166.88,0.0,7166.88,Completed
O006102,C01096,2026-04-22,Home,4054.91,0.15,3446.67,Completed
O006103,C01096,2026-06-29,Beauty,961.59,0.05,913.51,Cancelled
O006104,C01096,2026-02-27,Beauty,2110.92,0.0,2110.92,Completed
O006105,C01096,2026-03-19,Sports,2601.98,0.1,2341.78,Completed
O006106,C01097,2026-05-31,Home,3221.7,0.1,2899.53,Completed
O006107,C01097,2025-12-11,Sports,2040.04,0.05,1938.04,Completed
O006108,C01097,2025-12-18,Electronics,3148.91,0.05,2991.46,Completed
O006109,C01097,2025-12-16,Home,2853.85,0.05,2711.16,Completed
O006110,C01097,2026-06-30,Beauty,1219.42,0.1,1097.48,Returned
O006111,C01097,2026-04-21,Grocery,827.07,0.1,744.36,Completed
O006112,C01097,2026-03-01,Beauty,1390.65,0.05,1321.12,Completed
O006113,C01098,2025-10-17,Grocery,150.0,0.05,142.5,Completed
O006114,C01098,2026-02-27,Home,1624.44,0.2,1299.55,Completed
O006115,C01098,2026-05-02,Sports,1191.47,0.0,1191.47,Completed
O006116,C01098,2025-10-28,Grocery,800.27,0.0,800.27,Completed
O006117,C01099,2026-03-04,Sports,3914.36,0.0,3914.36,Completed
O006118,C01099,2026-06-07,Electronics,9391.87,0.15,7983.09,Completed
O006119,C01099,2026-05-24,Grocery,1127.31,0.05,1070.94,Completed
O006120,C01099,2025-11-14,Home,2692.97,0.15,2289.02,Completed
O006121,C01099,2026-02-28,Sports,2739.04,0.1,2465.14,Completed
O006122,C01099,2026-04-16,Home,2052.42,0.0,2052.42,Completed
O006123,C01099,2025-11-01,Beauty,1258.42,0.15,1069.66,Cancelled
O006124,C01100,2026-06-27,Home,3992.42,0.1,3593.18,Completed
O006125,C01100,2026-05-17,Home,2227.03,0.0,2227.03,Completed
O006126,C01100,2025-11-25,Home,4218.51,0.2,3374.81,Completed
O006127,C01100,2026-06-21,Electronics,5423.44,0.15,4609.92,Completed
O006128,C01100,2026-04-24,Beauty,772.32,0.0,772.32,Completed
O006129,C01100,2025-12-26,Beauty,467.14,0.0,467.14,Completed
O006130,C01101,2025-11-09,Electronics,9941.61,0.0,9941.61,Completed
O006131,C01101,2025-09-13,Electronics,2100.34,0.05,1995.32,Completed
O006132,C01101,2026-03-08,Electronics,3100.81,0.0,3100.81,Completed
O006133,C01102,2026-03-26,Grocery,473.94,0.1,426.55,Completed
O006134,C01102,2025-07-26,Electronics,5513.26,0.15,4686.27,Completed
O006135,C01102,2026-03-21,Grocery,515.45,0.15,438.13,Returned
O006136,C01102,2025-06-18,Grocery,1309.11,0.1,1178.2,Completed
O006137,C01102,2025-11-20,Electronics,8654.11,0.1,7788.7,Completed
O006138,C01102,2026-05-24,Home,3112.39,0.1,2801.15,Completed
O006139,C01102,2025-12-27,Beauty,1021.32,0.0,1021.32,Cancelled
O006140,C01102,2025-08-12,Home,4428.97,0.15,3764.62,Returned
O006141,C01102,2026-04-08,Home,3456.26,0.1,3110.63,Completed
O006142,C01102,2025-10-08,Home,3787.29,0.15,3219.2,Returned
O006143,C01103,2026-04-17,Home,3020.0,0.2,2416.0,Completed
O006144,C01103,2026-06-04,Sports,2649.49,0.05,2517.02,Completed
O006145,C01103,2026-06-16,Beauty,1213.85,0.05,1153.16,Completed
O006146,C01103,2026-05-18,Electronics,4030.46,0.05,3828.94,Completed
O006147,C01103,2026-02-09,Electronics,5168.61,0.1,4651.75,Completed
O006148,C01103,2026-01-06,Electronics,4055.67,0.0,4055.67,Completed
O006149,C01103,2026-05-13,Grocery,1559.82,0.15,1325.85,Completed
O006150,C01103,2025-12-27,Electronics,8946.01,0.0,8946.01,Completed
O006151,C01103,2026-03-28,Grocery,812.65,0.0,812.65,Completed
O006152,C01103,2026-01-01,Electronics,6738.89,0.0,6738.89,Completed
O006153,C01103,2026-01-06,Beauty,2341.95,0.05,2224.85,Completed
O006154,C01103,2026-02-06,Home,4024.64,0.05,3823.41,Completed
O006155,C01103,2025-12-24,Electronics,6702.64,0.15,5697.24,Completed
O006156,C01103,2026-04-06,Beauty,260.64,0.05,247.61,Completed
O006157,C01103,2026-01-23,Sports,1659.58,0.0,1659.58,Completed
O006158,C01104,2025-12-05,Sports,2432.0,0.0,2432.0,Returned
O006159,C01104,2025-10-26,Sports,2452.23,0.15,2084.4,Completed
O006160,C01104,2025-11-21,Sports,1052.75,0.05,1000.11,Completed
O006161,C01104,2025-11-23,Home,982.48,0.05,933.36,Returned
O006162,C01104,2026-05-17,Sports,1194.79,0.0,1194.79,Cancelled
O006163,C01104,2026-03-24,Sports,3603.0,0.0,3603.0,Completed
O006164,C01104,2026-01-05,Home,3223.79,0.15,2740.22,Completed
O006165,C01104,2026-03-16,Electronics,5623.89,0.0,5623.89,Completed
O006166,C01105,2025-12-09,Grocery,669.22,0.0,669.22,Returned
O006167,C01105,2025-09-25,Electronics,5133.81,0.05,4877.12,Completed
O006168,C01105,2026-03-03,Beauty,1594.89,0.2,1275.91,Cancelled
O006169,C01105,2026-05-14,Grocery,551.38,0.05,523.81,Completed
O006170,C01105,2026-06-15,Electronics,3427.54,0.0,3427.54,Completed
O006171,C01105,2025-11-29,Grocery,1281.44,0.05,1217.37,Completed
O006172,C01105,2026-01-17,Electronics,3527.33,0.1,3174.6,Completed
O006173,C01105,2025-12-16,Grocery,789.63,0.0,789.63,Completed
O006174,C01106,2025-10-07,Grocery,1478.89,0.0,1478.89,Completed
O006175,C01106,2025-10-03,Grocery,743.88,0.0,743.88,Completed
O006176,C01106,2026-06-11,Home,4667.05,0.05,4433.7,Returned
O006177,C01107,2026-01-16,Beauty,2624.15,0.1,2361.74,Completed
O006178,C01107,2025-11-25,Home,2828.99,0.15,2404.64,Completed
O006179,C01107,2025-10-13,Beauty,1820.15,0.1,1638.14,Completed
O006180,C01107,2025-12-07,Home,3490.91,0.0,3490.91,Completed
O006181,C01107,2025-11-09,Home,3216.87,0.15,2734.34,Completed
O006182,C01107,2026-02-12,Beauty,687.98,0.1,619.18,Completed
O006183,C01107,2026-06-01,Home,3693.62,0.1,3324.26,Completed
O006184,C01107,2025-11-14,Beauty,1766.1,0.05,1677.79,Cancelled
O006185,C01107,2026-02-25,Sports,2525.19,0.15,2146.41,Returned
O006186,C01108,2026-06-22,Sports,3319.19,0.0,3319.19,Returned
O006187,C01108,2026-06-27,Sports,3130.5,0.05,2973.98,Completed
O006188,C01108,2026-04-06,Beauty,2679.51,0.15,2277.58,Completed
O006189,C01108,2026-04-01,Home,3997.95,0.05,3798.05,Completed
O006190,C01108,2026-04-28,Sports,3448.12,0.0,3448.12,Completed
O006191,C01108,2026-03-14,Grocery,1362.84,0.05,1294.7,Completed
O006192,C01109,2026-05-02,Home,2920.38,0.05,2774.36,Completed
O006193,C01109,2026-04-05,Sports,2600.02,0.0,2600.02,Completed
O006194,C01109,2026-06-02,Sports,2130.28,0.0,2130.28,Completed
O006195,C01109,2026-05-31,Grocery,1124.51,0.05,1068.28,Completed
O006196,C01109,2026-04-22,Beauty,1507.07,0.1,1356.36,Completed
O006197,C01110,2026-05-21,Electronics,4932.11,0.1,4438.9,Completed
O006198,C01110,2026-05-13,Sports,1585.33,0.05,1506.06,Completed
O006199,C01110,2026-02-11,Home,3740.24,0.1,3366.22,Returned
O006200,C01110,2026-04-23,Beauty,1945.63,0.1,1751.07,Completed
O006201,C01110,2026-01-14,Electronics,3777.0,0.0,3777.0,Returned
O006202,C01110,2026-02-22,Home,1220.88,0.0,1220.88,Completed
O006203,C01111,2026-03-03,Grocery,895.8,0.1,806.22,Completed
O006204,C01111,2026-04-28,Grocery,270.54,0.0,270.54,Completed
O006205,C01111,2026-06-07,Beauty,1321.82,0.05,1255.73,Completed
O006206,C01111,2026-05-24,Sports,717.63,0.1,645.87,Completed
O006207,C01111,2026-03-02,Electronics,9617.66,0.0,9617.66,Completed
O006208,C01111,2026-04-10,Beauty,2167.93,0.05,2059.53,Completed
O006209,C01111,2026-06-12,Home,474.23,0.0,474.23,Completed
O006210,C01111,2026-05-25,Home,2334.08,0.05,2217.38,Completed
O006211,C01112,2025-09-08,Home,5019.85,0.05,4768.86,Completed
O006212,C01112,2026-02-08,Beauty,1691.42,0.1,1522.28,Cancelled
O006213,C01112,2025-10-15,Beauty,1308.31,0.05,1242.89,Completed
O006214,C01112,2025-10-03,Electronics,7439.36,0.0,7439.36,Completed
O006215,C01113,2026-03-22,Electronics,6694.36,0.0,6694.36,Completed
O006216,C01113,2026-03-27,Home,3679.49,0.2,2943.59,Completed
O006217,C01113,2026-06-05,Grocery,717.96,0.05,682.06,Completed
O006218,C01113,2026-03-23,Home,2458.2,0.1,2212.38,Returned
O006219,C01113,2025-11-12,Sports,1508.91,0.05,1433.46,Completed
O006220,C01114,2025-12-22,Grocery,940.88,0.05,893.84,Completed
O006221,C01114,2025-11-15,Grocery,855.49,0.1,769.94,Completed
O006222,C01114,2025-11-18,Electronics,7985.05,0.1,7186.54,Completed
O006223,C01114,2026-05-13,Beauty,1891.95,0.05,1797.35,Completed
O006224,C01114,2026-06-06,Electronics,3911.9,0.0,3911.9,Completed
O006225,C01115,2026-05-26,Sports,2827.11,0.0,2827.11,Completed
O006226,C01115,2026-06-23,Sports,2280.29,0.05,2166.28,Completed
O006227,C01115,2026-03-22,Beauty,1289.94,0.05,1225.44,Completed
O006228,C01115,2026-02-19,Home,3539.59,0.1,3185.63,Completed
O006229,C01115,2026-01-12,Sports,1823.48,0.15,1549.96,Completed
O006230,C01116,2025-11-27,Electronics,5728.27,0.0,5728.27,Completed
O006231,C01116,2025-08-04,Sports,2690.0,0.0,2690.0,Completed
O006232,C01116,2025-05-17,Electronics,4582.64,0.0,4582.64,Completed
O006233,C01117,2026-01-14,Home,2807.32,0.05,2666.95,Completed
O006234,C01117,2026-03-31,Beauty,1422.57,0.05,1351.44,Completed
O006235,C01117,2026-03-26,Sports,1628.2,0.1,1465.38,Completed
O006236,C01118,2026-01-16,Grocery,1263.72,0.05,1200.53,Returned
O006237,C01118,2025-11-22,Beauty,1447.67,0.1,1302.9,Completed
O006238,C01118,2025-11-21,Grocery,625.07,0.1,562.56,Returned
O006239,C01118,2025-11-18,Sports,1883.87,0.05,1789.68,Completed
O006240,C01118,2026-01-28,Home,2678.2,0.0,2678.2,Completed
O006241,C01118,2026-06-20,Sports,3569.12,0.0,3569.12,Completed
O006242,C01119,2025-08-19,Grocery,919.99,0.05,873.99,Returned
O006243,C01119,2026-04-28,Electronics,1764.73,0.0,1764.73,Completed
O006244,C01119,2026-01-20,Electronics,7757.65,0.05,7369.77,Completed
O006245,C01120,2026-03-17,Sports,2581.37,0.1,2323.23,Completed
O006246,C01120,2026-03-21,Sports,2140.91,0.0,2140.91,Completed
O006247,C01120,2026-06-09,Beauty,976.39,0.05,927.57,Completed
O006248,C01120,2026-04-13,Beauty,976.83,0.15,830.31,Cancelled
O006249,C01121,2026-05-09,Beauty,1940.43,0.0,1940.43,Completed
O006250,C01121,2025-11-09,Electronics,6193.33,0.05,5883.66,Completed
O006251,C01121,2026-01-28,Beauty,1929.5,0.15,1640.08,Completed
O006252,C01121,2025-12-27,Grocery,1145.3,0.15,973.5,Completed
O006253,C01121,2025-05-13,Sports,2370.19,0.1,2133.17,Completed
O006254,C01121,2025-09-18,Sports,2199.95,0.0,2199.95,Completed
O006255,C01121,2025-12-27,Electronics,4496.37,0.0,4496.37,Completed
O006256,C01121,2026-06-24,Beauty,1659.15,0.15,1410.28,Completed
O006257,C01122,2026-03-21,Electronics,6696.86,0.1,6027.17,Returned
O006258,C01122,2025-05-23,Home,3770.26,0.05,3581.75,Completed
O006259,C01122,2025-06-02,Electronics,6960.42,0.1,6264.38,Completed
O006260,C01122,2025-07-19,Electronics,5637.46,0.05,5355.59,Completed
O006261,C01122,2025-10-21,Sports,2336.69,0.2,1869.35,Completed
O006262,C01122,2025-09-01,Home,1967.99,0.05,1869.59,Completed
O006263,C01122,2025-06-23,Home,2840.96,0.2,2272.77,Completed
O006264,C01122,2026-05-14,Beauty,841.11,0.0,841.11,Completed
O006265,C01123,2025-01-15,Electronics,8393.5,0.05,7973.82,Completed
O006266,C01123,2025-10-02,Electronics,6392.41,0.0,6392.41,Completed
O006267,C01123,2025-05-03,Electronics,6152.04,0.0,6152.04,Completed
O006268,C01123,2025-11-17,Electronics,4621.0,0.0,4621.0,Completed
O006269,C01123,2025-10-07,Beauty,2182.87,0.0,2182.87,Completed
O006270,C01123,2026-02-02,Beauty,566.63,0.1,509.97,Completed
O006271,C01124,2026-02-08,Home,2991.45,0.05,2841.88,Returned
O006272,C01124,2026-06-04,Home,2735.63,0.1,2462.07,Completed
O006273,C01124,2025-12-11,Sports,2355.02,0.05,2237.27,Completed
O006274,C01124,2025-04-18,Home,2425.0,0.1,2182.5,Completed
O006275,C01124,2025-07-29,Home,1998.86,0.0,1998.86,Cancelled
O006276,C01125,2026-06-12,Sports,2827.35,0.0,2827.35,Completed
O006277,C01125,2026-06-26,Sports,993.98,0.15,844.88,Completed
O006278,C01125,2026-02-14,Grocery,1061.3,0.0,1061.3,Completed
O006279,C01125,2026-05-29,Home,3746.58,0.1,3371.92,Completed
O006280,C01125,2026-06-10,Sports,2964.44,0.0,2964.44,Completed
O006281,C01126,2026-04-29,Sports,1939.41,0.0,1939.41,Completed
O006282,C01126,2026-01-21,Beauty,1885.4,0.05,1791.13,Completed
O006283,C01127,2026-05-06,Sports,1973.93,0.05,1875.23,Cancelled
O006284,C01127,2025-07-30,Electronics,4979.46,0.05,4730.49,Completed
O006285,C01127,2025-08-19,Beauty,949.83,0.15,807.36,Completed
O006286,C01127,2026-04-05,Electronics,7777.59,0.0,7777.59,Returned
O006287,C01127,2025-10-03,Grocery,804.78,0.05,764.54,Completed
O006288,C01127,2026-06-07,Home,5078.55,0.0,5078.55,Completed
O006289,C01127,2026-03-09,Home,2876.89,0.1,2589.2,Completed
O006290,C01127,2026-03-27,Electronics,7724.25,0.05,7338.04,Cancelled
O006291,C01128,2026-03-31,Sports,3398.81,0.2,2719.05,Returned
O006292,C01128,2026-03-29,Home,3019.5,0.15,2566.57,Completed
O006293,C01128,2026-03-23,Home,2476.24,0.0,2476.24,Completed
O006294,C01128,2026-05-20,Sports,2459.97,0.15,2090.97,Completed
O006295,C01128,2026-04-15,Sports,1889.81,0.05,1795.32,Returned
O006296,C01128,2026-04-04,Beauty,1118.88,0.05,1062.94,Completed
O006297,C01128,2026-04-17,Grocery,736.26,0.0,736.26,Completed
O006298,C01128,2026-06-27,Grocery,666.68,0.05,633.35,Completed
O006299,C01129,2026-01-01,Beauty,1109.33,0.05,1053.86,Completed
O006300,C01129,2026-05-07,Beauty,1672.27,0.15,1421.43,Completed
O006301,C01129,2026-04-10,Sports,1726.02,0.05,1639.72,Completed
O006302,C01130,2026-02-23,Grocery,579.62,0.2,463.7,Completed
O006303,C01130,2026-02-11,Home,2125.35,0.05,2019.08,Returned
O006304,C01130,2026-03-12,Beauty,1206.78,0.0,1206.78,Completed
O006305,C01131,2026-03-16,Sports,2058.39,0.05,1955.47,Completed
O006306,C01131,2026-05-15,Grocery,1161.1,0.05,1103.04,Completed
O006307,C01131,2026-01-28,Sports,1729.03,0.05,1642.58,Completed
O006308,C01131,2026-01-25,Electronics,5875.67,0.0,5875.67,Completed
O006309,C01132,2025-10-15,Sports,3514.92,0.05,3339.17,Completed
O006310,C01132,2025-08-18,Beauty,958.34,0.05,910.42,Completed
O006311,C01132,2026-03-17,Electronics,9164.32,0.2,7331.46,Completed
O006312,C01132,2025-08-09,Sports,1423.2,0.1,1280.88,Completed
O006313,C01132,2025-07-19,Electronics,7173.05,0.0,7173.05,Completed
O006314,C01133,2026-03-05,Electronics,6162.44,0.05,5854.32,Completed
O006315,C01133,2026-04-30,Home,4804.35,0.05,4564.13,Completed
O006316,C01133,2026-03-12,Electronics,9342.47,0.1,8408.22,Completed
O006317,C01133,2026-05-04,Grocery,1100.12,0.0,1100.12,Completed
O006318,C01134,2026-05-02,Beauty,1007.72,0.05,957.33,Completed
O006319,C01134,2026-04-08,Electronics,9038.11,0.0,9038.11,Completed
O006320,C01134,2026-05-15,Electronics,7127.79,0.0,7127.79,Completed
O006321,C01134,2026-04-20,Sports,3540.95,0.1,3186.86,Completed
O006322,C01134,2026-04-02,Home,2013.19,0.05,1912.53,Completed
O006323,C01134,2026-04-25,Grocery,1414.91,0.0,1414.91,Completed
O006324,C01134,2026-04-30,Grocery,1030.75,0.1,927.68,Completed
O006325,C01134,2026-04-17,Electronics,6563.68,0.0,6563.68,Completed
O006326,C01134,2026-05-01,Beauty,1706.02,0.05,1620.72,Completed
O006327,C01135,2026-05-25,Electronics,7725.92,0.2,6180.74,Returned
O006328,C01135,2026-03-04,Sports,2293.4,0.15,1949.39,Completed
O006329,C01135,2026-06-08,Home,2613.27,0.1,2351.94,Completed
O006330,C01135,2026-05-06,Home,1634.7,0.0,1634.7,Completed
O006331,C01136,2026-03-15,Home,2783.99,0.05,2644.79,Completed
O006332,C01136,2025-11-05,Grocery,1000.95,0.05,950.9,Completed
O006333,C01136,2026-06-16,Grocery,694.49,0.0,694.49,Completed
O006334,C01137,2026-03-17,Electronics,4530.15,0.0,4530.15,Completed
O006335,C01137,2025-09-02,Home,3264.24,0.0,3264.24,Completed
O006336,C01137,2025-10-03,Home,3296.69,0.05,3131.86,Returned
O006337,C01137,2025-10-05,Electronics,5639.77,0.0,5639.77,Completed
O006338,C01137,2025-08-26,Grocery,537.99,0.1,484.19,Completed
O006339,C01138,2025-10-17,Home,4506.45,0.1,4055.8,Completed
O006340,C01138,2025-03-26,Grocery,708.53,0.0,708.53,Completed
O006341,C01138,2025-05-01,Beauty,1657.35,0.0,1657.35,Completed
O006342,C01138,2025-09-06,Grocery,850.67,0.1,765.6,Returned
O006343,C01138,2026-03-08,Sports,667.61,0.05,634.23,Completed
O006344,C01139,2026-01-03,Electronics,4485.67,0.05,4261.39,Completed
O006345,C01139,2025-10-06,Beauty,1416.51,0.0,1416.51,Completed
O006346,C01139,2026-02-24,Home,3721.59,0.05,3535.51,Completed
O006347,C01139,2025-09-11,Home,3214.99,0.1,2893.49,Completed
O006348,C01139,2025-12-10,Beauty,1132.67,0.0,1132.67,Completed
O006349,C01140,2026-06-07,Grocery,1258.88,0.0,1258.88,Completed
O006350,C01140,2026-04-14,Electronics,6485.41,0.0,6485.41,Returned
O006351,C01140,2026-03-21,Home,3162.59,0.0,3162.59,Completed
O006352,C01140,2026-05-12,Grocery,1084.75,0.05,1030.51,Completed
O006353,C01140,2026-05-09,Beauty,1064.99,0.0,1064.99,Completed
O006354,C01140,2026-06-26,Home,3492.45,0.0,3492.45,Completed
O006355,C01140,2026-03-30,Beauty,2172.46,0.0,2172.46,Cancelled
O006356,C01140,2026-06-04,Electronics,7625.0,0.0,7625.0,Completed
O006357,C01140,2026-03-30,Home,2528.66,0.0,2528.66,Completed
O006358,C01140,2026-04-20,Sports,2284.2,0.05,2169.99,Returned
O006359,C01140,2026-03-27,Electronics,11327.8,0.0,11327.8,Completed
O006360,C01141,2026-06-21,Sports,3074.62,0.1,2767.16,Returned
O006361,C01141,2026-06-03,Electronics,9562.15,0.05,9084.04,Completed
O006362,C01141,2026-05-14,Beauty,1012.57,0.0,1012.57,Completed
O006363,C01141,2026-05-01,Home,1943.94,0.2,1555.15,Completed
O006364,C01142,2026-03-05,Electronics,4276.52,0.0,4276.52,Completed
O006365,C01142,2026-01-21,Beauty,1357.56,0.05,1289.68,Completed
O006366,C01142,2025-11-20,Grocery,911.99,0.0,911.99,Completed
O006367,C01142,2025-03-23,Sports,2805.28,0.05,2665.02,Completed
O006368,C01142,2026-06-13,Home,1284.2,0.0,1284.2,Completed
O006369,C01143,2026-05-03,Electronics,6911.12,0.0,6911.12,Completed
O006370,C01143,2026-03-09,Electronics,6598.41,0.1,5938.57,Completed
O006371,C01143,2026-05-15,Beauty,904.89,0.05,859.65,Completed
O006372,C01144,2026-05-14,Home,2462.16,0.05,2339.05,Completed
O006373,C01144,2025-12-06,Grocery,642.64,0.1,578.38,Completed
O006374,C01144,2025-06-06,Home,3426.19,0.1,3083.57,Completed
O006375,C01144,2026-04-13,Electronics,10601.85,0.05,10071.76,Completed
O006376,C01144,2025-05-03,Beauty,1009.02,0.1,908.12,Completed
O006377,C01145,2026-05-30,Beauty,445.77,0.05,423.48,Completed
O006378,C01145,2026-03-01,Sports,2883.71,0.1,2595.34,Completed
O006379,C01145,2026-05-13,Beauty,1053.77,0.0,1053.77,Completed
O006380,C01146,2026-05-26,Sports,2449.64,0.05,2327.16,Completed
O006381,C01146,2026-05-26,Beauty,1922.05,0.0,1922.05,Completed
O006382,C01146,2026-06-21,Electronics,7011.75,0.1,6310.58,Completed
O006383,C01146,2026-06-08,Beauty,1245.0,0.0,1245.0,Completed
O006384,C01146,2026-06-05,Grocery,584.43,0.1,525.99,Cancelled
O006385,C01146,2026-06-24,Electronics,8581.98,0.0,8581.98,Completed
O006386,C01147,2026-01-27,Grocery,852.47,0.1,767.22,Completed
O006387,C01147,2025-09-21,Home,2386.37,0.1,2147.73,Completed
O006388,C01147,2026-04-09,Home,2830.36,0.0,2830.36,Completed
O006389,C01147,2025-11-22,Beauty,1650.57,0.05,1568.04,Completed
O006390,C01147,2026-05-23,Electronics,2889.57,0.1,2600.61,Returned
O006391,C01147,2026-01-14,Grocery,869.23,0.05,825.77,Completed
O006392,C01148,2026-06-25,Sports,1785.4,0.0,1785.4,Completed
O006393,C01149,2026-02-23,Home,3286.69,0.0,3286.69,Completed
O006394,C01149,2026-06-01,Electronics,8735.53,0.1,7861.98,Completed
O006395,C01149,2026-01-11,Sports,2439.26,0.1,2195.33,Completed
O006396,C01149,2026-05-05,Electronics,6810.48,0.05,6469.96,Completed
O006397,C01149,2026-02-01,Grocery,1271.42,0.1,1144.28,Returned
O006398,C01149,2026-03-18,Grocery,1211.43,0.05,1150.86,Completed
O006399,C01149,2026-01-06,Beauty,1756.4,0.0,1756.4,Completed
O006400,C01150,2026-06-20,Beauty,1588.43,0.05,1509.01,Completed
O006401,C01150,2026-06-17,Beauty,1759.12,0.05,1671.16,Returned
O006402,C01150,2026-04-15,Grocery,837.28,0.05,795.42,Completed
O006403,C01150,2026-04-18,Beauty,442.09,0.05,419.99,Completed
O006404,C01150,2026-04-04,Home,3020.88,0.0,3020.88,Completed
O006405,C01150,2026-03-01,Grocery,728.31,0.1,655.48,Completed
O006406,C01150,2026-05-01,Beauty,889.39,0.1,800.45,Cancelled
O006407,C01150,2026-06-10,Grocery,686.38,0.0,686.38,Completed
O006408,C01150,2026-03-11,Sports,482.31,0.1,434.08,Completed
O006409,C01150,2026-06-05,Sports,1854.92,0.15,1576.68,Completed
O006410,C01150,2026-05-07,Beauty,835.23,0.2,668.18,Returned
O006411,C01150,2026-04-01,Electronics,7721.38,0.05,7335.31,Completed
O006412,C01150,2026-06-28,Electronics,918.16,0.0,918.16,Completed
O006413,C01150,2026-04-28,Home,2560.59,0.0,2560.59,Completed
O006414,C01151,2026-06-05,Home,2479.27,0.2,1983.42,Completed
O006415,C01151,2026-06-19,Beauty,1106.54,0.05,1051.21,Completed
O006416,C01151,2026-06-28,Home,3858.86,0.15,3280.03,Completed
O006417,C01151,2026-04-24,Sports,2761.24,0.0,2761.24,Completed
O006418,C01151,2026-04-20,Electronics,8324.06,0.1,7491.65,Completed
O006419,C01151,2026-04-22,Electronics,10118.38,0.15,8600.62,Completed
O006420,C01152,2025-09-27,Electronics,7012.08,0.15,5960.27,Completed
O006421,C01152,2025-05-29,Beauty,1412.67,0.15,1200.77,Completed
O006422,C01152,2026-04-05,Grocery,1311.1,0.15,1114.44,Completed
O006423,C01152,2025-04-11,Electronics,5747.34,0.0,5747.34,Completed
O006424,C01152,2025-10-15,Beauty,1571.63,0.1,1414.47,Completed
O006425,C01152,2025-02-09,Sports,2323.38,0.1,2091.04,Completed
O006426,C01153,2026-05-03,Electronics,6194.33,0.0,6194.33,Completed
O006427,C01153,2026-03-25,Beauty,1468.88,0.05,1395.44,Completed
O006428,C01153,2026-04-05,Beauty,977.55,0.1,879.8,Completed
O006429,C01154,2026-04-10,Grocery,1067.6,0.15,907.46,Completed
O006430,C01154,2026-06-20,Home,4493.71,0.2,3594.97,Completed
O006431,C01154,2026-02-19,Beauty,1339.74,0.0,1339.74,Completed
O006432,C01154,2026-03-05,Home,3117.24,0.1,2805.52,Completed
O006433,C01154,2026-05-18,Grocery,1043.14,0.0,1043.14,Completed
O006434,C01154,2026-02-17,Beauty,2119.11,0.15,1801.24,Completed
O006435,C01155,2025-11-09,Electronics,3956.52,0.05,3758.69,Completed
O006436,C01155,2026-03-19,Beauty,1246.5,0.15,1059.52,Completed
O006437,C01155,2025-11-24,Sports,2952.24,0.0,2952.24,Completed
O006438,C01155,2026-02-21,Sports,2330.73,0.1,2097.66,Completed
O006439,C01155,2025-09-08,Beauty,1405.36,0.05,1335.09,Completed
O006440,C01155,2025-12-21,Grocery,502.33,0.2,401.86,Completed
O006441,C01155,2025-12-26,Home,2477.52,0.15,2105.89,Completed
O006442,C01155,2026-05-04,Sports,2496.45,0.15,2121.98,Completed
O006443,C01156,2025-12-31,Grocery,778.79,0.15,661.97,Completed
O006444,C01156,2025-09-28,Home,5194.34,0.0,5194.34,Returned
O006445,C01156,2025-11-24,Home,3239.69,0.0,3239.69,Completed
O006446,C01156,2026-02-17,Grocery,633.83,0.1,570.45,Completed
O006447,C01156,2025-10-29,Beauty,784.47,0.1,706.02,Completed
O006448,C01156,2025-12-22,Electronics,2041.09,0.0,2041.09,Returned
O006449,C01156,2025-12-18,Grocery,335.56,0.05,318.78,Completed
O006450,C01156,2026-06-05,Sports,1464.02,0.0,1464.02,Completed
O006451,C01156,2026-04-24,Home,2372.7,0.05,2254.06,Completed
O006452,C01156,2026-01-27,Sports,1829.82,0.1,1646.84,Completed
O006453,C01156,2025-09-06,Home,2699.86,0.1,2429.87,Completed
O006454,C01157,2026-06-08,Sports,2460.72,0.05,2337.68,Completed
O006455,C01157,2026-02-19,Grocery,844.32,0.15,717.67,Completed
O006456,C01157,2026-03-14,Sports,1508.58,0.05,1433.15,Completed
O006457,C01158,2025-12-26,Sports,1268.7,0.1,1141.83,Completed
O006458,C01158,2026-02-21,Sports,2032.57,0.05,1930.94,Completed
O006459,C01158,2026-01-24,Sports,1706.5,0.05,1621.18,Completed
O006460,C01158,2025-07-12,Grocery,928.67,0.0,928.67,Completed
O006461,C01158,2025-07-11,Sports,2159.71,0.2,1727.77,Completed
O006462,C01158,2025-08-12,Home,3561.02,0.1,3204.92,Completed
O006463,C01159,2025-12-10,Home,3553.82,0.15,3020.75,Completed
O006464,C01159,2026-02-21,Home,1221.66,0.15,1038.41,Completed
O006465,C01159,2025-12-01,Electronics,8972.4,0.0,8972.4,Completed
O006466,C01159,2026-03-13,Home,3674.48,0.05,3490.76,Completed
O006467,C01159,2026-03-23,Electronics,8558.34,0.0,8558.34,Completed
O006468,C01159,2026-05-23,Grocery,1195.93,0.15,1016.54,Completed
O006469,C01159,2026-05-21,Electronics,8928.71,0.05,8482.27,Completed
O006470,C01159,2025-05-01,Electronics,8077.45,0.1,7269.7,Completed
O006471,C01160,2025-08-08,Electronics,13311.13,0.0,13311.13,Completed
O006472,C01160,2025-09-09,Grocery,750.23,0.0,750.23,Completed
O006473,C01160,2025-05-11,Beauty,760.56,0.05,722.53,Completed
O006474,C01160,2026-01-06,Sports,2201.73,0.0,2201.73,Cancelled
O006475,C01160,2026-03-11,Beauty,1501.44,0.0,1501.44,Completed
O006476,C01160,2026-06-08,Electronics,5095.26,0.15,4330.97,Completed
O006477,C01161,2026-02-24,Grocery,509.27,0.1,458.34,Completed
O006478,C01161,2026-06-03,Electronics,2465.31,0.0,2465.31,Completed
O006479,C01161,2026-03-17,Grocery,682.24,0.0,682.24,Completed
O006480,C01161,2026-03-01,Grocery,874.41,0.0,874.41,Completed
O006481,C01161,2026-05-30,Home,3090.88,0.1,2781.79,Completed
O006482,C01162,2026-03-31,Home,2768.63,0.1,2491.77,Completed
O006483,C01162,2026-04-20,Beauty,1283.38,0.1,1155.04,Completed
O006484,C01163,2025-08-11,Sports,2100.2,0.1,1890.18,Completed
O006485,C01163,2026-06-23,Home,3810.53,0.1,3429.48,Completed
O006486,C01163,2025-10-05,Electronics,5094.34,0.15,4330.19,Completed
O006487,C01163,2025-08-08,Home,2736.35,0.05,2599.53,Completed
O006488,C01164,2026-04-12,Electronics,11513.76,0.0,11513.76,Completed
O006489,C01164,2026-02-28,Electronics,6180.65,0.0,6180.65,Completed
O006490,C01164,2025-10-11,Home,2039.98,0.0,2039.98,Completed
O006491,C01164,2025-07-30,Sports,2082.79,0.0,2082.79,Completed
O006492,C01165,2025-01-29,Grocery,1546.05,0.1,1391.44,Completed
O006493,C01165,2026-04-03,Sports,676.22,0.15,574.79,Completed
O006494,C01165,2025-03-01,Electronics,4905.45,0.2,3924.36,Completed
O006495,C01166,2025-11-16,Sports,1273.43,0.05,1209.76,Completed
O006496,C01166,2026-02-18,Home,4551.05,0.0,4551.05,Completed
O006497,C01166,2025-10-14,Grocery,962.41,0.0,962.41,Completed
O006498,C01166,2025-10-27,Grocery,1493.02,0.05,1418.37,Completed
O006499,C01166,2026-05-30,Sports,3319.42,0.15,2821.51,Completed
O006500,C01166,2026-05-18,Grocery,1097.12,0.0,1097.12,Completed
O006501,C01166,2025-08-18,Sports,1791.33,0.15,1522.63,Completed
O006502,C01166,2025-08-29,Electronics,6043.45,0.05,5741.28,Completed
O006503,C01167,2026-05-06,Home,1695.83,0.0,1695.83,Completed
O006504,C01167,2026-05-13,Home,3043.38,0.0,3043.38,Completed
O006505,C01167,2026-06-17,Grocery,976.15,0.0,976.15,Completed
O006506,C01167,2026-05-08,Sports,2057.18,0.0,2057.18,Completed
O006507,C01167,2026-06-13,Beauty,1299.26,0.15,1104.37,Completed
O006508,C01167,2026-05-20,Electronics,5529.43,0.15,4700.02,Completed
O006509,C01167,2026-06-27,Sports,1022.67,0.1,920.4,Cancelled
O006510,C01168,2026-05-10,Beauty,1277.18,0.0,1277.18,Completed
O006511,C01169,2026-05-24,Sports,1468.56,0.05,1395.13,Completed
O006512,C01170,2026-03-15,Sports,1364.42,0.1,1227.98,Completed
O006513,C01170,2026-06-02,Sports,2323.08,0.0,2323.08,Completed
O006514,C01171,2025-10-06,Electronics,6142.82,0.1,5528.54,Completed
O006515,C01171,2025-12-15,Sports,1032.6,0.1,929.34,Completed
O006516,C01171,2025-09-22,Grocery,782.84,0.0,782.84,Completed
O006517,C01171,2026-02-07,Electronics,150.0,0.15,127.5,Completed
O006518,C01171,2026-05-16,Beauty,2726.89,0.1,2454.2,Completed
O006519,C01171,2025-08-09,Grocery,1306.14,0.15,1110.22,Completed
O006520,C01172,2026-02-25,Electronics,11294.58,0.0,11294.58,Completed
O006521,C01172,2026-01-10,Home,3689.31,0.15,3135.91,Completed
O006522,C01172,2026-03-09,Sports,3462.35,0.0,3462.35,Completed
O006523,C01172,2025-12-01,Electronics,2456.84,0.1,2211.16,Returned
O006524,C01172,2025-10-02,Beauty,1412.57,0.1,1271.31,Completed
O006525,C01172,2026-03-26,Grocery,589.57,0.15,501.13,Completed
O006526,C01172,2025-10-28,Beauty,902.75,0.0,902.75,Completed
O006527,C01172,2026-04-07,Sports,1393.68,0.1,1254.31,Completed
O006528,C01173,2026-05-12,Electronics,8073.2,0.1,7265.88,Completed
O006529,C01173,2025-11-20,Home,2191.8,0.05,2082.21,Completed
O006530,C01173,2026-02-19,Grocery,543.62,0.05,516.44,Completed
O006531,C01173,2026-02-12,Sports,1454.12,0.0,1454.12,Cancelled
O006532,C01174,2025-10-04,Beauty,1371.95,0.05,1303.35,Completed
O006533,C01174,2026-06-27,Beauty,1109.89,0.0,1109.89,Completed
O006534,C01174,2026-02-11,Electronics,8928.23,0.1,8035.41,Completed
O006535,C01174,2026-06-20,Sports,1101.37,0.15,936.16,Completed
O006536,C01174,2026-02-02,Sports,3956.37,0.0,3956.37,Completed
O006537,C01174,2026-05-31,Home,2240.07,0.15,1904.06,Completed
O006538,C01175,2026-03-20,Grocery,1397.96,0.0,1397.96,Completed
O006539,C01175,2026-05-02,Grocery,975.37,0.0,975.37,Completed
O006540,C01175,2025-10-09,Home,1995.62,0.05,1895.84,Completed
O006541,C01175,2026-05-22,Beauty,1489.85,0.1,1340.86,Completed
O006542,C01175,2026-03-27,Grocery,909.18,0.0,909.18,Completed
O006543,C01176,2025-12-03,Grocery,549.42,0.1,494.48,Completed
O006544,C01176,2026-04-20,Sports,1072.37,0.1,965.13,Completed
O006545,C01176,2025-07-12,Electronics,8261.93,0.05,7848.83,Completed
O006546,C01176,2025-06-23,Home,3646.19,0.0,3646.19,Completed
O006547,C01176,2025-10-04,Electronics,6708.55,0.15,5702.27,Completed
O006548,C01177,2025-11-29,Sports,2599.99,0.0,2599.99,Completed
O006549,C01177,2026-06-06,Beauty,1199.74,0.0,1199.74,Completed
O006550,C01177,2026-02-01,Home,3080.97,0.0,3080.97,Completed
O006551,C01177,2025-11-28,Home,2467.84,0.1,2221.06,Completed
O006552,C01177,2026-04-20,Sports,1987.08,0.1,1788.37,Completed
O006553,C01177,2025-11-07,Electronics,6237.14,0.15,5301.57,Completed
O006554,C01177,2026-02-11,Electronics,7581.73,0.0,7581.73,Completed
O006555,C01177,2025-10-25,Electronics,4653.76,0.0,4653.76,Completed
O006556,C01178,2026-02-21,Beauty,1599.75,0.15,1359.79,Completed
O006557,C01178,2026-04-04,Electronics,819.78,0.15,696.81,Cancelled
O006558,C01178,2026-06-24,Home,1648.37,0.0,1648.37,Completed
O006559,C01178,2026-01-21,Electronics,7867.01,0.05,7473.66,Completed
O006560,C01178,2026-04-27,Sports,2440.98,0.05,2318.93,Completed
O006561,C01178,2026-02-04,Home,1551.98,0.0,1551.98,Completed
O006562,C01179,2026-06-30,Home,2471.61,0.1,2224.45,Cancelled
O006563,C01179,2026-03-30,Beauty,1452.82,0.1,1307.54,Returned
O006564,C01179,2026-06-13,Sports,3069.59,0.0,3069.59,Completed
O006565,C01179,2026-04-22,Home,3389.25,0.0,3389.25,Completed
O006566,C01179,2026-03-31,Home,2440.22,0.1,2196.2,Completed
O006567,C01179,2026-05-30,Grocery,961.11,0.15,816.94,Completed
O006568,C01180,2026-03-06,Electronics,3779.26,0.05,3590.3,Completed
O006569,C01180,2026-06-14,Electronics,5739.14,0.05,5452.18,Completed
O006570,C01180,2026-06-26,Electronics,4086.59,0.05,3882.26,Returned
O006571,C01180,2026-03-09,Electronics,6570.19,0.05,6241.68,Completed
O006572,C01181,2025-08-25,Electronics,9881.02,0.05,9386.97,Completed
O006573,C01181,2025-12-16,Sports,1641.48,0.0,1641.48,Completed
O006574,C01181,2026-04-01,Grocery,1182.43,0.05,1123.31,Completed
O006575,C01182,2026-06-16,Electronics,7537.58,0.0,7537.58,Completed
O006576,C01182,2026-02-02,Home,3191.14,0.1,2872.03,Completed
O006577,C01183,2026-02-21,Grocery,533.04,0.0,533.04,Completed
O006578,C01183,2025-11-18,Home,3776.97,0.0,3776.97,Completed
O006579,C01183,2026-05-09,Home,3475.22,0.05,3301.46,Completed
O006580,C01183,2025-12-26,Sports,2574.18,0.0,2574.18,Completed
O006581,C01183,2025-11-20,Beauty,947.65,0.05,900.27,Completed
O006582,C01184,2026-05-23,Grocery,1378.28,0.1,1240.45,Completed
O006583,C01184,2026-06-18,Home,3497.19,0.05,3322.33,Completed
O006584,C01184,2026-04-16,Sports,2203.84,0.0,2203.84,Completed
O006585,C01184,2026-06-01,Sports,2036.24,0.05,1934.43,Returned
O006586,C01184,2026-04-17,Grocery,1753.42,0.0,1753.42,Completed
O006587,C01184,2026-04-18,Home,3805.62,0.05,3615.34,Completed
O006588,C01184,2026-06-13,Beauty,2657.8,0.15,2259.13,Completed
O006589,C01184,2026-04-20,Electronics,11291.09,0.0,11291.09,Completed
O006590,C01185,2025-12-09,Home,3175.22,0.1,2857.7,Completed
O006591,C01185,2025-04-24,Grocery,441.42,0.1,397.28,Completed
O006592,C01185,2025-12-30,Beauty,1907.4,0.0,1907.4,Completed
O006593,C01185,2025-04-09,Home,1855.62,0.2,1484.5,Completed
O006594,C01185,2026-05-23,Beauty,1249.84,0.1,1124.86,Completed
O006595,C01185,2026-05-27,Beauty,1263.91,0.15,1074.32,Completed
O006596,C01186,2026-02-20,Beauty,1858.14,0.0,1858.14,Completed
O006597,C01186,2025-09-08,Home,2787.78,0.05,2648.39,Completed
O006598,C01186,2025-12-30,Electronics,5245.16,0.0,5245.16,Completed
O006599,C01187,2025-09-05,Grocery,1056.43,0.05,1003.61,Completed
O006600,C01187,2026-05-28,Beauty,924.53,0.2,739.62,Cancelled
O006601,C01188,2025-12-05,Grocery,1260.24,0.05,1197.23,Completed
O006602,C01188,2025-06-13,Grocery,778.19,0.0,778.19,Completed
O006603,C01188,2026-05-07,Electronics,7061.01,0.0,7061.01,Completed
O006604,C01188,2026-03-09,Sports,952.99,0.2,762.39,Returned
O006605,C01188,2025-09-26,Electronics,8366.75,0.15,7111.74,Completed
O006606,C01188,2025-05-31,Beauty,1538.64,0.05,1461.71,Returned
O006607,C01189,2026-02-04,Beauty,1011.42,0.1,910.28,Completed
O006608,C01189,2025-10-14,Beauty,1926.43,0.05,1830.11,Completed
O006609,C01189,2025-08-03,Home,3932.87,0.0,3932.87,Completed
O006610,C01189,2025-10-16,Grocery,1025.25,0.0,1025.25,Completed
O006611,C01189,2025-12-19,Electronics,10393.21,0.0,10393.21,Completed
O006612,C01189,2025-11-01,Sports,649.22,0.1,584.3,Completed
O006613,C01190,2026-01-04,Grocery,576.52,0.0,576.52,Completed
O006614,C01190,2026-05-22,Electronics,4789.97,0.05,4550.47,Completed
O006615,C01190,2026-03-15,Electronics,5807.39,0.0,5807.39,Completed
O006616,C01190,2026-04-02,Grocery,1218.15,0.0,1218.15,Completed
O006617,C01190,2026-06-24,Grocery,1083.23,0.05,1029.07,Completed
O006618,C01190,2026-01-06,Grocery,1152.44,0.15,979.57,Completed
O006619,C01190,2026-04-18,Home,2537.94,0.05,2411.04,Completed
O006620,C01191,2025-10-05,Electronics,5874.9,0.05,5581.16,Completed
O006621,C01191,2025-07-12,Electronics,4552.87,0.2,3642.3,Completed
O006622,C01191,2026-01-29,Grocery,1372.93,0.1,1235.64,Returned
O006623,C01192,2025-08-09,Beauty,2120.27,0.1,1908.24,Completed
O006624,C01192,2025-11-22,Sports,3018.55,0.15,2565.77,Completed
O006625,C01192,2025-09-18,Home,3115.95,0.0,3115.95,Completed
O006626,C01192,2025-04-26,Electronics,6484.72,0.1,5836.25,Completed
O006627,C01192,2025-04-29,Home,3916.6,0.0,3916.6,Completed
O006628,C01192,2026-01-14,Grocery,726.59,0.1,653.93,Completed
O006629,C01192,2026-06-30,Sports,2702.12,0.05,2567.01,Completed
O006630,C01193,2026-04-27,Electronics,7425.48,0.05,7054.21,Completed
O006631,C01193,2026-02-19,Sports,3025.86,0.0,3025.86,Completed
O006632,C01193,2025-06-08,Sports,3193.35,0.05,3033.68,Completed
O006633,C01193,2026-06-09,Sports,1628.21,0.0,1628.21,Completed
O006634,C01193,2026-05-04,Home,3008.05,0.1,2707.25,Completed
O006635,C01193,2025-12-19,Sports,1405.85,0.0,1405.85,Completed
O006636,C01194,2026-01-24,Home,2775.05,0.05,2636.3,Completed
O006637,C01194,2025-06-16,Sports,3094.68,0.15,2630.48,Completed
O006638,C01194,2025-06-17,Grocery,1112.36,0.05,1056.74,Cancelled
O006639,C01194,2025-10-23,Beauty,1041.57,0.1,937.41,Completed
O006640,C01194,2025-07-26,Beauty,1054.31,0.05,1001.59,Completed
O006641,C01194,2025-11-27,Electronics,7159.1,0.05,6801.14,Completed
O006642,C01194,2025-08-17,Home,1619.93,0.0,1619.93,Completed
O006643,C01194,2025-06-04,Grocery,553.73,0.0,553.73,Completed
O006644,C01194,2025-04-23,Home,1530.88,0.05,1454.34,Completed
O006645,C01194,2025-11-15,Grocery,758.05,0.1,682.24,Completed
O006646,C01194,2026-02-02,Electronics,6743.21,0.1,6068.89,Completed
O006647,C01194,2026-06-02,Electronics,3954.55,0.05,3756.82,Completed
O006648,C01195,2026-06-30,Home,495.8,0.0,495.8,Completed
O006649,C01195,2025-07-26,Electronics,8205.02,0.1,7384.52,Completed
O006650,C01195,2025-07-26,Home,4610.72,0.05,4380.18,Completed
O006651,C01195,2026-02-06,Home,3103.47,0.2,2482.78,Completed
O006652,C01196,2026-01-05,Electronics,6178.41,0.0,6178.41,Completed
O006653,C01196,2026-01-13,Beauty,1636.06,0.15,1390.65,Completed
O006654,C01196,2026-03-28,Home,1961.28,0.05,1863.22,Completed
O006655,C01196,2026-01-07,Home,2394.5,0.05,2274.78,Completed
O006656,C01197,2026-05-28,Sports,1718.34,0.05,1632.42,Completed
O006657,C01197,2026-04-25,Electronics,7057.32,0.05,6704.45,Completed
O006658,C01197,2026-06-10,Electronics,5162.56,0.1,4646.3,Completed
O006659,C01197,2026-01-12,Beauty,946.48,0.15,804.51,Completed
O006660,C01197,2026-05-12,Home,2779.77,0.0,2779.77,Completed
O006661,C01197,2026-04-29,Beauty,2243.85,0.05,2131.66,Completed
O006662,C01198,2026-03-12,Sports,1269.47,0.1,1142.52,Completed
O006663,C01198,2026-04-02,Beauty,1885.62,0.0,1885.62,Completed
O006664,C01198,2026-06-05,Beauty,1762.94,0.2,1410.35,Completed
O006665,C01198,2026-03-18,Grocery,964.7,0.05,916.46,Completed
O006666,C01198,2026-03-24,Beauty,1788.45,0.1,1609.6,Completed
O006667,C01198,2026-06-02,Grocery,1168.24,0.05,1109.83,Completed
O006668,C01199,2026-02-26,Electronics,7885.84,0.05,7491.55,Completed
O006669,C01199,2026-04-29,Sports,2147.63,0.2,1718.1,Completed
O006670,C01199,2026-06-04,Beauty,1946.03,0.15,1654.13,Completed
O006671,C01200,2026-01-14,Home,3093.38,0.0,3093.38,Completed
O006672,C01200,2026-01-29,Grocery,595.7,0.0,595.7,Completed
O006673,C01200,2026-02-22,Beauty,2426.57,0.0,2426.57,Completed
O006674,C01200,2026-05-15,Home,3375.41,0.15,2869.1,Completed
